occp,socp,official_description,original_soc,raw_components,component_rows,nested_composites,root_excel_row,documented_detailed_members,rated_soc_members,fully_rated_soc_members,unrated_soc_members,partially_rated_soc_members,score_incomplete_soc_members,invalid_source_members,n_detailed_members,n_rated_members,n_fully_rated_members,membership_status,source_level,mapping_status,aggregation_rule,ambiguity_status,major_group,terminal_all_other_members,unscored_onet_members,source_documentation,release_status,beta_available_soc_diagnostic,beta_primary,beta_equal_onet_children,beta_member_min,beta_member_max,beta_lower,beta_upper,correction_candidate
0010,1110XX,Chief executives and legislators,11-10XX,"[""11-1011"", ""11-1031""]","[19, 20]",[],17,"[""11-1011"", ""11-1031""]","[""11-1011"", ""11-1031""]","[""11-1011"", ""11-1031""]",[],[],[],[],2,2,2,COMPLETE_DOCUMENTED,Census composite X/Y,covered,"Equal rated O*NET children within detailed SOC, then equal detailed SOC members; fully rated groups only",UNKNOWN_INTERNAL_EMPLOYMENT_SHARES,11,[],[],"{""pums_url"": ""https://www2.census.gov/programs-surveys/demo/guidance/industry-occupation/2018-ACS-PUMS-and-2018-SIPP-Public-Use-Occupation-Code-List.xlsx"", ""pums_sheet"": ""ACS"", ""bls_url"": ""https://www.bls.gov/soc/2018/soc_structure_2018.pdf"", ""onet_url"": ""https://www.onetcenter.org/taxonomy/2019/soc/2019_to_SOC_Crosswalk.xlsx?fmt=xlsx""}",PROVISIONAL_AUDIT_NOT_FINAL,0.4538888888888889,0.4538888888888889,0.4718518518518519,0.4,0.5555555555555556,0.4538888888888889,0.4538888888888889,
0020,111021,General and operations managers,11-1021,"[""11-1021""]",[21],[],21,"[""11-1021""]","[""11-1021""]","[""11-1021""]",[],[],[],[],1,1,1,COMPLETE_DOCUMENTED,detailed,covered,"Equal rated O*NET children within detailed SOC, then equal detailed SOC members; fully rated groups only",SINGLE_RATED_MEMBER,11,[],[],"{""pums_url"": ""https://www2.census.gov/programs-surveys/demo/guidance/industry-occupation/2018-ACS-PUMS-and-2018-SIPP-Public-Use-Occupation-Code-List.xlsx"", ""pums_sheet"": ""ACS"", ""bls_url"": ""https://www.bls.gov/soc/2018/soc_structure_2018.pdf"", ""onet_url"": ""https://www.onetcenter.org/taxonomy/2019/soc/2019_to_SOC_Crosswalk.xlsx?fmt=xlsx""}",PROVISIONAL_AUDIT_NOT_FINAL,0.4807692307692308,0.4807692307692308,0.4807692307692308,0.4807692307692308,0.4807692307692308,0.4807692307692308,0.4807692307692308,
0040,112011,Advertising and promotions managers,11-2011,"[""11-2011""]",[22],[],22,"[""11-2011""]","[""11-2011""]","[""11-2011""]",[],[],[],[],1,1,1,COMPLETE_DOCUMENTED,detailed,covered,"Equal rated O*NET children within detailed SOC, then equal detailed SOC members; fully rated groups only",SINGLE_RATED_MEMBER,11,[],[],"{""pums_url"": ""https://www2.census.gov/programs-surveys/demo/guidance/industry-occupation/2018-ACS-PUMS-and-2018-SIPP-Public-Use-Occupation-Code-List.xlsx"", ""pums_sheet"": ""ACS"", ""bls_url"": ""https://www.bls.gov/soc/2018/soc_structure_2018.pdf"", ""onet_url"": ""https://www.onetcenter.org/taxonomy/2019/soc/2019_to_SOC_Crosswalk.xlsx?fmt=xlsx""}",PROVISIONAL_AUDIT_NOT_FINAL,0.4767441860465116,0.4767441860465116,0.4767441860465116,0.4767441860465116,0.4767441860465116,0.4767441860465116,0.4767441860465116,
0051,112021,Marketing managers,11-2021,"[""11-2021""]",[23],[],23,"[""11-2021""]","[""11-2021""]","[""11-2021""]",[],[],[],[],1,1,1,COMPLETE_DOCUMENTED,detailed,covered,"Equal rated O*NET children within detailed SOC, then equal detailed SOC members; fully rated groups only",SINGLE_RATED_MEMBER,11,[],[],"{""pums_url"": ""https://www2.census.gov/programs-surveys/demo/guidance/industry-occupation/2018-ACS-PUMS-and-2018-SIPP-Public-Use-Occupation-Code-List.xlsx"", ""pums_sheet"": ""ACS"", ""bls_url"": ""https://www.bls.gov/soc/2018/soc_structure_2018.pdf"", ""onet_url"": ""https://www.onetcenter.org/taxonomy/2019/soc/2019_to_SOC_Crosswalk.xlsx?fmt=xlsx""}",PROVISIONAL_AUDIT_NOT_FINAL,0.5,0.5,0.5,0.5,0.5,0.5,0.5,
0052,112022,Sales managers,11-2022,"[""11-2022""]",[24],[],24,"[""11-2022""]","[""11-2022""]","[""11-2022""]",[],[],[],[],1,1,1,COMPLETE_DOCUMENTED,detailed,covered,"Equal rated O*NET children within detailed SOC, then equal detailed SOC members; fully rated groups only",SINGLE_RATED_MEMBER,11,[],[],"{""pums_url"": ""https://www2.census.gov/programs-surveys/demo/guidance/industry-occupation/2018-ACS-PUMS-and-2018-SIPP-Public-Use-Occupation-Code-List.xlsx"", ""pums_sheet"": ""ACS"", ""bls_url"": ""https://www.bls.gov/soc/2018/soc_structure_2018.pdf"", ""onet_url"": ""https://www.onetcenter.org/taxonomy/2019/soc/2019_to_SOC_Crosswalk.xlsx?fmt=xlsx""}",PROVISIONAL_AUDIT_NOT_FINAL,0.45,0.45,0.45,0.45,0.45,0.45,0.45,
0060,112030,Public relations and fundraising managers,11-2030,"[""11-2030""]",[25],[],25,"[""11-2032"", ""11-2033""]","[""11-2032"", ""11-2033""]","[""11-2032"", ""11-2033""]",[],[],[],[],2,2,2,COMPLETE_DOCUMENTED,broad,covered,"Equal rated O*NET children within detailed SOC, then equal detailed SOC members; fully rated groups only",UNKNOWN_INTERNAL_EMPLOYMENT_SHARES,11,[],[],"{""pums_url"": ""https://www2.census.gov/programs-surveys/demo/guidance/industry-occupation/2018-ACS-PUMS-and-2018-SIPP-Public-Use-Occupation-Code-List.xlsx"", ""pums_sheet"": ""ACS"", ""bls_url"": ""https://www.bls.gov/soc/2018/soc_structure_2018.pdf"", ""onet_url"": ""https://www.onetcenter.org/taxonomy/2019/soc/2019_to_SOC_Crosswalk.xlsx?fmt=xlsx""}",PROVISIONAL_AUDIT_NOT_FINAL,0.55625,0.55625,0.55625,0.55,0.5625,0.55625,0.55625,
0101,113012,Administrative services managers,11-3012,"[""11-3012""]",[26],[],26,"[""11-3012""]","[""11-3012""]","[""11-3012""]",[],[],[],[],1,1,1,COMPLETE_DOCUMENTED,detailed,covered,"Equal rated O*NET children within detailed SOC, then equal detailed SOC members; fully rated groups only",SINGLE_RATED_MEMBER,11,[],[],"{""pums_url"": ""https://www2.census.gov/programs-surveys/demo/guidance/industry-occupation/2018-ACS-PUMS-and-2018-SIPP-Public-Use-Occupation-Code-List.xlsx"", ""pums_sheet"": ""ACS"", ""bls_url"": ""https://www.bls.gov/soc/2018/soc_structure_2018.pdf"", ""onet_url"": ""https://www.onetcenter.org/taxonomy/2019/soc/2019_to_SOC_Crosswalk.xlsx?fmt=xlsx""}",PROVISIONAL_AUDIT_NOT_FINAL,0.3913043478260869,0.3913043478260869,0.3913043478260869,0.3913043478260869,0.3913043478260869,0.3913043478260869,0.3913043478260869,
0102,113013,Facilities managers,11-3013,"[""11-3013""]",[27],[],27,"[""11-3013""]","[""11-3013""]","[""11-3013""]",[],[],[],[],1,1,1,COMPLETE_DOCUMENTED,detailed,covered,"Equal rated O*NET children within detailed SOC, then equal detailed SOC members; fully rated groups only",UNKNOWN_INTERNAL_EMPLOYMENT_SHARES,11,[],[],"{""pums_url"": ""https://www2.census.gov/programs-surveys/demo/guidance/industry-occupation/2018-ACS-PUMS-and-2018-SIPP-Public-Use-Occupation-Code-List.xlsx"", ""pums_sheet"": ""ACS"", ""bls_url"": ""https://www.bls.gov/soc/2018/soc_structure_2018.pdf"", ""onet_url"": ""https://www.onetcenter.org/taxonomy/2019/soc/2019_to_SOC_Crosswalk.xlsx?fmt=xlsx""}",PROVISIONAL_AUDIT_NOT_FINAL,0.40016233766233766,0.40016233766233766,0.40016233766233766,0.3181818181818182,0.4821428571428571,0.40016233766233766,0.40016233766233766,
0110,113021,Computer and information systems managers,11-3021,"[""11-3021""]",[28],[],28,"[""11-3021""]","[""11-3021""]","[""11-3021""]",[],[],[],[],1,1,1,COMPLETE_DOCUMENTED,detailed,covered,"Equal rated O*NET children within detailed SOC, then equal detailed SOC members; fully rated groups only",SINGLE_RATED_MEMBER,11,[],[],"{""pums_url"": ""https://www2.census.gov/programs-surveys/demo/guidance/industry-occupation/2018-ACS-PUMS-and-2018-SIPP-Public-Use-Occupation-Code-List.xlsx"", ""pums_sheet"": ""ACS"", ""bls_url"": ""https://www.bls.gov/soc/2018/soc_structure_2018.pdf"", ""onet_url"": ""https://www.onetcenter.org/taxonomy/2019/soc/2019_to_SOC_Crosswalk.xlsx?fmt=xlsx""}",PROVISIONAL_AUDIT_NOT_FINAL,0.5303030303030303,0.5303030303030303,0.5303030303030303,0.5303030303030303,0.5303030303030303,0.5303030303030303,0.5303030303030303,
0120,113031,Financial managers,11-3031,"[""11-3031""]",[29],[],29,"[""11-3031""]","[""11-3031""]","[""11-3031""]",[],[],[],[],1,1,1,COMPLETE_DOCUMENTED,detailed,covered,"Equal rated O*NET children within detailed SOC, then equal detailed SOC members; fully rated groups only",UNKNOWN_INTERNAL_EMPLOYMENT_SHARES,11,[],[],"{""pums_url"": ""https://www2.census.gov/programs-surveys/demo/guidance/industry-occupation/2018-ACS-PUMS-and-2018-SIPP-Public-Use-Occupation-Code-List.xlsx"", ""pums_sheet"": ""ACS"", ""bls_url"": ""https://www.bls.gov/soc/2018/soc_structure_2018.pdf"", ""onet_url"": ""https://www.onetcenter.org/taxonomy/2019/soc/2019_to_SOC_Crosswalk.xlsx?fmt=xlsx""}",PROVISIONAL_AUDIT_NOT_FINAL,0.4850552306692657,0.4850552306692657,0.4850552306692657,0.4736842105263157,0.5,0.4850552306692657,0.4850552306692657,
0135,113111,Compensation and benefits managers,11-3111,"[""11-3111""]",[30],[],30,"[""11-3111""]","[""11-3111""]","[""11-3111""]",[],[],[],[],1,1,1,COMPLETE_DOCUMENTED,detailed,covered,"Equal rated O*NET children within detailed SOC, then equal detailed SOC members; fully rated groups only",SINGLE_RATED_MEMBER,11,[],[],"{""pums_url"": ""https://www2.census.gov/programs-surveys/demo/guidance/industry-occupation/2018-ACS-PUMS-and-2018-SIPP-Public-Use-Occupation-Code-List.xlsx"", ""pums_sheet"": ""ACS"", ""bls_url"": ""https://www.bls.gov/soc/2018/soc_structure_2018.pdf"", ""onet_url"": ""https://www.onetcenter.org/taxonomy/2019/soc/2019_to_SOC_Crosswalk.xlsx?fmt=xlsx""}",PROVISIONAL_AUDIT_NOT_FINAL,0.513157894736842,0.513157894736842,0.513157894736842,0.513157894736842,0.513157894736842,0.513157894736842,0.513157894736842,
0136,113121,Human resources managers,11-3121,"[""11-3121""]",[31],[],31,"[""11-3121""]","[""11-3121""]","[""11-3121""]",[],[],[],[],1,1,1,COMPLETE_DOCUMENTED,detailed,covered,"Equal rated O*NET children within detailed SOC, then equal detailed SOC members; fully rated groups only",SINGLE_RATED_MEMBER,11,[],[],"{""pums_url"": ""https://www2.census.gov/programs-surveys/demo/guidance/industry-occupation/2018-ACS-PUMS-and-2018-SIPP-Public-Use-Occupation-Code-List.xlsx"", ""pums_sheet"": ""ACS"", ""bls_url"": ""https://www.bls.gov/soc/2018/soc_structure_2018.pdf"", ""onet_url"": ""https://www.onetcenter.org/taxonomy/2019/soc/2019_to_SOC_Crosswalk.xlsx?fmt=xlsx""}",PROVISIONAL_AUDIT_NOT_FINAL,0.48,0.48,0.48,0.48,0.48,0.48,0.48,
0137,113131,Training and development managers,11-3131,"[""11-3131""]",[32],[],32,"[""11-3131""]","[""11-3131""]","[""11-3131""]",[],[],[],[],1,1,1,COMPLETE_DOCUMENTED,detailed,covered,"Equal rated O*NET children within detailed SOC, then equal detailed SOC members; fully rated groups only",SINGLE_RATED_MEMBER,11,[],[],"{""pums_url"": ""https://www2.census.gov/programs-surveys/demo/guidance/industry-occupation/2018-ACS-PUMS-and-2018-SIPP-Public-Use-Occupation-Code-List.xlsx"", ""pums_sheet"": ""ACS"", ""bls_url"": ""https://www.bls.gov/soc/2018/soc_structure_2018.pdf"", ""onet_url"": ""https://www.onetcenter.org/taxonomy/2019/soc/2019_to_SOC_Crosswalk.xlsx?fmt=xlsx""}",PROVISIONAL_AUDIT_NOT_FINAL,0.5,0.5,0.5,0.5,0.5,0.5,0.5,
0140,113051,Industrial production managers,11-3051,"[""11-3051""]",[33],[],33,"[""11-3051""]","[""11-3051""]","[""11-3051""]",[],[],[],[],1,1,1,COMPLETE_DOCUMENTED,detailed,covered,"Equal rated O*NET children within detailed SOC, then equal detailed SOC members; fully rated groups only",UNKNOWN_INTERNAL_EMPLOYMENT_SHARES,11,[],[],"{""pums_url"": ""https://www2.census.gov/programs-surveys/demo/guidance/industry-occupation/2018-ACS-PUMS-and-2018-SIPP-Public-Use-Occupation-Code-List.xlsx"", ""pums_sheet"": ""ACS"", ""bls_url"": ""https://www.bls.gov/soc/2018/soc_structure_2018.pdf"", ""onet_url"": ""https://www.onetcenter.org/taxonomy/2019/soc/2019_to_SOC_Crosswalk.xlsx?fmt=xlsx""}",PROVISIONAL_AUDIT_NOT_FINAL,0.40571870150289957,0.40571870150289957,0.40571870150289957,0.2857142857142857,0.5094339622641509,0.40571870150289957,0.40571870150289957,
0150,113061,Purchasing managers,11-3061,"[""11-3061""]",[34],[],34,"[""11-3061""]","[""11-3061""]","[""11-3061""]",[],[],[],[],1,1,1,COMPLETE_DOCUMENTED,detailed,covered,"Equal rated O*NET children within detailed SOC, then equal detailed SOC members; fully rated groups only",SINGLE_RATED_MEMBER,11,[],[],"{""pums_url"": ""https://www2.census.gov/programs-surveys/demo/guidance/industry-occupation/2018-ACS-PUMS-and-2018-SIPP-Public-Use-Occupation-Code-List.xlsx"", ""pums_sheet"": ""ACS"", ""bls_url"": ""https://www.bls.gov/soc/2018/soc_structure_2018.pdf"", ""onet_url"": ""https://www.onetcenter.org/taxonomy/2019/soc/2019_to_SOC_Crosswalk.xlsx?fmt=xlsx""}",PROVISIONAL_AUDIT_NOT_FINAL,0.5857142857142857,0.5857142857142857,0.5857142857142857,0.5857142857142857,0.5857142857142857,0.5857142857142857,0.5857142857142857,
0160,113071,"Transportation, storage, and distribution managers",11-3071,"[""11-3071""]",[35],[],35,"[""11-3071""]","[""11-3071""]","[""11-3071""]",[],[],[],[],1,1,1,COMPLETE_DOCUMENTED,detailed,covered,"Equal rated O*NET children within detailed SOC, then equal detailed SOC members; fully rated groups only",UNKNOWN_INTERNAL_EMPLOYMENT_SHARES,11,[],[],"{""pums_url"": ""https://www2.census.gov/programs-surveys/demo/guidance/industry-occupation/2018-ACS-PUMS-and-2018-SIPP-Public-Use-Occupation-Code-List.xlsx"", ""pums_sheet"": ""ACS"", ""bls_url"": ""https://www.bls.gov/soc/2018/soc_structure_2018.pdf"", ""onet_url"": ""https://www.onetcenter.org/taxonomy/2019/soc/2019_to_SOC_Crosswalk.xlsx?fmt=xlsx""}",PROVISIONAL_AUDIT_NOT_FINAL,0.486525974025974,0.486525974025974,0.486525974025974,0.4821428571428571,0.4909090909090909,0.486525974025974,0.486525974025974,
0205,119013,"Farmers, ranchers, and other agricultural managers",11-9013,"[""11-9013""]",[36],[],36,"[""11-9013""]","[""11-9013""]","[""11-9013""]",[],[],[],[],1,1,1,COMPLETE_DOCUMENTED,detailed,covered,"Equal rated O*NET children within detailed SOC, then equal detailed SOC members; fully rated groups only",SINGLE_RATED_MEMBER,11,[],[],"{""pums_url"": ""https://www2.census.gov/programs-surveys/demo/guidance/industry-occupation/2018-ACS-PUMS-and-2018-SIPP-Public-Use-Occupation-Code-List.xlsx"", ""pums_sheet"": ""ACS"", ""bls_url"": ""https://www.bls.gov/soc/2018/soc_structure_2018.pdf"", ""onet_url"": ""https://www.onetcenter.org/taxonomy/2019/soc/2019_to_SOC_Crosswalk.xlsx?fmt=xlsx""}",PROVISIONAL_AUDIT_NOT_FINAL,0.3673469387755101,0.3673469387755101,0.3673469387755101,0.3673469387755101,0.3673469387755101,0.3673469387755101,0.3673469387755101,
0220,119021,Construction managers,11-9021,"[""11-9021""]",[37],[],37,"[""11-9021""]","[""11-9021""]","[""11-9021""]",[],[],[],[],1,1,1,COMPLETE_DOCUMENTED,detailed,covered,"Equal rated O*NET children within detailed SOC, then equal detailed SOC members; fully rated groups only",SINGLE_RATED_MEMBER,11,[],[],"{""pums_url"": ""https://www2.census.gov/programs-surveys/demo/guidance/industry-occupation/2018-ACS-PUMS-and-2018-SIPP-Public-Use-Occupation-Code-List.xlsx"", ""pums_sheet"": ""ACS"", ""bls_url"": ""https://www.bls.gov/soc/2018/soc_structure_2018.pdf"", ""onet_url"": ""https://www.onetcenter.org/taxonomy/2019/soc/2019_to_SOC_Crosswalk.xlsx?fmt=xlsx""}",PROVISIONAL_AUDIT_NOT_FINAL,0.4444444444444445,0.4444444444444445,0.4444444444444445,0.4444444444444445,0.4444444444444445,0.4444444444444445,0.4444444444444445,
0230,119030,Education and childcare administrators,11-9030,"[""11-9030""]",[38],[],38,"[""11-9031"", ""11-9032"", ""11-9033"", ""11-9039""]","[""11-9031"", ""11-9032"", ""11-9033""]","[""11-9031"", ""11-9032"", ""11-9033""]","[""11-9039""]",[],"[""11-9039""]",[],4,3,3,COMPLETE_DOCUMENTED,broad,B_unrated_detailed_or_child,"Equal rated O*NET children within detailed SOC, then equal detailed SOC members; fully rated groups only",UNKNOWN_INTERNAL_EMPLOYMENT_SHARES,11,"[""11-9039""]","[""11-9039.00""]","{""pums_url"": ""https://www2.census.gov/programs-surveys/demo/guidance/industry-occupation/2018-ACS-PUMS-and-2018-SIPP-Public-Use-Occupation-Code-List.xlsx"", ""pums_sheet"": ""ACS"", ""bls_url"": ""https://www.bls.gov/soc/2018/soc_structure_2018.pdf"", ""onet_url"": ""https://www.onetcenter.org/taxonomy/2019/soc/2019_to_SOC_Crosswalk.xlsx?fmt=xlsx""}",PROVISIONAL_AUDIT_NOT_FINAL,,,,,,0.0,1.0,
0300,119041,Architectural and engineering managers,11-9041,"[""11-9041""]",[39],[],39,"[""11-9041""]","[""11-9041""]","[""11-9041""]",[],[],[],[],1,1,1,COMPLETE_DOCUMENTED,detailed,covered,"Equal rated O*NET children within detailed SOC, then equal detailed SOC members; fully rated groups only",UNKNOWN_INTERNAL_EMPLOYMENT_SHARES,11,[],[],"{""pums_url"": ""https://www2.census.gov/programs-surveys/demo/guidance/industry-occupation/2018-ACS-PUMS-and-2018-SIPP-Public-Use-Occupation-Code-List.xlsx"", ""pums_sheet"": ""ACS"", ""bls_url"": ""https://www.bls.gov/soc/2018/soc_structure_2018.pdf"", ""onet_url"": ""https://www.onetcenter.org/taxonomy/2019/soc/2019_to_SOC_Crosswalk.xlsx?fmt=xlsx""}",PROVISIONAL_AUDIT_NOT_FINAL,0.4426108374384236,0.4426108374384236,0.4426108374384236,0.4137931034482758,0.4714285714285714,0.4426108374384236,0.4426108374384236,
0310,119051,Food service managers,11-9051,"[""11-9051""]",[40],[],40,"[""11-9051""]","[""11-9051""]","[""11-9051""]",[],[],[],[],1,1,1,COMPLETE_DOCUMENTED,detailed,covered,"Equal rated O*NET children within detailed SOC, then equal detailed SOC members; fully rated groups only",SINGLE_RATED_MEMBER,11,[],[],"{""pums_url"": ""https://www2.census.gov/programs-surveys/demo/guidance/industry-occupation/2018-ACS-PUMS-and-2018-SIPP-Public-Use-Occupation-Code-List.xlsx"", ""pums_sheet"": ""ACS"", ""bls_url"": ""https://www.bls.gov/soc/2018/soc_structure_2018.pdf"", ""onet_url"": ""https://www.onetcenter.org/taxonomy/2019/soc/2019_to_SOC_Crosswalk.xlsx?fmt=xlsx""}",PROVISIONAL_AUDIT_NOT_FINAL,0.4166666666666666,0.4166666666666666,0.4166666666666666,0.4166666666666666,0.4166666666666666,0.4166666666666666,0.4166666666666666,
0335,119070,Entertainment and recreation managers,11-9070,"[""11-9070""]",[41],[],41,"[""11-9071"", ""11-9072""]","[""11-9071"", ""11-9072""]","[""11-9071"", ""11-9072""]",[],[],[],[],2,2,2,COMPLETE_DOCUMENTED,broad,covered,"Equal rated O*NET children within detailed SOC, then equal detailed SOC members; fully rated groups only",UNKNOWN_INTERNAL_EMPLOYMENT_SHARES,11,[],[],"{""pums_url"": ""https://www2.census.gov/programs-surveys/demo/guidance/industry-occupation/2018-ACS-PUMS-and-2018-SIPP-Public-Use-Occupation-Code-List.xlsx"", ""pums_sheet"": ""ACS"", ""bls_url"": ""https://www.bls.gov/soc/2018/soc_structure_2018.pdf"", ""onet_url"": ""https://www.onetcenter.org/taxonomy/2019/soc/2019_to_SOC_Crosswalk.xlsx?fmt=xlsx""}",PROVISIONAL_AUDIT_NOT_FINAL,0.463235294117647,0.463235294117647,0.463235294117647,0.3529411764705882,0.5735294117647058,0.463235294117647,0.463235294117647,
0340,119081,Lodging managers,11-9081,"[""11-9081""]",[42],[],42,"[""11-9081""]","[""11-9081""]","[""11-9081""]",[],[],[],[],1,1,1,COMPLETE_DOCUMENTED,detailed,covered,"Equal rated O*NET children within detailed SOC, then equal detailed SOC members; fully rated groups only",SINGLE_RATED_MEMBER,11,[],[],"{""pums_url"": ""https://www2.census.gov/programs-surveys/demo/guidance/industry-occupation/2018-ACS-PUMS-and-2018-SIPP-Public-Use-Occupation-Code-List.xlsx"", ""pums_sheet"": ""ACS"", ""bls_url"": ""https://www.bls.gov/soc/2018/soc_structure_2018.pdf"", ""onet_url"": ""https://www.onetcenter.org/taxonomy/2019/soc/2019_to_SOC_Crosswalk.xlsx?fmt=xlsx""}",PROVISIONAL_AUDIT_NOT_FINAL,0.4565217391304347,0.4565217391304347,0.4565217391304347,0.4565217391304347,0.4565217391304347,0.4565217391304347,0.4565217391304347,
0350,119111,Medical and health services managers,11-9111,"[""11-9111""]",[43],[],43,"[""11-9111""]","[""11-9111""]","[""11-9111""]",[],[],[],[],1,1,1,COMPLETE_DOCUMENTED,detailed,covered,"Equal rated O*NET children within detailed SOC, then equal detailed SOC members; fully rated groups only",SINGLE_RATED_MEMBER,11,[],[],"{""pums_url"": ""https://www2.census.gov/programs-surveys/demo/guidance/industry-occupation/2018-ACS-PUMS-and-2018-SIPP-Public-Use-Occupation-Code-List.xlsx"", ""pums_sheet"": ""ACS"", ""bls_url"": ""https://www.bls.gov/soc/2018/soc_structure_2018.pdf"", ""onet_url"": ""https://www.onetcenter.org/taxonomy/2019/soc/2019_to_SOC_Crosswalk.xlsx?fmt=xlsx""}",PROVISIONAL_AUDIT_NOT_FINAL,0.4285714285714285,0.4285714285714285,0.4285714285714285,0.4285714285714285,0.4285714285714285,0.4285714285714285,0.4285714285714285,
0360,119121,Natural sciences managers,11-9121,"[""11-9121""]",[44],[],44,"[""11-9121""]","[""11-9121""]","[""11-9121""]",[],[],[],[],1,1,1,COMPLETE_DOCUMENTED,detailed,covered,"Equal rated O*NET children within detailed SOC, then equal detailed SOC members; fully rated groups only",UNKNOWN_INTERNAL_EMPLOYMENT_SHARES,11,[],[],"{""pums_url"": ""https://www2.census.gov/programs-surveys/demo/guidance/industry-occupation/2018-ACS-PUMS-and-2018-SIPP-Public-Use-Occupation-Code-List.xlsx"", ""pums_sheet"": ""ACS"", ""bls_url"": ""https://www.bls.gov/soc/2018/soc_structure_2018.pdf"", ""onet_url"": ""https://www.onetcenter.org/taxonomy/2019/soc/2019_to_SOC_Crosswalk.xlsx?fmt=xlsx""}",PROVISIONAL_AUDIT_NOT_FINAL,0.5306967984934087,0.5306967984934087,0.5306967984934087,0.5,0.5666666666666667,0.5306967984934087,0.5306967984934087,
0410,119141,"Property, real estate, and community association managers",11-9141,"[""11-9141""]",[45],[],45,"[""11-9141""]","[""11-9141""]","[""11-9141""]",[],[],[],[],1,1,1,COMPLETE_DOCUMENTED,detailed,covered,"Equal rated O*NET children within detailed SOC, then equal detailed SOC members; fully rated groups only",SINGLE_RATED_MEMBER,11,[],[],"{""pums_url"": ""https://www2.census.gov/programs-surveys/demo/guidance/industry-occupation/2018-ACS-PUMS-and-2018-SIPP-Public-Use-Occupation-Code-List.xlsx"", ""pums_sheet"": ""ACS"", ""bls_url"": ""https://www.bls.gov/soc/2018/soc_structure_2018.pdf"", ""onet_url"": ""https://www.onetcenter.org/taxonomy/2019/soc/2019_to_SOC_Crosswalk.xlsx?fmt=xlsx""}",PROVISIONAL_AUDIT_NOT_FINAL,0.4431818181818182,0.4431818181818182,0.4431818181818182,0.4431818181818182,0.4431818181818182,0.4431818181818182,0.4431818181818182,
0420,119151,Social and community service managers,11-9151,"[""11-9151""]",[46],[],46,"[""11-9151""]","[""11-9151""]","[""11-9151""]",[],[],[],[],1,1,1,COMPLETE_DOCUMENTED,detailed,covered,"Equal rated O*NET children within detailed SOC, then equal detailed SOC members; fully rated groups only",SINGLE_RATED_MEMBER,11,[],[],"{""pums_url"": ""https://www2.census.gov/programs-surveys/demo/guidance/industry-occupation/2018-ACS-PUMS-and-2018-SIPP-Public-Use-Occupation-Code-List.xlsx"", ""pums_sheet"": ""ACS"", ""bls_url"": ""https://www.bls.gov/soc/2018/soc_structure_2018.pdf"", ""onet_url"": ""https://www.onetcenter.org/taxonomy/2019/soc/2019_to_SOC_Crosswalk.xlsx?fmt=xlsx""}",PROVISIONAL_AUDIT_NOT_FINAL,0.3928571428571428,0.3928571428571428,0.3928571428571428,0.3928571428571428,0.3928571428571428,0.3928571428571428,0.3928571428571428,
0425,119161,Emergency management directors,11-9161,"[""11-9161""]",[47],[],47,"[""11-9161""]","[""11-9161""]","[""11-9161""]",[],[],[],[],1,1,1,COMPLETE_DOCUMENTED,detailed,covered,"Equal rated O*NET children within detailed SOC, then equal detailed SOC members; fully rated groups only",SINGLE_RATED_MEMBER,11,[],[],"{""pums_url"": ""https://www2.census.gov/programs-surveys/demo/guidance/industry-occupation/2018-ACS-PUMS-and-2018-SIPP-Public-Use-Occupation-Code-List.xlsx"", ""pums_sheet"": ""ACS"", ""bls_url"": ""https://www.bls.gov/soc/2018/soc_structure_2018.pdf"", ""onet_url"": ""https://www.onetcenter.org/taxonomy/2019/soc/2019_to_SOC_Crosswalk.xlsx?fmt=xlsx""}",PROVISIONAL_AUDIT_NOT_FINAL,0.4222222222222222,0.4222222222222222,0.4222222222222222,0.4222222222222222,0.4222222222222222,0.4222222222222222,0.4222222222222222,
0440,1191XX,Other managers,11-91XX,"[""11-9171"", ""11-9131"", ""11-9179"", ""11-9199""]","[50, 51, 52, 53]",[],48,"[""11-9131"", ""11-9171"", ""11-9179"", ""11-9199""]","[""11-9131"", ""11-9171"", ""11-9179"", ""11-9199""]","[""11-9131"", ""11-9171""]",[],"[""11-9179"", ""11-9199""]","[""11-9179"", ""11-9199""]",[],4,4,2,COMPLETE_DOCUMENTED,Census composite X/Y,B_unrated_detailed_or_child,"Equal rated O*NET children within detailed SOC, then equal detailed SOC members; fully rated groups only",UNKNOWN_INTERNAL_EMPLOYMENT_SHARES,11,"[""11-9179"", ""11-9199""]","[""11-9179.00"", ""11-9199.00""]","{""pums_url"": ""https://www2.census.gov/programs-surveys/demo/guidance/industry-occupation/2018-ACS-PUMS-and-2018-SIPP-Public-Use-Occupation-Code-List.xlsx"", ""pums_sheet"": ""ACS"", ""bls_url"": ""https://www.bls.gov/soc/2018/soc_structure_2018.pdf"", ""onet_url"": ""https://www.onetcenter.org/taxonomy/2019/soc/2019_to_SOC_Crosswalk.xlsx?fmt=xlsx""}",PROVISIONAL_AUDIT_NOT_FINAL,0.4739426174077801,,,,,0.0,1.0,
0500,131011,"Agents and business managers of artists, performers, and athletes",13-1011,"[""13-1011""]",[57],[],57,"[""13-1011""]","[""13-1011""]","[""13-1011""]",[],[],[],[],1,1,1,COMPLETE_DOCUMENTED,detailed,covered,"Equal rated O*NET children within detailed SOC, then equal detailed SOC members; fully rated groups only",SINGLE_RATED_MEMBER,13,[],[],"{""pums_url"": ""https://www2.census.gov/programs-surveys/demo/guidance/industry-occupation/2018-ACS-PUMS-and-2018-SIPP-Public-Use-Occupation-Code-List.xlsx"", ""pums_sheet"": ""ACS"", ""bls_url"": ""https://www.bls.gov/soc/2018/soc_structure_2018.pdf"", ""onet_url"": ""https://www.onetcenter.org/taxonomy/2019/soc/2019_to_SOC_Crosswalk.xlsx?fmt=xlsx""}",PROVISIONAL_AUDIT_NOT_FINAL,0.5434782608695652,0.5434782608695652,0.5434782608695652,0.5434782608695652,0.5434782608695652,0.5434782608695652,0.5434782608695652,
0510,131021,"Buyers and purchasing agents, farm products",13-1021,"[""13-1021""]",[58],[],58,"[""13-1021""]","[""13-1021""]","[""13-1021""]",[],[],[],[],1,1,1,COMPLETE_DOCUMENTED,detailed,covered,"Equal rated O*NET children within detailed SOC, then equal detailed SOC members; fully rated groups only",SINGLE_RATED_MEMBER,13,[],[],"{""pums_url"": ""https://www2.census.gov/programs-surveys/demo/guidance/industry-occupation/2018-ACS-PUMS-and-2018-SIPP-Public-Use-Occupation-Code-List.xlsx"", ""pums_sheet"": ""ACS"", ""bls_url"": ""https://www.bls.gov/soc/2018/soc_structure_2018.pdf"", ""onet_url"": ""https://www.onetcenter.org/taxonomy/2019/soc/2019_to_SOC_Crosswalk.xlsx?fmt=xlsx""}",PROVISIONAL_AUDIT_NOT_FINAL,0.5277777777777778,0.5277777777777778,0.5277777777777778,0.5277777777777778,0.5277777777777778,0.5277777777777778,0.5277777777777778,
0520,131022,"Wholesale and retail buyers, except farm products",13-1022,"[""13-1022""]",[59],[],59,"[""13-1022""]","[""13-1022""]","[""13-1022""]",[],[],[],[],1,1,1,COMPLETE_DOCUMENTED,detailed,covered,"Equal rated O*NET children within detailed SOC, then equal detailed SOC members; fully rated groups only",SINGLE_RATED_MEMBER,13,[],[],"{""pums_url"": ""https://www2.census.gov/programs-surveys/demo/guidance/industry-occupation/2018-ACS-PUMS-and-2018-SIPP-Public-Use-Occupation-Code-List.xlsx"", ""pums_sheet"": ""ACS"", ""bls_url"": ""https://www.bls.gov/soc/2018/soc_structure_2018.pdf"", ""onet_url"": ""https://www.onetcenter.org/taxonomy/2019/soc/2019_to_SOC_Crosswalk.xlsx?fmt=xlsx""}",PROVISIONAL_AUDIT_NOT_FINAL,0.4666666666666667,0.4666666666666667,0.4666666666666667,0.4666666666666667,0.4666666666666667,0.4666666666666667,0.4666666666666667,
0530,131023,"Purchasing agents, except wholesale, retail, and farm products",13-1023,"[""13-1023""]",[60],[],60,"[""13-1023""]","[""13-1023""]","[""13-1023""]",[],[],[],[],1,1,1,COMPLETE_DOCUMENTED,detailed,covered,"Equal rated O*NET children within detailed SOC, then equal detailed SOC members; fully rated groups only",SINGLE_RATED_MEMBER,13,[],[],"{""pums_url"": ""https://www2.census.gov/programs-surveys/demo/guidance/industry-occupation/2018-ACS-PUMS-and-2018-SIPP-Public-Use-Occupation-Code-List.xlsx"", ""pums_sheet"": ""ACS"", ""bls_url"": ""https://www.bls.gov/soc/2018/soc_structure_2018.pdf"", ""onet_url"": ""https://www.onetcenter.org/taxonomy/2019/soc/2019_to_SOC_Crosswalk.xlsx?fmt=xlsx""}",PROVISIONAL_AUDIT_NOT_FINAL,0.4736842105263157,0.4736842105263157,0.4736842105263157,0.4736842105263157,0.4736842105263157,0.4736842105263157,0.4736842105263157,
0540,131030,"Claims adjusters, appraisers, examiners, and investigators",13-1030,"[""13-1030""]",[61],[],61,"[""13-1031"", ""13-1032""]","[""13-1031"", ""13-1032""]","[""13-1031"", ""13-1032""]",[],[],[],[],2,2,2,COMPLETE_DOCUMENTED,broad,covered,"Equal rated O*NET children within detailed SOC, then equal detailed SOC members; fully rated groups only",UNKNOWN_INTERNAL_EMPLOYMENT_SHARES,13,[],[],"{""pums_url"": ""https://www2.census.gov/programs-surveys/demo/guidance/industry-occupation/2018-ACS-PUMS-and-2018-SIPP-Public-Use-Occupation-Code-List.xlsx"", ""pums_sheet"": ""ACS"", ""bls_url"": ""https://www.bls.gov/soc/2018/soc_structure_2018.pdf"", ""onet_url"": ""https://www.onetcenter.org/taxonomy/2019/soc/2019_to_SOC_Crosswalk.xlsx?fmt=xlsx""}",PROVISIONAL_AUDIT_NOT_FINAL,0.51,0.51,0.51,0.5,0.52,0.51,0.51,
0565,131041,Compliance officers,13-1041,"[""13-1041""]",[62],[],62,"[""13-1041""]","[""13-1041""]","[""13-1041""]",[],[],[],[],1,1,1,COMPLETE_DOCUMENTED,detailed,covered,"Equal rated O*NET children within detailed SOC, then equal detailed SOC members; fully rated groups only",UNKNOWN_INTERNAL_EMPLOYMENT_SHARES,13,[],[],"{""pums_url"": ""https://www2.census.gov/programs-surveys/demo/guidance/industry-occupation/2018-ACS-PUMS-and-2018-SIPP-Public-Use-Occupation-Code-List.xlsx"", ""pums_sheet"": ""ACS"", ""bls_url"": ""https://www.bls.gov/soc/2018/soc_structure_2018.pdf"", ""onet_url"": ""https://www.onetcenter.org/taxonomy/2019/soc/2019_to_SOC_Crosswalk.xlsx?fmt=xlsx""}",PROVISIONAL_AUDIT_NOT_FINAL,0.5263042749310427,0.5263042749310427,0.5263042749310426,0.3378378378378378,0.6818181818181819,0.5263042749310427,0.5263042749310427,
0600,131051,Cost estimators,13-1051,"[""13-1051""]",[63],[],63,"[""13-1051""]","[""13-1051""]","[""13-1051""]",[],[],[],[],1,1,1,COMPLETE_DOCUMENTED,detailed,covered,"Equal rated O*NET children within detailed SOC, then equal detailed SOC members; fully rated groups only",SINGLE_RATED_MEMBER,13,[],[],"{""pums_url"": ""https://www2.census.gov/programs-surveys/demo/guidance/industry-occupation/2018-ACS-PUMS-and-2018-SIPP-Public-Use-Occupation-Code-List.xlsx"", ""pums_sheet"": ""ACS"", ""bls_url"": ""https://www.bls.gov/soc/2018/soc_structure_2018.pdf"", ""onet_url"": ""https://www.onetcenter.org/taxonomy/2019/soc/2019_to_SOC_Crosswalk.xlsx?fmt=xlsx""}",PROVISIONAL_AUDIT_NOT_FINAL,0.5,0.5,0.5,0.5,0.5,0.5,0.5,
0630,131070,Human resources workers,13-1070,"[""13-1070""]",[64],[],64,"[""13-1071"", ""13-1074"", ""13-1075""]","[""13-1071"", ""13-1074"", ""13-1075""]","[""13-1071"", ""13-1074"", ""13-1075""]",[],[],[],[],3,3,3,COMPLETE_DOCUMENTED,broad,covered,"Equal rated O*NET children within detailed SOC, then equal detailed SOC members; fully rated groups only",UNKNOWN_INTERNAL_EMPLOYMENT_SHARES,13,[],[],"{""pums_url"": ""https://www2.census.gov/programs-surveys/demo/guidance/industry-occupation/2018-ACS-PUMS-and-2018-SIPP-Public-Use-Occupation-Code-List.xlsx"", ""pums_sheet"": ""ACS"", ""bls_url"": ""https://www.bls.gov/soc/2018/soc_structure_2018.pdf"", ""onet_url"": ""https://www.onetcenter.org/taxonomy/2019/soc/2019_to_SOC_Crosswalk.xlsx?fmt=xlsx""}",PROVISIONAL_AUDIT_NOT_FINAL,0.44482379954078066,0.44482379954078066,0.44482379954078066,0.1428571428571428,0.6444444444444445,0.44482379954078066,0.44482379954078066,
0640,131141,"Compensation, benefits, and job analysis specialists",13-1141,"[""13-1141""]",[65],[],65,"[""13-1141""]","[""13-1141""]","[""13-1141""]",[],[],[],[],1,1,1,COMPLETE_DOCUMENTED,detailed,covered,"Equal rated O*NET children within detailed SOC, then equal detailed SOC members; fully rated groups only",SINGLE_RATED_MEMBER,13,[],[],"{""pums_url"": ""https://www2.census.gov/programs-surveys/demo/guidance/industry-occupation/2018-ACS-PUMS-and-2018-SIPP-Public-Use-Occupation-Code-List.xlsx"", ""pums_sheet"": ""ACS"", ""bls_url"": ""https://www.bls.gov/soc/2018/soc_structure_2018.pdf"", ""onet_url"": ""https://www.onetcenter.org/taxonomy/2019/soc/2019_to_SOC_Crosswalk.xlsx?fmt=xlsx""}",PROVISIONAL_AUDIT_NOT_FINAL,0.4736842105263157,0.4736842105263157,0.4736842105263157,0.4736842105263157,0.4736842105263157,0.4736842105263157,0.4736842105263157,
0650,131151,Training and development specialists,13-1151,"[""13-1151""]",[66],[],66,"[""13-1151""]","[""13-1151""]","[""13-1151""]",[],[],[],[],1,1,1,COMPLETE_DOCUMENTED,detailed,covered,"Equal rated O*NET children within detailed SOC, then equal detailed SOC members; fully rated groups only",SINGLE_RATED_MEMBER,13,[],[],"{""pums_url"": ""https://www2.census.gov/programs-surveys/demo/guidance/industry-occupation/2018-ACS-PUMS-and-2018-SIPP-Public-Use-Occupation-Code-List.xlsx"", ""pums_sheet"": ""ACS"", ""bls_url"": ""https://www.bls.gov/soc/2018/soc_structure_2018.pdf"", ""onet_url"": ""https://www.onetcenter.org/taxonomy/2019/soc/2019_to_SOC_Crosswalk.xlsx?fmt=xlsx""}",PROVISIONAL_AUDIT_NOT_FINAL,0.5526315789473684,0.5526315789473684,0.5526315789473684,0.5526315789473684,0.5526315789473684,0.5526315789473684,0.5526315789473684,
0700,131081,Logisticians,13-1081,"[""13-1081""]",[67],[],67,"[""13-1081""]","[""13-1081""]","[""13-1081""]",[],[],[],[],1,1,1,COMPLETE_DOCUMENTED,detailed,covered,"Equal rated O*NET children within detailed SOC, then equal detailed SOC members; fully rated groups only",UNKNOWN_INTERNAL_EMPLOYMENT_SHARES,13,[],[],"{""pums_url"": ""https://www2.census.gov/programs-surveys/demo/guidance/industry-occupation/2018-ACS-PUMS-and-2018-SIPP-Public-Use-Occupation-Code-List.xlsx"", ""pums_sheet"": ""ACS"", ""bls_url"": ""https://www.bls.gov/soc/2018/soc_structure_2018.pdf"", ""onet_url"": ""https://www.onetcenter.org/taxonomy/2019/soc/2019_to_SOC_Crosswalk.xlsx?fmt=xlsx""}",PROVISIONAL_AUDIT_NOT_FINAL,0.5278605318327264,0.5278605318327264,0.5278605318327264,0.5,0.5660377358490566,0.5278605318327264,0.5278605318327264,
0705,131082,Project management specialists,13-1082,"[""13-1082""]",[68],[],68,"[""13-1082""]","[""13-1082""]","[""13-1082""]",[],[],[],[],1,1,1,COMPLETE_DOCUMENTED,detailed,covered,"Equal rated O*NET children within detailed SOC, then equal detailed SOC members; fully rated groups only",SINGLE_RATED_MEMBER,13,[],[],"{""pums_url"": ""https://www2.census.gov/programs-surveys/demo/guidance/industry-occupation/2018-ACS-PUMS-and-2018-SIPP-Public-Use-Occupation-Code-List.xlsx"", ""pums_sheet"": ""ACS"", ""bls_url"": ""https://www.bls.gov/soc/2018/soc_structure_2018.pdf"", ""onet_url"": ""https://www.onetcenter.org/taxonomy/2019/soc/2019_to_SOC_Crosswalk.xlsx?fmt=xlsx""}",PROVISIONAL_AUDIT_NOT_FINAL,0.55,0.55,0.55,0.55,0.55,0.55,0.55,
0710,131111,Management analysts,13-1111,"[""13-1111""]",[69],[],69,"[""13-1111""]","[""13-1111""]","[""13-1111""]",[],[],[],[],1,1,1,COMPLETE_DOCUMENTED,detailed,covered,"Equal rated O*NET children within detailed SOC, then equal detailed SOC members; fully rated groups only",SINGLE_RATED_MEMBER,13,[],[],"{""pums_url"": ""https://www2.census.gov/programs-surveys/demo/guidance/industry-occupation/2018-ACS-PUMS-and-2018-SIPP-Public-Use-Occupation-Code-List.xlsx"", ""pums_sheet"": ""ACS"", ""bls_url"": ""https://www.bls.gov/soc/2018/soc_structure_2018.pdf"", ""onet_url"": ""https://www.onetcenter.org/taxonomy/2019/soc/2019_to_SOC_Crosswalk.xlsx?fmt=xlsx""}",PROVISIONAL_AUDIT_NOT_FINAL,0.4047619047619047,0.4047619047619047,0.4047619047619047,0.4047619047619047,0.4047619047619047,0.4047619047619047,0.4047619047619047,
0725,131121,"Meeting, convention, and event planners",13-1121,"[""13-1121""]",[70],[],70,"[""13-1121""]","[""13-1121""]","[""13-1121""]",[],[],[],[],1,1,1,COMPLETE_DOCUMENTED,detailed,covered,"Equal rated O*NET children within detailed SOC, then equal detailed SOC members; fully rated groups only",SINGLE_RATED_MEMBER,13,[],[],"{""pums_url"": ""https://www2.census.gov/programs-surveys/demo/guidance/industry-occupation/2018-ACS-PUMS-and-2018-SIPP-Public-Use-Occupation-Code-List.xlsx"", ""pums_sheet"": ""ACS"", ""bls_url"": ""https://www.bls.gov/soc/2018/soc_structure_2018.pdf"", ""onet_url"": ""https://www.onetcenter.org/taxonomy/2019/soc/2019_to_SOC_Crosswalk.xlsx?fmt=xlsx""}",PROVISIONAL_AUDIT_NOT_FINAL,0.4864864864864865,0.4864864864864865,0.4864864864864865,0.4864864864864865,0.4864864864864865,0.4864864864864865,0.4864864864864865,
0726,131131,Fundraisers,13-1131,"[""13-1131""]",[71],[],71,"[""13-1131""]","[""13-1131""]","[""13-1131""]",[],[],[],[],1,1,1,COMPLETE_DOCUMENTED,detailed,covered,"Equal rated O*NET children within detailed SOC, then equal detailed SOC members; fully rated groups only",SINGLE_RATED_MEMBER,13,[],[],"{""pums_url"": ""https://www2.census.gov/programs-surveys/demo/guidance/industry-occupation/2018-ACS-PUMS-and-2018-SIPP-Public-Use-Occupation-Code-List.xlsx"", ""pums_sheet"": ""ACS"", ""bls_url"": ""https://www.bls.gov/soc/2018/soc_structure_2018.pdf"", ""onet_url"": ""https://www.onetcenter.org/taxonomy/2019/soc/2019_to_SOC_Crosswalk.xlsx?fmt=xlsx""}",PROVISIONAL_AUDIT_NOT_FINAL,0.5192307692307693,0.5192307692307693,0.5192307692307693,0.5192307692307693,0.5192307692307693,0.5192307692307693,0.5192307692307693,
0735,131161,Market research analysts and marketing specialists,13-1161,"[""13-1161""]",[72],[],72,"[""13-1161""]","[""13-1161""]","[""13-1161""]",[],[],[],[],1,1,1,COMPLETE_DOCUMENTED,detailed,covered,"Equal rated O*NET children within detailed SOC, then equal detailed SOC members; fully rated groups only",UNKNOWN_INTERNAL_EMPLOYMENT_SHARES,13,[],[],"{""pums_url"": ""https://www2.census.gov/programs-surveys/demo/guidance/industry-occupation/2018-ACS-PUMS-and-2018-SIPP-Public-Use-Occupation-Code-List.xlsx"", ""pums_sheet"": ""ACS"", ""bls_url"": ""https://www.bls.gov/soc/2018/soc_structure_2018.pdf"", ""onet_url"": ""https://www.onetcenter.org/taxonomy/2019/soc/2019_to_SOC_Crosswalk.xlsx?fmt=xlsx""}",PROVISIONAL_AUDIT_NOT_FINAL,0.5245901639344263,0.5245901639344263,0.5245901639344263,0.5,0.5491803278688525,0.5245901639344263,0.5245901639344263,
0750,131199,"Business operations specialists, all other",13-1199,"[""13-1199""]",[73],[],73,"[""13-1199""]","[""13-1199""]",[],[],"[""13-1199""]","[""13-1199""]",[],1,1,0,COMPLETE_DOCUMENTED,detailed,B_unrated_detailed_or_child,"Equal rated O*NET children within detailed SOC, then equal detailed SOC members; fully rated groups only",UNKNOWN_INTERNAL_EMPLOYMENT_SHARES,13,"[""13-1199""]","[""13-1199.00""]","{""pums_url"": ""https://www2.census.gov/programs-surveys/demo/guidance/industry-occupation/2018-ACS-PUMS-and-2018-SIPP-Public-Use-Occupation-Code-List.xlsx"", ""pums_sheet"": ""ACS"", ""bls_url"": ""https://www.bls.gov/soc/2018/soc_structure_2018.pdf"", ""onet_url"": ""https://www.onetcenter.org/taxonomy/2019/soc/2019_to_SOC_Crosswalk.xlsx?fmt=xlsx""}",PROVISIONAL_AUDIT_NOT_FINAL,0.5828407660281357,,,,,0.0,1.0,
0800,132011,Accountants and auditors,13-2011,"[""13-2011""]",[74],[],74,"[""13-2011""]","[""13-2011""]","[""13-2011""]",[],[],[],[],1,1,1,COMPLETE_DOCUMENTED,detailed,covered,"Equal rated O*NET children within detailed SOC, then equal detailed SOC members; fully rated groups only",SINGLE_RATED_MEMBER,13,[],[],"{""pums_url"": ""https://www2.census.gov/programs-surveys/demo/guidance/industry-occupation/2018-ACS-PUMS-and-2018-SIPP-Public-Use-Occupation-Code-List.xlsx"", ""pums_sheet"": ""ACS"", ""bls_url"": ""https://www.bls.gov/soc/2018/soc_structure_2018.pdf"", ""onet_url"": ""https://www.onetcenter.org/taxonomy/2019/soc/2019_to_SOC_Crosswalk.xlsx?fmt=xlsx""}",PROVISIONAL_AUDIT_NOT_FINAL,0.56,0.56,0.56,0.56,0.56,0.56,0.56,
0810,132020,Property appraisers and assessors,13-2020,"[""13-2020""]",[75],[],75,"[""13-2022"", ""13-2023""]","[""13-2022"", ""13-2023""]","[""13-2022"", ""13-2023""]",[],[],[],[],2,2,2,COMPLETE_DOCUMENTED,broad,covered,"Equal rated O*NET children within detailed SOC, then equal detailed SOC members; fully rated groups only",UNKNOWN_INTERNAL_EMPLOYMENT_SHARES,13,[],[],"{""pums_url"": ""https://www2.census.gov/programs-surveys/demo/guidance/industry-occupation/2018-ACS-PUMS-and-2018-SIPP-Public-Use-Occupation-Code-List.xlsx"", ""pums_sheet"": ""ACS"", ""bls_url"": ""https://www.bls.gov/soc/2018/soc_structure_2018.pdf"", ""onet_url"": ""https://www.onetcenter.org/taxonomy/2019/soc/2019_to_SOC_Crosswalk.xlsx?fmt=xlsx""}",PROVISIONAL_AUDIT_NOT_FINAL,0.53125,0.53125,0.53125,0.4910714285714285,0.5714285714285714,0.53125,0.53125,
0820,132031,Budget analysts,13-2031,"[""13-2031""]",[76],[],76,"[""13-2031""]","[""13-2031""]","[""13-2031""]",[],[],[],[],1,1,1,COMPLETE_DOCUMENTED,detailed,covered,"Equal rated O*NET children within detailed SOC, then equal detailed SOC members; fully rated groups only",SINGLE_RATED_MEMBER,13,[],[],"{""pums_url"": ""https://www2.census.gov/programs-surveys/demo/guidance/industry-occupation/2018-ACS-PUMS-and-2018-SIPP-Public-Use-Occupation-Code-List.xlsx"", ""pums_sheet"": ""ACS"", ""bls_url"": ""https://www.bls.gov/soc/2018/soc_structure_2018.pdf"", ""onet_url"": ""https://www.onetcenter.org/taxonomy/2019/soc/2019_to_SOC_Crosswalk.xlsx?fmt=xlsx""}",PROVISIONAL_AUDIT_NOT_FINAL,0.52,0.52,0.52,0.52,0.52,0.52,0.52,
0830,132041,Credit analysts,13-2041,"[""13-2041""]",[77],[],77,"[""13-2041""]","[""13-2041""]","[""13-2041""]",[],[],[],[],1,1,1,COMPLETE_DOCUMENTED,detailed,covered,"Equal rated O*NET children within detailed SOC, then equal detailed SOC members; fully rated groups only",SINGLE_RATED_MEMBER,13,[],[],"{""pums_url"": ""https://www2.census.gov/programs-surveys/demo/guidance/industry-occupation/2018-ACS-PUMS-and-2018-SIPP-Public-Use-Occupation-Code-List.xlsx"", ""pums_sheet"": ""ACS"", ""bls_url"": ""https://www.bls.gov/soc/2018/soc_structure_2018.pdf"", ""onet_url"": ""https://www.onetcenter.org/taxonomy/2019/soc/2019_to_SOC_Crosswalk.xlsx?fmt=xlsx""}",PROVISIONAL_AUDIT_NOT_FINAL,0.5555555555555556,0.5555555555555556,0.5555555555555556,0.5555555555555556,0.5555555555555556,0.5555555555555556,0.5555555555555556,
0845,132051,Financial and investment analysts,13-2051,"[""13-2051""]",[78],[],78,"[""13-2051""]","[""13-2051""]","[""13-2051""]",[],[],[],[],1,1,1,COMPLETE_DOCUMENTED,detailed,covered,"Equal rated O*NET children within detailed SOC, then equal detailed SOC members; fully rated groups only",SINGLE_RATED_MEMBER,13,[],[],"{""pums_url"": ""https://www2.census.gov/programs-surveys/demo/guidance/industry-occupation/2018-ACS-PUMS-and-2018-SIPP-Public-Use-Occupation-Code-List.xlsx"", ""pums_sheet"": ""ACS"", ""bls_url"": ""https://www.bls.gov/soc/2018/soc_structure_2018.pdf"", ""onet_url"": ""https://www.onetcenter.org/taxonomy/2019/soc/2019_to_SOC_Crosswalk.xlsx?fmt=xlsx""}",PROVISIONAL_AUDIT_NOT_FINAL,0.4615384615384615,0.4615384615384615,0.4615384615384615,0.4615384615384615,0.4615384615384615,0.4615384615384615,0.4615384615384615,
0850,132052,Personal financial advisors,13-2052,"[""13-2052""]",[79],[],79,"[""13-2052""]","[""13-2052""]","[""13-2052""]",[],[],[],[],1,1,1,COMPLETE_DOCUMENTED,detailed,covered,"Equal rated O*NET children within detailed SOC, then equal detailed SOC members; fully rated groups only",SINGLE_RATED_MEMBER,13,[],[],"{""pums_url"": ""https://www2.census.gov/programs-surveys/demo/guidance/industry-occupation/2018-ACS-PUMS-and-2018-SIPP-Public-Use-Occupation-Code-List.xlsx"", ""pums_sheet"": ""ACS"", ""bls_url"": ""https://www.bls.gov/soc/2018/soc_structure_2018.pdf"", ""onet_url"": ""https://www.onetcenter.org/taxonomy/2019/soc/2019_to_SOC_Crosswalk.xlsx?fmt=xlsx""}",PROVISIONAL_AUDIT_NOT_FINAL,0.5,0.5,0.5,0.5,0.5,0.5,0.5,
0860,132053,Insurance underwriters,13-2053,"[""13-2053""]",[80],[],80,"[""13-2053""]","[""13-2053""]","[""13-2053""]",[],[],[],[],1,1,1,COMPLETE_DOCUMENTED,detailed,covered,"Equal rated O*NET children within detailed SOC, then equal detailed SOC members; fully rated groups only",SINGLE_RATED_MEMBER,13,[],[],"{""pums_url"": ""https://www2.census.gov/programs-surveys/demo/guidance/industry-occupation/2018-ACS-PUMS-and-2018-SIPP-Public-Use-Occupation-Code-List.xlsx"", ""pums_sheet"": ""ACS"", ""bls_url"": ""https://www.bls.gov/soc/2018/soc_structure_2018.pdf"", ""onet_url"": ""https://www.onetcenter.org/taxonomy/2019/soc/2019_to_SOC_Crosswalk.xlsx?fmt=xlsx""}",PROVISIONAL_AUDIT_NOT_FINAL,0.5714285714285714,0.5714285714285714,0.5714285714285714,0.5714285714285714,0.5714285714285714,0.5714285714285714,0.5714285714285714,
0900,132061,Financial examiners,13-2061,"[""13-2061""]",[81],[],81,"[""13-2061""]","[""13-2061""]","[""13-2061""]",[],[],[],[],1,1,1,COMPLETE_DOCUMENTED,detailed,covered,"Equal rated O*NET children within detailed SOC, then equal detailed SOC members; fully rated groups only",SINGLE_RATED_MEMBER,13,[],[],"{""pums_url"": ""https://www2.census.gov/programs-surveys/demo/guidance/industry-occupation/2018-ACS-PUMS-and-2018-SIPP-Public-Use-Occupation-Code-List.xlsx"", ""pums_sheet"": ""ACS"", ""bls_url"": ""https://www.bls.gov/soc/2018/soc_structure_2018.pdf"", ""onet_url"": ""https://www.onetcenter.org/taxonomy/2019/soc/2019_to_SOC_Crosswalk.xlsx?fmt=xlsx""}",PROVISIONAL_AUDIT_NOT_FINAL,0.5,0.5,0.5,0.5,0.5,0.5,0.5,
0910,132070,Credit counselors and loan officers,13-2070,"[""13-2070""]",[82],[],82,"[""13-2071"", ""13-2072""]","[""13-2071"", ""13-2072""]","[""13-2071"", ""13-2072""]",[],[],[],[],2,2,2,COMPLETE_DOCUMENTED,broad,covered,"Equal rated O*NET children within detailed SOC, then equal detailed SOC members; fully rated groups only",UNKNOWN_INTERNAL_EMPLOYMENT_SHARES,13,[],[],"{""pums_url"": ""https://www2.census.gov/programs-surveys/demo/guidance/industry-occupation/2018-ACS-PUMS-and-2018-SIPP-Public-Use-Occupation-Code-List.xlsx"", ""pums_sheet"": ""ACS"", ""bls_url"": ""https://www.bls.gov/soc/2018/soc_structure_2018.pdf"", ""onet_url"": ""https://www.onetcenter.org/taxonomy/2019/soc/2019_to_SOC_Crosswalk.xlsx?fmt=xlsx""}",PROVISIONAL_AUDIT_NOT_FINAL,0.6079545454545454,0.6079545454545454,0.6079545454545454,0.5909090909090909,0.625,0.6079545454545454,0.6079545454545454,
0930,132081,"Tax examiners and collectors, and revenue agents",13-2081,"[""13-2081""]",[83],[],83,"[""13-2081""]","[""13-2081""]","[""13-2081""]",[],[],[],[],1,1,1,COMPLETE_DOCUMENTED,detailed,covered,"Equal rated O*NET children within detailed SOC, then equal detailed SOC members; fully rated groups only",SINGLE_RATED_MEMBER,13,[],[],"{""pums_url"": ""https://www2.census.gov/programs-surveys/demo/guidance/industry-occupation/2018-ACS-PUMS-and-2018-SIPP-Public-Use-Occupation-Code-List.xlsx"", ""pums_sheet"": ""ACS"", ""bls_url"": ""https://www.bls.gov/soc/2018/soc_structure_2018.pdf"", ""onet_url"": ""https://www.onetcenter.org/taxonomy/2019/soc/2019_to_SOC_Crosswalk.xlsx?fmt=xlsx""}",PROVISIONAL_AUDIT_NOT_FINAL,0.5806451612903225,0.5806451612903225,0.5806451612903225,0.5806451612903225,0.5806451612903225,0.5806451612903225,0.5806451612903225,
0940,132082,Tax preparers,13-2082,"[""13-2082""]",[84],[],84,"[""13-2082""]","[""13-2082""]","[""13-2082""]",[],[],[],[],1,1,1,COMPLETE_DOCUMENTED,detailed,covered,"Equal rated O*NET children within detailed SOC, then equal detailed SOC members; fully rated groups only",SINGLE_RATED_MEMBER,13,[],[],"{""pums_url"": ""https://www2.census.gov/programs-surveys/demo/guidance/industry-occupation/2018-ACS-PUMS-and-2018-SIPP-Public-Use-Occupation-Code-List.xlsx"", ""pums_sheet"": ""ACS"", ""bls_url"": ""https://www.bls.gov/soc/2018/soc_structure_2018.pdf"", ""onet_url"": ""https://www.onetcenter.org/taxonomy/2019/soc/2019_to_SOC_Crosswalk.xlsx?fmt=xlsx""}",PROVISIONAL_AUDIT_NOT_FINAL,0.625,0.625,0.625,0.625,0.625,0.625,0.625,
0960,1320XX,Other financial specialists,13-20XX,"[""13-2054"", ""13-2099""]","[87, 88]",[],85,"[""13-2054"", ""13-2099""]","[""13-2054"", ""13-2099""]","[""13-2054""]",[],"[""13-2099""]","[""13-2099""]",[],2,2,1,COMPLETE_DOCUMENTED,Census composite X/Y,B_unrated_detailed_or_child,"Equal rated O*NET children within detailed SOC, then equal detailed SOC members; fully rated groups only",UNKNOWN_INTERNAL_EMPLOYMENT_SHARES,13,"[""13-2099""]","[""13-2099.00""]","{""pums_url"": ""https://www2.census.gov/programs-surveys/demo/guidance/industry-occupation/2018-ACS-PUMS-and-2018-SIPP-Public-Use-Occupation-Code-List.xlsx"", ""pums_sheet"": ""ACS"", ""bls_url"": ""https://www.bls.gov/soc/2018/soc_structure_2018.pdf"", ""onet_url"": ""https://www.onetcenter.org/taxonomy/2019/soc/2019_to_SOC_Crosswalk.xlsx?fmt=xlsx""}",PROVISIONAL_AUDIT_NOT_FINAL,0.5582821457821459,,,,,0.0,1.0,
1005,151221,Computer and information research scientists,15-1221,"[""15-1221""]",[94],[],94,"[""15-1221""]","[""15-1221""]","[""15-1221""]",[],[],[],[],1,1,1,COMPLETE_DOCUMENTED,detailed,covered,"Equal rated O*NET children within detailed SOC, then equal detailed SOC members; fully rated groups only",SINGLE_RATED_MEMBER,15,[],[],"{""pums_url"": ""https://www2.census.gov/programs-surveys/demo/guidance/industry-occupation/2018-ACS-PUMS-and-2018-SIPP-Public-Use-Occupation-Code-List.xlsx"", ""pums_sheet"": ""ACS"", ""bls_url"": ""https://www.bls.gov/soc/2018/soc_structure_2018.pdf"", ""onet_url"": ""https://www.onetcenter.org/taxonomy/2019/soc/2019_to_SOC_Crosswalk.xlsx?fmt=xlsx""}",PROVISIONAL_AUDIT_NOT_FINAL,0.6346153846153847,0.6346153846153847,0.6346153846153847,0.6346153846153847,0.6346153846153847,0.6346153846153847,0.6346153846153847,
1006,151211,Computer systems analysts,15-1211,"[""15-1211""]",[95],[],95,"[""15-1211""]","[""15-1211""]","[""15-1211""]",[],[],[],[],1,1,1,COMPLETE_DOCUMENTED,detailed,covered,"Equal rated O*NET children within detailed SOC, then equal detailed SOC members; fully rated groups only",UNKNOWN_INTERNAL_EMPLOYMENT_SHARES,15,[],[],"{""pums_url"": ""https://www2.census.gov/programs-surveys/demo/guidance/industry-occupation/2018-ACS-PUMS-and-2018-SIPP-Public-Use-Occupation-Code-List.xlsx"", ""pums_sheet"": ""ACS"", ""bls_url"": ""https://www.bls.gov/soc/2018/soc_structure_2018.pdf"", ""onet_url"": ""https://www.onetcenter.org/taxonomy/2019/soc/2019_to_SOC_Crosswalk.xlsx?fmt=xlsx""}",PROVISIONAL_AUDIT_NOT_FINAL,0.6174242424242424,0.6174242424242424,0.6174242424242424,0.4848484848484848,0.75,0.6174242424242424,0.6174242424242424,
1007,151212,Information security analysts,15-1212,"[""15-1212""]",[96],[],96,"[""15-1212""]","[""15-1212""]","[""15-1212""]",[],[],[],[],1,1,1,COMPLETE_DOCUMENTED,detailed,covered,"Equal rated O*NET children within detailed SOC, then equal detailed SOC members; fully rated groups only",SINGLE_RATED_MEMBER,15,[],[],"{""pums_url"": ""https://www2.census.gov/programs-surveys/demo/guidance/industry-occupation/2018-ACS-PUMS-and-2018-SIPP-Public-Use-Occupation-Code-List.xlsx"", ""pums_sheet"": ""ACS"", ""bls_url"": ""https://www.bls.gov/soc/2018/soc_structure_2018.pdf"", ""onet_url"": ""https://www.onetcenter.org/taxonomy/2019/soc/2019_to_SOC_Crosswalk.xlsx?fmt=xlsx""}",PROVISIONAL_AUDIT_NOT_FINAL,0.6521739130434783,0.6521739130434783,0.6521739130434783,0.6521739130434783,0.6521739130434783,0.6521739130434783,0.6521739130434783,
1010,151251,Computer programmers,15-1251,"[""15-1251""]",[97],[],97,"[""15-1251""]","[""15-1251""]","[""15-1251""]",[],[],[],[],1,1,1,COMPLETE_DOCUMENTED,detailed,covered,"Equal rated O*NET children within detailed SOC, then equal detailed SOC members; fully rated groups only",SINGLE_RATED_MEMBER,15,[],[],"{""pums_url"": ""https://www2.census.gov/programs-surveys/demo/guidance/industry-occupation/2018-ACS-PUMS-and-2018-SIPP-Public-Use-Occupation-Code-List.xlsx"", ""pums_sheet"": ""ACS"", ""bls_url"": ""https://www.bls.gov/soc/2018/soc_structure_2018.pdf"", ""onet_url"": ""https://www.onetcenter.org/taxonomy/2019/soc/2019_to_SOC_Crosswalk.xlsx?fmt=xlsx""}",PROVISIONAL_AUDIT_NOT_FINAL,0.95,0.95,0.95,0.95,0.95,0.95,0.95,
1021,151252,Software developers,15-1252,"[""15-1252""]",[98],[],98,"[""15-1252""]","[""15-1252""]","[""15-1252""]",[],[],[],[],1,1,1,COMPLETE_DOCUMENTED,detailed,covered,"Equal rated O*NET children within detailed SOC, then equal detailed SOC members; fully rated groups only",SINGLE_RATED_MEMBER,15,[],[],"{""pums_url"": ""https://www2.census.gov/programs-surveys/demo/guidance/industry-occupation/2018-ACS-PUMS-and-2018-SIPP-Public-Use-Occupation-Code-List.xlsx"", ""pums_sheet"": ""ACS"", ""bls_url"": ""https://www.bls.gov/soc/2018/soc_structure_2018.pdf"", ""onet_url"": ""https://www.onetcenter.org/taxonomy/2019/soc/2019_to_SOC_Crosswalk.xlsx?fmt=xlsx""}",PROVISIONAL_AUDIT_NOT_FINAL,0.8684210526315789,0.8684210526315789,0.8684210526315789,0.8684210526315789,0.8684210526315789,0.8684210526315789,0.8684210526315789,
1022,151253,Software quality assurance analysts and testers,15-1253,"[""15-1253""]",[99],[],99,"[""15-1253""]","[""15-1253""]","[""15-1253""]",[],[],[],[],1,1,1,COMPLETE_DOCUMENTED,detailed,covered,"Equal rated O*NET children within detailed SOC, then equal detailed SOC members; fully rated groups only",SINGLE_RATED_MEMBER,15,[],[],"{""pums_url"": ""https://www2.census.gov/programs-surveys/demo/guidance/industry-occupation/2018-ACS-PUMS-and-2018-SIPP-Public-Use-Occupation-Code-List.xlsx"", ""pums_sheet"": ""ACS"", ""bls_url"": ""https://www.bls.gov/soc/2018/soc_structure_2018.pdf"", ""onet_url"": ""https://www.onetcenter.org/taxonomy/2019/soc/2019_to_SOC_Crosswalk.xlsx?fmt=xlsx""}",PROVISIONAL_AUDIT_NOT_FINAL,0.8771929824561403,0.8771929824561403,0.8771929824561403,0.8771929824561403,0.8771929824561403,0.8771929824561403,0.8771929824561403,
1031,151254,Web developers,15-1254,"[""15-1254""]",[100],[],100,"[""15-1254""]","[""15-1254""]","[""15-1254""]",[],[],[],[],1,1,1,COMPLETE_DOCUMENTED,detailed,covered,"Equal rated O*NET children within detailed SOC, then equal detailed SOC members; fully rated groups only",SINGLE_RATED_MEMBER,15,[],[],"{""pums_url"": ""https://www2.census.gov/programs-surveys/demo/guidance/industry-occupation/2018-ACS-PUMS-and-2018-SIPP-Public-Use-Occupation-Code-List.xlsx"", ""pums_sheet"": ""ACS"", ""bls_url"": ""https://www.bls.gov/soc/2018/soc_structure_2018.pdf"", ""onet_url"": ""https://www.onetcenter.org/taxonomy/2019/soc/2019_to_SOC_Crosswalk.xlsx?fmt=xlsx""}",PROVISIONAL_AUDIT_NOT_FINAL,0.9326923076923076,0.9326923076923076,0.9326923076923076,0.9326923076923076,0.9326923076923076,0.9326923076923076,0.9326923076923076,
1032,151255,Web and digital interface designers,15-1255,"[""15-1255""]",[101],[],101,"[""15-1255""]","[""15-1255""]","[""15-1255""]",[],[],[],[],1,1,1,COMPLETE_DOCUMENTED,detailed,covered,"Equal rated O*NET children within detailed SOC, then equal detailed SOC members; fully rated groups only",UNKNOWN_INTERNAL_EMPLOYMENT_SHARES,15,[],[],"{""pums_url"": ""https://www2.census.gov/programs-surveys/demo/guidance/industry-occupation/2018-ACS-PUMS-and-2018-SIPP-Public-Use-Occupation-Code-List.xlsx"", ""pums_sheet"": ""ACS"", ""bls_url"": ""https://www.bls.gov/soc/2018/soc_structure_2018.pdf"", ""onet_url"": ""https://www.onetcenter.org/taxonomy/2019/soc/2019_to_SOC_Crosswalk.xlsx?fmt=xlsx""}",PROVISIONAL_AUDIT_NOT_FINAL,0.75,0.75,0.75,0.6666666666666666,0.8333333333333333,0.75,0.75,
1050,151230,Computer support specialists,15-1230,"[""15-1230""]",[102],[],102,"[""15-1231"", ""15-1232""]","[""15-1231"", ""15-1232""]","[""15-1231"", ""15-1232""]",[],[],[],[],2,2,2,COMPLETE_DOCUMENTED,broad,covered,"Equal rated O*NET children within detailed SOC, then equal detailed SOC members; fully rated groups only",UNKNOWN_INTERNAL_EMPLOYMENT_SHARES,15,[],[],"{""pums_url"": ""https://www2.census.gov/programs-surveys/demo/guidance/industry-occupation/2018-ACS-PUMS-and-2018-SIPP-Public-Use-Occupation-Code-List.xlsx"", ""pums_sheet"": ""ACS"", ""bls_url"": ""https://www.bls.gov/soc/2018/soc_structure_2018.pdf"", ""onet_url"": ""https://www.onetcenter.org/taxonomy/2019/soc/2019_to_SOC_Crosswalk.xlsx?fmt=xlsx""}",PROVISIONAL_AUDIT_NOT_FINAL,0.6228632478632479,0.6228632478632479,0.6228632478632479,0.611111111111111,0.6346153846153847,0.6228632478632479,0.6228632478632479,
1065,15124X,Database administrators and architects,15-124X,"[""15-1242"", ""15-1243""]","[105, 106]",[],103,"[""15-1242"", ""15-1243""]","[""15-1242"", ""15-1243""]","[""15-1242"", ""15-1243""]",[],[],[],[],2,2,2,COMPLETE_DOCUMENTED,Census composite X/Y,covered,"Equal rated O*NET children within detailed SOC, then equal detailed SOC members; fully rated groups only",UNKNOWN_INTERNAL_EMPLOYMENT_SHARES,15,[],[],"{""pums_url"": ""https://www2.census.gov/programs-surveys/demo/guidance/industry-occupation/2018-ACS-PUMS-and-2018-SIPP-Public-Use-Occupation-Code-List.xlsx"", ""pums_sheet"": ""ACS"", ""bls_url"": ""https://www.bls.gov/soc/2018/soc_structure_2018.pdf"", ""onet_url"": ""https://www.onetcenter.org/taxonomy/2019/soc/2019_to_SOC_Crosswalk.xlsx?fmt=xlsx""}",PROVISIONAL_AUDIT_NOT_FINAL,0.9233652417169333,0.9233652417169333,0.9193256986333305,0.8780487804878049,0.9444444444444444,0.9233652417169333,0.9233652417169333,
1105,151244,Network and computer systems administrators,15-1244,"[""15-1244""]",[107],[],107,"[""15-1244""]","[""15-1244""]","[""15-1244""]",[],[],[],[],1,1,1,COMPLETE_DOCUMENTED,detailed,covered,"Equal rated O*NET children within detailed SOC, then equal detailed SOC members; fully rated groups only",SINGLE_RATED_MEMBER,15,[],[],"{""pums_url"": ""https://www2.census.gov/programs-surveys/demo/guidance/industry-occupation/2018-ACS-PUMS-and-2018-SIPP-Public-Use-Occupation-Code-List.xlsx"", ""pums_sheet"": ""ACS"", ""bls_url"": ""https://www.bls.gov/soc/2018/soc_structure_2018.pdf"", ""onet_url"": ""https://www.onetcenter.org/taxonomy/2019/soc/2019_to_SOC_Crosswalk.xlsx?fmt=xlsx""}",PROVISIONAL_AUDIT_NOT_FINAL,0.7297297297297298,0.7297297297297298,0.7297297297297298,0.7297297297297298,0.7297297297297298,0.7297297297297298,0.7297297297297298,
1106,151241,Computer network architects,15-1241,"[""15-1241""]",[108],[],108,"[""15-1241""]","[""15-1241""]","[""15-1241""]",[],[],[],[],1,1,1,COMPLETE_DOCUMENTED,detailed,covered,"Equal rated O*NET children within detailed SOC, then equal detailed SOC members; fully rated groups only",UNKNOWN_INTERNAL_EMPLOYMENT_SHARES,15,[],[],"{""pums_url"": ""https://www2.census.gov/programs-surveys/demo/guidance/industry-occupation/2018-ACS-PUMS-and-2018-SIPP-Public-Use-Occupation-Code-List.xlsx"", ""pums_sheet"": ""ACS"", ""bls_url"": ""https://www.bls.gov/soc/2018/soc_structure_2018.pdf"", ""onet_url"": ""https://www.onetcenter.org/taxonomy/2019/soc/2019_to_SOC_Crosswalk.xlsx?fmt=xlsx""}",PROVISIONAL_AUDIT_NOT_FINAL,0.6352227393617021,0.6352227393617021,0.6352227393617021,0.6063829787234043,0.6640625,0.6352227393617021,0.6352227393617021,
1108,151299,"Computer occupations, all other",15-1299,"[""15-1299""]",[109],[],109,"[""15-1299""]","[""15-1299""]",[],[],"[""15-1299""]","[""15-1299""]",[],1,1,0,COMPLETE_DOCUMENTED,detailed,B_unrated_detailed_or_child,"Equal rated O*NET children within detailed SOC, then equal detailed SOC members; fully rated groups only",UNKNOWN_INTERNAL_EMPLOYMENT_SHARES,15,"[""15-1299""]","[""15-1299.00""]","{""pums_url"": ""https://www2.census.gov/programs-surveys/demo/guidance/industry-occupation/2018-ACS-PUMS-and-2018-SIPP-Public-Use-Occupation-Code-List.xlsx"", ""pums_sheet"": ""ACS"", ""bls_url"": ""https://www.bls.gov/soc/2018/soc_structure_2018.pdf"", ""onet_url"": ""https://www.onetcenter.org/taxonomy/2019/soc/2019_to_SOC_Crosswalk.xlsx?fmt=xlsx""}",PROVISIONAL_AUDIT_NOT_FINAL,0.7357861863332168,,,,,0.0,1.0,
1200,152011,Actuaries,15-2011,"[""15-2011""]",[110],[],110,"[""15-2011""]","[""15-2011""]","[""15-2011""]",[],[],[],[],1,1,1,COMPLETE_DOCUMENTED,detailed,covered,"Equal rated O*NET children within detailed SOC, then equal detailed SOC members; fully rated groups only",SINGLE_RATED_MEMBER,15,[],[],"{""pums_url"": ""https://www2.census.gov/programs-surveys/demo/guidance/industry-occupation/2018-ACS-PUMS-and-2018-SIPP-Public-Use-Occupation-Code-List.xlsx"", ""pums_sheet"": ""ACS"", ""bls_url"": ""https://www.bls.gov/soc/2018/soc_structure_2018.pdf"", ""onet_url"": ""https://www.onetcenter.org/taxonomy/2019/soc/2019_to_SOC_Crosswalk.xlsx?fmt=xlsx""}",PROVISIONAL_AUDIT_NOT_FINAL,0.5,0.5,0.5,0.5,0.5,0.5,0.5,
1220,152031,Operations research analysts,15-2031,"[""15-2031""]",[111],[],111,"[""15-2031""]","[""15-2031""]","[""15-2031""]",[],[],[],[],1,1,1,COMPLETE_DOCUMENTED,detailed,covered,"Equal rated O*NET children within detailed SOC, then equal detailed SOC members; fully rated groups only",SINGLE_RATED_MEMBER,15,[],[],"{""pums_url"": ""https://www2.census.gov/programs-surveys/demo/guidance/industry-occupation/2018-ACS-PUMS-and-2018-SIPP-Public-Use-Occupation-Code-List.xlsx"", ""pums_sheet"": ""ACS"", ""bls_url"": ""https://www.bls.gov/soc/2018/soc_structure_2018.pdf"", ""onet_url"": ""https://www.onetcenter.org/taxonomy/2019/soc/2019_to_SOC_Crosswalk.xlsx?fmt=xlsx""}",PROVISIONAL_AUDIT_NOT_FINAL,0.6290322580645161,0.6290322580645161,0.6290322580645161,0.6290322580645161,0.6290322580645161,0.6290322580645161,0.6290322580645161,
1240,1520XX,Other mathematical science occupations,15-20XX,"[""15-2021"", ""15-2041"", ""15-2051"", ""15-2099""]","[114, 115, 118, 119]","[""15-20XX""]",112,"[""15-2021"", ""15-2041"", ""15-2051"", ""15-2099""]","[""15-2021"", ""15-2041"", ""15-2051"", ""15-2099""]","[""15-2021"", ""15-2041"", ""15-2051""]",[],"[""15-2099""]","[""15-2099""]",[],4,4,3,COMPLETE_DOCUMENTED,Census composite X/Y,B_unrated_detailed_or_child,"Equal rated O*NET children within detailed SOC, then equal detailed SOC members; fully rated groups only",UNKNOWN_INTERNAL_EMPLOYMENT_SHARES,15,"[""15-2099""]","[""15-2099.00""]","{""pums_url"": ""https://www2.census.gov/programs-surveys/demo/guidance/industry-occupation/2018-ACS-PUMS-and-2018-SIPP-Public-Use-Occupation-Code-List.xlsx"", ""pums_sheet"": ""ACS"", ""bls_url"": ""https://www.bls.gov/soc/2018/soc_structure_2018.pdf"", ""onet_url"": ""https://www.onetcenter.org/taxonomy/2019/soc/2019_to_SOC_Crosswalk.xlsx?fmt=xlsx""}",PROVISIONAL_AUDIT_NOT_FINAL,0.8215566852737906,,,,,0.0,1.0,
1305,171011,"Architects, except landscape and naval",17-1011,"[""17-1011""]",[123],[],123,"[""17-1011""]","[""17-1011""]","[""17-1011""]",[],[],[],[],1,1,1,COMPLETE_DOCUMENTED,detailed,covered,"Equal rated O*NET children within detailed SOC, then equal detailed SOC members; fully rated groups only",SINGLE_RATED_MEMBER,17,[],[],"{""pums_url"": ""https://www2.census.gov/programs-surveys/demo/guidance/industry-occupation/2018-ACS-PUMS-and-2018-SIPP-Public-Use-Occupation-Code-List.xlsx"", ""pums_sheet"": ""ACS"", ""bls_url"": ""https://www.bls.gov/soc/2018/soc_structure_2018.pdf"", ""onet_url"": ""https://www.onetcenter.org/taxonomy/2019/soc/2019_to_SOC_Crosswalk.xlsx?fmt=xlsx""}",PROVISIONAL_AUDIT_NOT_FINAL,0.4883720930232558,0.4883720930232558,0.4883720930232558,0.4883720930232558,0.4883720930232558,0.4883720930232558,0.4883720930232558,
1306,171012,Landscape architects,17-1012,"[""17-1012""]",[124],[],124,"[""17-1012""]","[""17-1012""]","[""17-1012""]",[],[],[],[],1,1,1,COMPLETE_DOCUMENTED,detailed,covered,"Equal rated O*NET children within detailed SOC, then equal detailed SOC members; fully rated groups only",SINGLE_RATED_MEMBER,17,[],[],"{""pums_url"": ""https://www2.census.gov/programs-surveys/demo/guidance/industry-occupation/2018-ACS-PUMS-and-2018-SIPP-Public-Use-Occupation-Code-List.xlsx"", ""pums_sheet"": ""ACS"", ""bls_url"": ""https://www.bls.gov/soc/2018/soc_structure_2018.pdf"", ""onet_url"": ""https://www.onetcenter.org/taxonomy/2019/soc/2019_to_SOC_Crosswalk.xlsx?fmt=xlsx""}",PROVISIONAL_AUDIT_NOT_FINAL,0.4210526315789473,0.4210526315789473,0.4210526315789473,0.4210526315789473,0.4210526315789473,0.4210526315789473,0.4210526315789473,
1310,171020,"Surveyors, cartographers, and photogrammetrists",17-1020,"[""17-1020""]",[125],[],125,"[""17-1021"", ""17-1022""]","[""17-1021"", ""17-1022""]","[""17-1021"", ""17-1022""]",[],[],[],[],2,2,2,COMPLETE_DOCUMENTED,broad,covered,"Equal rated O*NET children within detailed SOC, then equal detailed SOC members; fully rated groups only",UNKNOWN_INTERNAL_EMPLOYMENT_SHARES,17,[],[],"{""pums_url"": ""https://www2.census.gov/programs-surveys/demo/guidance/industry-occupation/2018-ACS-PUMS-and-2018-SIPP-Public-Use-Occupation-Code-List.xlsx"", ""pums_sheet"": ""ACS"", ""bls_url"": ""https://www.bls.gov/soc/2018/soc_structure_2018.pdf"", ""onet_url"": ""https://www.onetcenter.org/taxonomy/2019/soc/2019_to_SOC_Crosswalk.xlsx?fmt=xlsx""}",PROVISIONAL_AUDIT_NOT_FINAL,0.5150347222222222,0.5150347222222222,0.5133796296296297,0.4888888888888889,0.53125,0.5150347222222222,0.5150347222222222,
1320,172011,Aerospace engineers,17-2011,"[""17-2011""]",[126],[],126,"[""17-2011""]","[""17-2011""]","[""17-2011""]",[],[],[],[],1,1,1,COMPLETE_DOCUMENTED,detailed,covered,"Equal rated O*NET children within detailed SOC, then equal detailed SOC members; fully rated groups only",SINGLE_RATED_MEMBER,17,[],[],"{""pums_url"": ""https://www2.census.gov/programs-surveys/demo/guidance/industry-occupation/2018-ACS-PUMS-and-2018-SIPP-Public-Use-Occupation-Code-List.xlsx"", ""pums_sheet"": ""ACS"", ""bls_url"": ""https://www.bls.gov/soc/2018/soc_structure_2018.pdf"", ""onet_url"": ""https://www.onetcenter.org/taxonomy/2019/soc/2019_to_SOC_Crosswalk.xlsx?fmt=xlsx""}",PROVISIONAL_AUDIT_NOT_FINAL,0.5714285714285714,0.5714285714285714,0.5714285714285714,0.5714285714285714,0.5714285714285714,0.5714285714285714,0.5714285714285714,
1340,1720XX,Biomedical and agricultural engineers,17-20XX,"[""17-2021"", ""17-2031""]","[129, 130]",[],127,"[""17-2021"", ""17-2031""]","[""17-2021"", ""17-2031""]","[""17-2021"", ""17-2031""]",[],[],[],[],2,2,2,COMPLETE_DOCUMENTED,Census composite X/Y,covered,"Equal rated O*NET children within detailed SOC, then equal detailed SOC members; fully rated groups only",UNKNOWN_INTERNAL_EMPLOYMENT_SHARES,17,[],[],"{""pums_url"": ""https://www2.census.gov/programs-surveys/demo/guidance/industry-occupation/2018-ACS-PUMS-and-2018-SIPP-Public-Use-Occupation-Code-List.xlsx"", ""pums_sheet"": ""ACS"", ""bls_url"": ""https://www.bls.gov/soc/2018/soc_structure_2018.pdf"", ""onet_url"": ""https://www.onetcenter.org/taxonomy/2019/soc/2019_to_SOC_Crosswalk.xlsx?fmt=xlsx""}",PROVISIONAL_AUDIT_NOT_FINAL,0.5078347578347578,0.5078347578347578,0.5078347578347578,0.4259259259259259,0.5897435897435898,0.5078347578347578,0.5078347578347578,
1350,172041,Chemical engineers,17-2041,"[""17-2041""]",[131],[],131,"[""17-2041""]","[""17-2041""]","[""17-2041""]",[],[],[],[],1,1,1,COMPLETE_DOCUMENTED,detailed,covered,"Equal rated O*NET children within detailed SOC, then equal detailed SOC members; fully rated groups only",SINGLE_RATED_MEMBER,17,[],[],"{""pums_url"": ""https://www2.census.gov/programs-surveys/demo/guidance/industry-occupation/2018-ACS-PUMS-and-2018-SIPP-Public-Use-Occupation-Code-List.xlsx"", ""pums_sheet"": ""ACS"", ""bls_url"": ""https://www.bls.gov/soc/2018/soc_structure_2018.pdf"", ""onet_url"": ""https://www.onetcenter.org/taxonomy/2019/soc/2019_to_SOC_Crosswalk.xlsx?fmt=xlsx""}",PROVISIONAL_AUDIT_NOT_FINAL,0.4615384615384615,0.4615384615384615,0.4615384615384615,0.4615384615384615,0.4615384615384615,0.4615384615384615,0.4615384615384615,
1360,172051,Civil engineers,17-2051,"[""17-2051""]",[132],[],132,"[""17-2051""]","[""17-2051""]","[""17-2051""]",[],[],[],[],1,1,1,COMPLETE_DOCUMENTED,detailed,covered,"Equal rated O*NET children within detailed SOC, then equal detailed SOC members; fully rated groups only",UNKNOWN_INTERNAL_EMPLOYMENT_SHARES,17,[],[],"{""pums_url"": ""https://www2.census.gov/programs-surveys/demo/guidance/industry-occupation/2018-ACS-PUMS-and-2018-SIPP-Public-Use-Occupation-Code-List.xlsx"", ""pums_sheet"": ""ACS"", ""bls_url"": ""https://www.bls.gov/soc/2018/soc_structure_2018.pdf"", ""onet_url"": ""https://www.onetcenter.org/taxonomy/2019/soc/2019_to_SOC_Crosswalk.xlsx?fmt=xlsx""}",PROVISIONAL_AUDIT_NOT_FINAL,0.48214285714285715,0.48214285714285715,0.48214285714285715,0.4464285714285714,0.5,0.48214285714285715,0.48214285714285715,
1400,172061,Computer hardware engineers,17-2061,"[""17-2061""]",[133],[],133,"[""17-2061""]","[""17-2061""]","[""17-2061""]",[],[],[],[],1,1,1,COMPLETE_DOCUMENTED,detailed,covered,"Equal rated O*NET children within detailed SOC, then equal detailed SOC members; fully rated groups only",SINGLE_RATED_MEMBER,17,[],[],"{""pums_url"": ""https://www2.census.gov/programs-surveys/demo/guidance/industry-occupation/2018-ACS-PUMS-and-2018-SIPP-Public-Use-Occupation-Code-List.xlsx"", ""pums_sheet"": ""ACS"", ""bls_url"": ""https://www.bls.gov/soc/2018/soc_structure_2018.pdf"", ""onet_url"": ""https://www.onetcenter.org/taxonomy/2019/soc/2019_to_SOC_Crosswalk.xlsx?fmt=xlsx""}",PROVISIONAL_AUDIT_NOT_FINAL,0.7272727272727273,0.7272727272727273,0.7272727272727273,0.7272727272727273,0.7272727272727273,0.7272727272727273,0.7272727272727273,
1410,172070,Electrical and electronics engineers,17-2070,"[""17-2070""]",[134],[],134,"[""17-2071"", ""17-2072""]","[""17-2071"", ""17-2072""]","[""17-2071"", ""17-2072""]",[],[],[],[],2,2,2,COMPLETE_DOCUMENTED,broad,covered,"Equal rated O*NET children within detailed SOC, then equal detailed SOC members; fully rated groups only",UNKNOWN_INTERNAL_EMPLOYMENT_SHARES,17,[],[],"{""pums_url"": ""https://www2.census.gov/programs-surveys/demo/guidance/industry-occupation/2018-ACS-PUMS-and-2018-SIPP-Public-Use-Occupation-Code-List.xlsx"", ""pums_sheet"": ""ACS"", ""bls_url"": ""https://www.bls.gov/soc/2018/soc_structure_2018.pdf"", ""onet_url"": ""https://www.onetcenter.org/taxonomy/2019/soc/2019_to_SOC_Crosswalk.xlsx?fmt=xlsx""}",PROVISIONAL_AUDIT_NOT_FINAL,0.5912990196078431,0.5912990196078431,0.6008986928104575,0.5625,0.6666666666666666,0.5912990196078431,0.5912990196078431,
1420,172081,Environmental engineers,17-2081,"[""17-2081""]",[135],[],135,"[""17-2081""]","[""17-2081""]","[""17-2081""]",[],[],[],[],1,1,1,COMPLETE_DOCUMENTED,detailed,covered,"Equal rated O*NET children within detailed SOC, then equal detailed SOC members; fully rated groups only",SINGLE_RATED_MEMBER,17,[],[],"{""pums_url"": ""https://www2.census.gov/programs-surveys/demo/guidance/industry-occupation/2018-ACS-PUMS-and-2018-SIPP-Public-Use-Occupation-Code-List.xlsx"", ""pums_sheet"": ""ACS"", ""bls_url"": ""https://www.bls.gov/soc/2018/soc_structure_2018.pdf"", ""onet_url"": ""https://www.onetcenter.org/taxonomy/2019/soc/2019_to_SOC_Crosswalk.xlsx?fmt=xlsx""}",PROVISIONAL_AUDIT_NOT_FINAL,0.5555555555555556,0.5555555555555556,0.5555555555555556,0.5555555555555556,0.5555555555555556,0.5555555555555556,0.5555555555555556,
1430,172110,"Industrial engineers, including health and safety",17-2110,"[""17-2110""]",[136],[],136,"[""17-2111"", ""17-2112""]","[""17-2111"", ""17-2112""]","[""17-2111"", ""17-2112""]",[],[],[],[],2,2,2,COMPLETE_DOCUMENTED,broad,covered,"Equal rated O*NET children within detailed SOC, then equal detailed SOC members; fully rated groups only",UNKNOWN_INTERNAL_EMPLOYMENT_SHARES,17,[],[],"{""pums_url"": ""https://www2.census.gov/programs-surveys/demo/guidance/industry-occupation/2018-ACS-PUMS-and-2018-SIPP-Public-Use-Occupation-Code-List.xlsx"", ""pums_sheet"": ""ACS"", ""bls_url"": ""https://www.bls.gov/soc/2018/soc_structure_2018.pdf"", ""onet_url"": ""https://www.onetcenter.org/taxonomy/2019/soc/2019_to_SOC_Crosswalk.xlsx?fmt=xlsx""}",PROVISIONAL_AUDIT_NOT_FINAL,0.5292929028791291,0.5292929028791291,0.5376469474285824,0.47,0.7023809523809523,0.5292929028791291,0.5292929028791291,
1440,172121,Marine engineers and naval architects,17-2121,"[""17-2121""]",[137],[],137,"[""17-2121""]","[""17-2121""]","[""17-2121""]",[],[],[],[],1,1,1,COMPLETE_DOCUMENTED,detailed,covered,"Equal rated O*NET children within detailed SOC, then equal detailed SOC members; fully rated groups only",SINGLE_RATED_MEMBER,17,[],[],"{""pums_url"": ""https://www2.census.gov/programs-surveys/demo/guidance/industry-occupation/2018-ACS-PUMS-and-2018-SIPP-Public-Use-Occupation-Code-List.xlsx"", ""pums_sheet"": ""ACS"", ""bls_url"": ""https://www.bls.gov/soc/2018/soc_structure_2018.pdf"", ""onet_url"": ""https://www.onetcenter.org/taxonomy/2019/soc/2019_to_SOC_Crosswalk.xlsx?fmt=xlsx""}",PROVISIONAL_AUDIT_NOT_FINAL,0.4210526315789473,0.4210526315789473,0.4210526315789473,0.4210526315789473,0.4210526315789473,0.4210526315789473,0.4210526315789473,
1450,172131,Materials engineers,17-2131,"[""17-2131""]",[138],[],138,"[""17-2131""]","[""17-2131""]","[""17-2131""]",[],[],[],[],1,1,1,COMPLETE_DOCUMENTED,detailed,covered,"Equal rated O*NET children within detailed SOC, then equal detailed SOC members; fully rated groups only",SINGLE_RATED_MEMBER,17,[],[],"{""pums_url"": ""https://www2.census.gov/programs-surveys/demo/guidance/industry-occupation/2018-ACS-PUMS-and-2018-SIPP-Public-Use-Occupation-Code-List.xlsx"", ""pums_sheet"": ""ACS"", ""bls_url"": ""https://www.bls.gov/soc/2018/soc_structure_2018.pdf"", ""onet_url"": ""https://www.onetcenter.org/taxonomy/2019/soc/2019_to_SOC_Crosswalk.xlsx?fmt=xlsx""}",PROVISIONAL_AUDIT_NOT_FINAL,0.4878048780487805,0.4878048780487805,0.4878048780487805,0.4878048780487805,0.4878048780487805,0.4878048780487805,0.4878048780487805,
1460,172141,Mechanical engineers,17-2141,"[""17-2141""]",[139],[],139,"[""17-2141""]","[""17-2141""]","[""17-2141""]",[],[],[],[],1,1,1,COMPLETE_DOCUMENTED,detailed,covered,"Equal rated O*NET children within detailed SOC, then equal detailed SOC members; fully rated groups only",UNKNOWN_INTERNAL_EMPLOYMENT_SHARES,17,[],[],"{""pums_url"": ""https://www2.census.gov/programs-surveys/demo/guidance/industry-occupation/2018-ACS-PUMS-and-2018-SIPP-Public-Use-Occupation-Code-List.xlsx"", ""pums_sheet"": ""ACS"", ""bls_url"": ""https://www.bls.gov/soc/2018/soc_structure_2018.pdf"", ""onet_url"": ""https://www.onetcenter.org/taxonomy/2019/soc/2019_to_SOC_Crosswalk.xlsx?fmt=xlsx""}",PROVISIONAL_AUDIT_NOT_FINAL,0.5312935096519228,0.5312935096519228,0.5312935096519228,0.4534883720930232,0.66,0.5312935096519228,0.5312935096519228,
1520,1721XX,"Petroleum, mining and geological engineers, including mining safety engineers",17-21XX,"[""17-2151"", ""17-2171""]","[142, 143]",[],140,"[""17-2151"", ""17-2171""]","[""17-2151"", ""17-2171""]","[""17-2151"", ""17-2171""]",[],[],[],[],2,2,2,COMPLETE_DOCUMENTED,Census composite X/Y,covered,"Equal rated O*NET children within detailed SOC, then equal detailed SOC members; fully rated groups only",UNKNOWN_INTERNAL_EMPLOYMENT_SHARES,17,[],[],"{""pums_url"": ""https://www2.census.gov/programs-surveys/demo/guidance/industry-occupation/2018-ACS-PUMS-and-2018-SIPP-Public-Use-Occupation-Code-List.xlsx"", ""pums_sheet"": ""ACS"", ""bls_url"": ""https://www.bls.gov/soc/2018/soc_structure_2018.pdf"", ""onet_url"": ""https://www.onetcenter.org/taxonomy/2019/soc/2019_to_SOC_Crosswalk.xlsx?fmt=xlsx""}",PROVISIONAL_AUDIT_NOT_FINAL,0.5046296296296295,0.5046296296296295,0.5046296296296295,0.4814814814814814,0.5277777777777778,0.5046296296296295,0.5046296296296295,
1530,1721YY,Other engineers,17-21YY,"[""17-2161"", ""17-2199""]","[146, 147]",[],144,"[""17-2161"", ""17-2199""]","[""17-2161"", ""17-2199""]","[""17-2161""]",[],"[""17-2199""]","[""17-2199""]",[],2,2,1,COMPLETE_DOCUMENTED,Census composite X/Y,B_unrated_detailed_or_child,"Equal rated O*NET children within detailed SOC, then equal detailed SOC members; fully rated groups only",UNKNOWN_INTERNAL_EMPLOYMENT_SHARES,17,"[""17-2199""]","[""17-2199.00""]","{""pums_url"": ""https://www2.census.gov/programs-surveys/demo/guidance/industry-occupation/2018-ACS-PUMS-and-2018-SIPP-Public-Use-Occupation-Code-List.xlsx"", ""pums_sheet"": ""ACS"", ""bls_url"": ""https://www.bls.gov/soc/2018/soc_structure_2018.pdf"", ""onet_url"": ""https://www.onetcenter.org/taxonomy/2019/soc/2019_to_SOC_Crosswalk.xlsx?fmt=xlsx""}",PROVISIONAL_AUDIT_NOT_FINAL,0.5363248100138345,,,,,0.0,1.0,
1541,173011,Architectural and civil drafters,17-3011,"[""17-3011""]",[148],[],148,"[""17-3011""]","[""17-3011""]","[""17-3011""]",[],[],[],[],1,1,1,COMPLETE_DOCUMENTED,detailed,covered,"Equal rated O*NET children within detailed SOC, then equal detailed SOC members; fully rated groups only",SINGLE_RATED_MEMBER,17,[],[],"{""pums_url"": ""https://www2.census.gov/programs-surveys/demo/guidance/industry-occupation/2018-ACS-PUMS-and-2018-SIPP-Public-Use-Occupation-Code-List.xlsx"", ""pums_sheet"": ""ACS"", ""bls_url"": ""https://www.bls.gov/soc/2018/soc_structure_2018.pdf"", ""onet_url"": ""https://www.onetcenter.org/taxonomy/2019/soc/2019_to_SOC_Crosswalk.xlsx?fmt=xlsx""}",PROVISIONAL_AUDIT_NOT_FINAL,0.54,0.54,0.54,0.54,0.54,0.54,0.54,
1545,17301X,Other drafters,17-301X,"[""17-3012"", ""17-3013"", ""17-3019""]","[151, 152, 153]",[],149,"[""17-3012"", ""17-3013"", ""17-3019""]","[""17-3012"", ""17-3013""]","[""17-3012"", ""17-3013""]","[""17-3019""]",[],"[""17-3019""]",[],3,2,2,COMPLETE_DOCUMENTED,Census composite X/Y,B_unrated_detailed_or_child,"Equal rated O*NET children within detailed SOC, then equal detailed SOC members; fully rated groups only",UNKNOWN_INTERNAL_EMPLOYMENT_SHARES,17,"[""17-3019""]","[""17-3019.00""]","{""pums_url"": ""https://www2.census.gov/programs-surveys/demo/guidance/industry-occupation/2018-ACS-PUMS-and-2018-SIPP-Public-Use-Occupation-Code-List.xlsx"", ""pums_sheet"": ""ACS"", ""bls_url"": ""https://www.bls.gov/soc/2018/soc_structure_2018.pdf"", ""onet_url"": ""https://www.onetcenter.org/taxonomy/2019/soc/2019_to_SOC_Crosswalk.xlsx?fmt=xlsx""}",PROVISIONAL_AUDIT_NOT_FINAL,,,,,,0.0,1.0,
1551,173023,Electrical and electronic engineering technologists and technicians,17-3023,"[""17-3023""]",[154],[],154,"[""17-3023""]","[""17-3023""]","[""17-3023""]",[],[],[],[],1,1,1,COMPLETE_DOCUMENTED,detailed,covered,"Equal rated O*NET children within detailed SOC, then equal detailed SOC members; fully rated groups only",SINGLE_RATED_MEMBER,17,[],[],"{""pums_url"": ""https://www2.census.gov/programs-surveys/demo/guidance/industry-occupation/2018-ACS-PUMS-and-2018-SIPP-Public-Use-Occupation-Code-List.xlsx"", ""pums_sheet"": ""ACS"", ""bls_url"": ""https://www.bls.gov/soc/2018/soc_structure_2018.pdf"", ""onet_url"": ""https://www.onetcenter.org/taxonomy/2019/soc/2019_to_SOC_Crosswalk.xlsx?fmt=xlsx""}",PROVISIONAL_AUDIT_NOT_FINAL,0.4056603773584905,0.4056603773584905,0.4056603773584905,0.4056603773584905,0.4056603773584905,0.4056603773584905,0.4056603773584905,
1555,17302X,"Other engineering technologists and technicians, except drafters",17-302X,"[""17-3021"", ""17-3022"", ""17-3024"", ""17-3025"", ""17-3026"", ""17-3027"", ""17-3028"", ""17-3029""]","[157, 158, 159, 160, 161, 162, 163, 164]",[],155,"[""17-3021"", ""17-3022"", ""17-3024"", ""17-3025"", ""17-3026"", ""17-3027"", ""17-3028"", ""17-3029""]","[""17-3021"", ""17-3022"", ""17-3024"", ""17-3025"", ""17-3026"", ""17-3027"", ""17-3028"", ""17-3029""]","[""17-3021"", ""17-3022"", ""17-3024"", ""17-3025"", ""17-3026"", ""17-3027"", ""17-3028""]",[],"[""17-3029""]","[""17-3029""]",[],8,8,7,COMPLETE_DOCUMENTED,Census composite X/Y,B_unrated_detailed_or_child,"Equal rated O*NET children within detailed SOC, then equal detailed SOC members; fully rated groups only",UNKNOWN_INTERNAL_EMPLOYMENT_SHARES,17,"[""17-3029""]","[""17-3029.00""]","{""pums_url"": ""https://www2.census.gov/programs-surveys/demo/guidance/industry-occupation/2018-ACS-PUMS-and-2018-SIPP-Public-Use-Occupation-Code-List.xlsx"", ""pums_sheet"": ""ACS"", ""bls_url"": ""https://www.bls.gov/soc/2018/soc_structure_2018.pdf"", ""onet_url"": ""https://www.onetcenter.org/taxonomy/2019/soc/2019_to_SOC_Crosswalk.xlsx?fmt=xlsx""}",PROVISIONAL_AUDIT_NOT_FINAL,0.3972061122887828,,,,,0.0,1.0,
1560,173031,Surveying and mapping technicians,17-3031,"[""17-3031""]",[165],[],165,"[""17-3031""]","[""17-3031""]","[""17-3031""]",[],[],[],[],1,1,1,COMPLETE_DOCUMENTED,detailed,covered,"Equal rated O*NET children within detailed SOC, then equal detailed SOC members; fully rated groups only",SINGLE_RATED_MEMBER,17,[],[],"{""pums_url"": ""https://www2.census.gov/programs-surveys/demo/guidance/industry-occupation/2018-ACS-PUMS-and-2018-SIPP-Public-Use-Occupation-Code-List.xlsx"", ""pums_sheet"": ""ACS"", ""bls_url"": ""https://www.bls.gov/soc/2018/soc_structure_2018.pdf"", ""onet_url"": ""https://www.onetcenter.org/taxonomy/2019/soc/2019_to_SOC_Crosswalk.xlsx?fmt=xlsx""}",PROVISIONAL_AUDIT_NOT_FINAL,0.5,0.5,0.5,0.5,0.5,0.5,0.5,
1600,191010,Agricultural and food scientists,19-1010,"[""19-1010""]",[169],[],169,"[""19-1011"", ""19-1012"", ""19-1013""]","[""19-1011"", ""19-1012"", ""19-1013""]","[""19-1011"", ""19-1012"", ""19-1013""]",[],[],[],[],3,3,3,COMPLETE_DOCUMENTED,broad,covered,"Equal rated O*NET children within detailed SOC, then equal detailed SOC members; fully rated groups only",UNKNOWN_INTERNAL_EMPLOYMENT_SHARES,19,[],[],"{""pums_url"": ""https://www2.census.gov/programs-surveys/demo/guidance/industry-occupation/2018-ACS-PUMS-and-2018-SIPP-Public-Use-Occupation-Code-List.xlsx"", ""pums_sheet"": ""ACS"", ""bls_url"": ""https://www.bls.gov/soc/2018/soc_structure_2018.pdf"", ""onet_url"": ""https://www.onetcenter.org/taxonomy/2019/soc/2019_to_SOC_Crosswalk.xlsx?fmt=xlsx""}",PROVISIONAL_AUDIT_NOT_FINAL,0.45551142697881825,0.45551142697881825,0.45551142697881825,0.3461538461538461,0.53125,0.45551142697881825,0.45551142697881825,
1610,191020,Biological scientists,19-1020,"[""19-1020""]",[170],[],170,"[""19-1021"", ""19-1022"", ""19-1023"", ""19-1029""]","[""19-1021"", ""19-1022"", ""19-1023"", ""19-1029""]","[""19-1021"", ""19-1022"", ""19-1023""]",[],"[""19-1029""]","[""19-1029""]",[],4,4,3,COMPLETE_DOCUMENTED,broad,B_unrated_detailed_or_child,"Equal rated O*NET children within detailed SOC, then equal detailed SOC members; fully rated groups only",UNKNOWN_INTERNAL_EMPLOYMENT_SHARES,19,"[""19-1029""]","[""19-1029.00""]","{""pums_url"": ""https://www2.census.gov/programs-surveys/demo/guidance/industry-occupation/2018-ACS-PUMS-and-2018-SIPP-Public-Use-Occupation-Code-List.xlsx"", ""pums_sheet"": ""ACS"", ""bls_url"": ""https://www.bls.gov/soc/2018/soc_structure_2018.pdf"", ""onet_url"": ""https://www.onetcenter.org/taxonomy/2019/soc/2019_to_SOC_Crosswalk.xlsx?fmt=xlsx""}",PROVISIONAL_AUDIT_NOT_FINAL,0.46299294223954723,,,,,0.0,1.0,
1640,191030,Conservation scientists and foresters,19-1030,"[""19-1030""]",[171],[],171,"[""19-1031"", ""19-1032""]","[""19-1031"", ""19-1032""]","[""19-1031"", ""19-1032""]",[],[],[],[],2,2,2,COMPLETE_DOCUMENTED,broad,covered,"Equal rated O*NET children within detailed SOC, then equal detailed SOC members; fully rated groups only",UNKNOWN_INTERNAL_EMPLOYMENT_SHARES,19,[],[],"{""pums_url"": ""https://www2.census.gov/programs-surveys/demo/guidance/industry-occupation/2018-ACS-PUMS-and-2018-SIPP-Public-Use-Occupation-Code-List.xlsx"", ""pums_sheet"": ""ACS"", ""bls_url"": ""https://www.bls.gov/soc/2018/soc_structure_2018.pdf"", ""onet_url"": ""https://www.onetcenter.org/taxonomy/2019/soc/2019_to_SOC_Crosswalk.xlsx?fmt=xlsx""}",PROVISIONAL_AUDIT_NOT_FINAL,0.4035439705646826,0.4035439705646826,0.42149242643525925,0.3676470588235294,0.5151515151515151,0.4035439705646826,0.4035439705646826,
1650,1910XX,Other life scientists,19-10XX,"[""19-1040"", ""19-1099""]","[174, 175]",[],172,"[""19-1041"", ""19-1042"", ""19-1099""]","[""19-1041"", ""19-1042""]","[""19-1041"", ""19-1042""]","[""19-1099""]",[],"[""19-1099""]",[],3,2,2,COMPLETE_DOCUMENTED,Census composite X/Y,B_unrated_detailed_or_child,"Equal rated O*NET children within detailed SOC, then equal detailed SOC members; fully rated groups only",UNKNOWN_INTERNAL_EMPLOYMENT_SHARES,19,"[""19-1099""]","[""19-1099.00""]","{""pums_url"": ""https://www2.census.gov/programs-surveys/demo/guidance/industry-occupation/2018-ACS-PUMS-and-2018-SIPP-Public-Use-Occupation-Code-List.xlsx"", ""pums_sheet"": ""ACS"", ""bls_url"": ""https://www.bls.gov/soc/2018/soc_structure_2018.pdf"", ""onet_url"": ""https://www.onetcenter.org/taxonomy/2019/soc/2019_to_SOC_Crosswalk.xlsx?fmt=xlsx""}",PROVISIONAL_AUDIT_NOT_FINAL,,,,,,0.0,1.0,
1700,192010,Astronomers and physicists,19-2010,"[""19-2010""]",[176],[],176,"[""19-2011"", ""19-2012""]","[""19-2011"", ""19-2012""]","[""19-2011"", ""19-2012""]",[],[],[],[],2,2,2,COMPLETE_DOCUMENTED,broad,covered,"Equal rated O*NET children within detailed SOC, then equal detailed SOC members; fully rated groups only",UNKNOWN_INTERNAL_EMPLOYMENT_SHARES,19,[],[],"{""pums_url"": ""https://www2.census.gov/programs-surveys/demo/guidance/industry-occupation/2018-ACS-PUMS-and-2018-SIPP-Public-Use-Occupation-Code-List.xlsx"", ""pums_sheet"": ""ACS"", ""bls_url"": ""https://www.bls.gov/soc/2018/soc_structure_2018.pdf"", ""onet_url"": ""https://www.onetcenter.org/taxonomy/2019/soc/2019_to_SOC_Crosswalk.xlsx?fmt=xlsx""}",PROVISIONAL_AUDIT_NOT_FINAL,0.59375,0.59375,0.59375,0.4375,0.75,0.59375,0.59375,
1710,192021,Atmospheric and space scientists,19-2021,"[""19-2021""]",[177],[],177,"[""19-2021""]","[""19-2021""]","[""19-2021""]",[],[],[],[],1,1,1,COMPLETE_DOCUMENTED,detailed,covered,"Equal rated O*NET children within detailed SOC, then equal detailed SOC members; fully rated groups only",SINGLE_RATED_MEMBER,19,[],[],"{""pums_url"": ""https://www2.census.gov/programs-surveys/demo/guidance/industry-occupation/2018-ACS-PUMS-and-2018-SIPP-Public-Use-Occupation-Code-List.xlsx"", ""pums_sheet"": ""ACS"", ""bls_url"": ""https://www.bls.gov/soc/2018/soc_structure_2018.pdf"", ""onet_url"": ""https://www.onetcenter.org/taxonomy/2019/soc/2019_to_SOC_Crosswalk.xlsx?fmt=xlsx""}",PROVISIONAL_AUDIT_NOT_FINAL,0.5652173913043478,0.5652173913043478,0.5652173913043478,0.5652173913043478,0.5652173913043478,0.5652173913043478,0.5652173913043478,
1720,192030,Chemists and materials scientists,19-2030,"[""19-2030""]",[178],[],178,"[""19-2031"", ""19-2032""]","[""19-2031"", ""19-2032""]","[""19-2031"", ""19-2032""]",[],[],[],[],2,2,2,COMPLETE_DOCUMENTED,broad,covered,"Equal rated O*NET children within detailed SOC, then equal detailed SOC members; fully rated groups only",UNKNOWN_INTERNAL_EMPLOYMENT_SHARES,19,[],[],"{""pums_url"": ""https://www2.census.gov/programs-surveys/demo/guidance/industry-occupation/2018-ACS-PUMS-and-2018-SIPP-Public-Use-Occupation-Code-List.xlsx"", ""pums_sheet"": ""ACS"", ""bls_url"": ""https://www.bls.gov/soc/2018/soc_structure_2018.pdf"", ""onet_url"": ""https://www.onetcenter.org/taxonomy/2019/soc/2019_to_SOC_Crosswalk.xlsx?fmt=xlsx""}",PROVISIONAL_AUDIT_NOT_FINAL,0.43137931034482757,0.43137931034482757,0.43137931034482757,0.38,0.4827586206896551,0.43137931034482757,0.43137931034482757,
1745,192041,"Environmental scientists and specialists, including health",19-2041,"[""19-2041""]",[179],[],179,"[""19-2041""]","[""19-2041""]","[""19-2041""]",[],[],[],[],1,1,1,COMPLETE_DOCUMENTED,detailed,covered,"Equal rated O*NET children within detailed SOC, then equal detailed SOC members; fully rated groups only",UNKNOWN_INTERNAL_EMPLOYMENT_SHARES,19,[],[],"{""pums_url"": ""https://www2.census.gov/programs-surveys/demo/guidance/industry-occupation/2018-ACS-PUMS-and-2018-SIPP-Public-Use-Occupation-Code-List.xlsx"", ""pums_sheet"": ""ACS"", ""bls_url"": ""https://www.bls.gov/soc/2018/soc_structure_2018.pdf"", ""onet_url"": ""https://www.onetcenter.org/taxonomy/2019/soc/2019_to_SOC_Crosswalk.xlsx?fmt=xlsx""}",PROVISIONAL_AUDIT_NOT_FINAL,0.5217162952137376,0.5217162952137376,0.5217162952137376,0.5,0.5357142857142857,0.5217162952137376,0.5217162952137376,
1750,19204X,"Geoscientists and hydrologists, except geographers",19-204X,"[""19-2042"", ""19-2043""]","[182, 183]",[],180,"[""19-2042"", ""19-2043""]","[""19-2042"", ""19-2043""]","[""19-2042"", ""19-2043""]",[],[],[],[],2,2,2,COMPLETE_DOCUMENTED,Census composite X/Y,covered,"Equal rated O*NET children within detailed SOC, then equal detailed SOC members; fully rated groups only",UNKNOWN_INTERNAL_EMPLOYMENT_SHARES,19,[],[],"{""pums_url"": ""https://www2.census.gov/programs-surveys/demo/guidance/industry-occupation/2018-ACS-PUMS-and-2018-SIPP-Public-Use-Occupation-Code-List.xlsx"", ""pums_sheet"": ""ACS"", ""bls_url"": ""https://www.bls.gov/soc/2018/soc_structure_2018.pdf"", ""onet_url"": ""https://www.onetcenter.org/taxonomy/2019/soc/2019_to_SOC_Crosswalk.xlsx?fmt=xlsx""}",PROVISIONAL_AUDIT_NOT_FINAL,0.48333333333333334,0.48333333333333334,0.48333333333333334,0.4666666666666667,0.5,0.48333333333333334,0.48333333333333334,
1760,192099,"Physical scientists, all other",19-2099,"[""19-2099""]",[184],[],184,"[""19-2099""]","[""19-2099""]",[],[],"[""19-2099""]","[""19-2099""]",[],1,1,0,COMPLETE_DOCUMENTED,detailed,B_unrated_detailed_or_child,"Equal rated O*NET children within detailed SOC, then equal detailed SOC members; fully rated groups only",UNKNOWN_INTERNAL_EMPLOYMENT_SHARES,19,"[""19-2099""]","[""19-2099.00""]","{""pums_url"": ""https://www2.census.gov/programs-surveys/demo/guidance/industry-occupation/2018-ACS-PUMS-and-2018-SIPP-Public-Use-Occupation-Code-List.xlsx"", ""pums_sheet"": ""ACS"", ""bls_url"": ""https://www.bls.gov/soc/2018/soc_structure_2018.pdf"", ""onet_url"": ""https://www.onetcenter.org/taxonomy/2019/soc/2019_to_SOC_Crosswalk.xlsx?fmt=xlsx""}",PROVISIONAL_AUDIT_NOT_FINAL,0.4565217391304347,,,,,0.0,1.0,
1800,193011,Economists,19-3011,"[""19-3011""]",[185],[],185,"[""19-3011""]","[""19-3011""]","[""19-3011""]",[],[],[],[],1,1,1,COMPLETE_DOCUMENTED,detailed,covered,"Equal rated O*NET children within detailed SOC, then equal detailed SOC members; fully rated groups only",UNKNOWN_INTERNAL_EMPLOYMENT_SHARES,19,[],[],"{""pums_url"": ""https://www2.census.gov/programs-surveys/demo/guidance/industry-occupation/2018-ACS-PUMS-and-2018-SIPP-Public-Use-Occupation-Code-List.xlsx"", ""pums_sheet"": ""ACS"", ""bls_url"": ""https://www.bls.gov/soc/2018/soc_structure_2018.pdf"", ""onet_url"": ""https://www.onetcenter.org/taxonomy/2019/soc/2019_to_SOC_Crosswalk.xlsx?fmt=xlsx""}",PROVISIONAL_AUDIT_NOT_FINAL,0.5526315789473684,0.5526315789473684,0.5526315789473684,0.5,0.6052631578947368,0.5526315789473684,0.5526315789473684,
1821,193033,Clinical and counseling psychologists,19-3033,"[""19-3033""]",[186],[],186,"[""19-3033""]","[""19-3033""]","[""19-3033""]",[],[],[],[],1,1,1,COMPLETE_DOCUMENTED,detailed,covered,"Equal rated O*NET children within detailed SOC, then equal detailed SOC members; fully rated groups only",SINGLE_RATED_MEMBER,19,[],[],"{""pums_url"": ""https://www2.census.gov/programs-surveys/demo/guidance/industry-occupation/2018-ACS-PUMS-and-2018-SIPP-Public-Use-Occupation-Code-List.xlsx"", ""pums_sheet"": ""ACS"", ""bls_url"": ""https://www.bls.gov/soc/2018/soc_structure_2018.pdf"", ""onet_url"": ""https://www.onetcenter.org/taxonomy/2019/soc/2019_to_SOC_Crosswalk.xlsx?fmt=xlsx""}",PROVISIONAL_AUDIT_NOT_FINAL,0.3703703703703703,0.3703703703703703,0.3703703703703703,0.3703703703703703,0.3703703703703703,0.3703703703703703,0.3703703703703703,
1822,193034,School psychologists,19-3034,"[""19-3034""]",[187],[],187,"[""19-3034""]","[""19-3034""]","[""19-3034""]",[],[],[],[],1,1,1,COMPLETE_DOCUMENTED,detailed,covered,"Equal rated O*NET children within detailed SOC, then equal detailed SOC members; fully rated groups only",SINGLE_RATED_MEMBER,19,[],[],"{""pums_url"": ""https://www2.census.gov/programs-surveys/demo/guidance/industry-occupation/2018-ACS-PUMS-and-2018-SIPP-Public-Use-Occupation-Code-List.xlsx"", ""pums_sheet"": ""ACS"", ""bls_url"": ""https://www.bls.gov/soc/2018/soc_structure_2018.pdf"", ""onet_url"": ""https://www.onetcenter.org/taxonomy/2019/soc/2019_to_SOC_Crosswalk.xlsx?fmt=xlsx""}",PROVISIONAL_AUDIT_NOT_FINAL,0.3918918918918919,0.3918918918918919,0.3918918918918919,0.3918918918918919,0.3918918918918919,0.3918918918918919,0.3918918918918919,
1825,19303X,Other psychologists,19-303X,"[""19-3032"", ""19-3039""]","[190, 191]",[],188,"[""19-3032"", ""19-3039""]","[""19-3032"", ""19-3039""]","[""19-3032""]",[],"[""19-3039""]","[""19-3039""]",[],2,2,1,COMPLETE_DOCUMENTED,Census composite X/Y,B_unrated_detailed_or_child,"Equal rated O*NET children within detailed SOC, then equal detailed SOC members; fully rated groups only",UNKNOWN_INTERNAL_EMPLOYMENT_SHARES,19,"[""19-3039""]","[""19-3039.00""]","{""pums_url"": ""https://www2.census.gov/programs-surveys/demo/guidance/industry-occupation/2018-ACS-PUMS-and-2018-SIPP-Public-Use-Occupation-Code-List.xlsx"", ""pums_sheet"": ""ACS"", ""bls_url"": ""https://www.bls.gov/soc/2018/soc_structure_2018.pdf"", ""onet_url"": ""https://www.onetcenter.org/taxonomy/2019/soc/2019_to_SOC_Crosswalk.xlsx?fmt=xlsx""}",PROVISIONAL_AUDIT_NOT_FINAL,0.4716269841269841,,,,,0.0,1.0,
1840,193051,Urban and regional planners,19-3051,"[""19-3051""]",[192],[],192,"[""19-3051""]","[""19-3051""]","[""19-3051""]",[],[],[],[],1,1,1,COMPLETE_DOCUMENTED,detailed,covered,"Equal rated O*NET children within detailed SOC, then equal detailed SOC members; fully rated groups only",SINGLE_RATED_MEMBER,19,[],[],"{""pums_url"": ""https://www2.census.gov/programs-surveys/demo/guidance/industry-occupation/2018-ACS-PUMS-and-2018-SIPP-Public-Use-Occupation-Code-List.xlsx"", ""pums_sheet"": ""ACS"", ""bls_url"": ""https://www.bls.gov/soc/2018/soc_structure_2018.pdf"", ""onet_url"": ""https://www.onetcenter.org/taxonomy/2019/soc/2019_to_SOC_Crosswalk.xlsx?fmt=xlsx""}",PROVISIONAL_AUDIT_NOT_FINAL,0.4772727272727273,0.4772727272727273,0.4772727272727273,0.4772727272727273,0.4772727272727273,0.4772727272727273,0.4772727272727273,
1860,1930XX,Other social scientists,19-30XX,"[""19-3022"", ""19-3041"", ""19-3090""]","[195, 196, 197]",[],193,"[""19-3022"", ""19-3041"", ""19-3091"", ""19-3092"", ""19-3093"", ""19-3094"", ""19-3099""]","[""19-3022"", ""19-3041"", ""19-3091"", ""19-3092"", ""19-3093"", ""19-3094"", ""19-3099""]","[""19-3022"", ""19-3041"", ""19-3091"", ""19-3092"", ""19-3093"", ""19-3094""]",[],"[""19-3099""]","[""19-3099""]",[],7,7,6,COMPLETE_DOCUMENTED,Census composite X/Y,B_unrated_detailed_or_child,"Equal rated O*NET children within detailed SOC, then equal detailed SOC members; fully rated groups only",UNKNOWN_INTERNAL_EMPLOYMENT_SHARES,19,"[""19-3099""]","[""19-3099.00""]","{""pums_url"": ""https://www2.census.gov/programs-surveys/demo/guidance/industry-occupation/2018-ACS-PUMS-and-2018-SIPP-Public-Use-Occupation-Code-List.xlsx"", ""pums_sheet"": ""ACS"", ""bls_url"": ""https://www.bls.gov/soc/2018/soc_structure_2018.pdf"", ""onet_url"": ""https://www.onetcenter.org/taxonomy/2019/soc/2019_to_SOC_Crosswalk.xlsx?fmt=xlsx""}",PROVISIONAL_AUDIT_NOT_FINAL,0.5113176288602574,,,,,0.0,1.0,
1900,194010,Agricultural and food science technicians,19-4010,"[""19-4010""]",[198],[],198,"[""19-4012"", ""19-4013""]","[""19-4012"", ""19-4013""]","[""19-4012"", ""19-4013""]",[],[],[],[],2,2,2,COMPLETE_DOCUMENTED,broad,covered,"Equal rated O*NET children within detailed SOC, then equal detailed SOC members; fully rated groups only",UNKNOWN_INTERNAL_EMPLOYMENT_SHARES,19,[],[],"{""pums_url"": ""https://www2.census.gov/programs-surveys/demo/guidance/industry-occupation/2018-ACS-PUMS-and-2018-SIPP-Public-Use-Occupation-Code-List.xlsx"", ""pums_sheet"": ""ACS"", ""bls_url"": ""https://www.bls.gov/soc/2018/soc_structure_2018.pdf"", ""onet_url"": ""https://www.onetcenter.org/taxonomy/2019/soc/2019_to_SOC_Crosswalk.xlsx?fmt=xlsx""}",PROVISIONAL_AUDIT_NOT_FINAL,0.38343253968253965,0.38343253968253965,0.39219576719576715,0.3194444444444444,0.5,0.38343253968253965,0.38343253968253965,
1910,194021,Biological technicians,19-4021,"[""19-4021""]",[199],[],199,"[""19-4021""]","[""19-4021""]","[""19-4021""]",[],[],[],[],1,1,1,COMPLETE_DOCUMENTED,detailed,covered,"Equal rated O*NET children within detailed SOC, then equal detailed SOC members; fully rated groups only",SINGLE_RATED_MEMBER,19,[],[],"{""pums_url"": ""https://www2.census.gov/programs-surveys/demo/guidance/industry-occupation/2018-ACS-PUMS-and-2018-SIPP-Public-Use-Occupation-Code-List.xlsx"", ""pums_sheet"": ""ACS"", ""bls_url"": ""https://www.bls.gov/soc/2018/soc_structure_2018.pdf"", ""onet_url"": ""https://www.onetcenter.org/taxonomy/2019/soc/2019_to_SOC_Crosswalk.xlsx?fmt=xlsx""}",PROVISIONAL_AUDIT_NOT_FINAL,0.4166666666666666,0.4166666666666666,0.4166666666666666,0.4166666666666666,0.4166666666666666,0.4166666666666666,0.4166666666666666,
1920,194031,Chemical technicians,19-4031,"[""19-4031""]",[200],[],200,"[""19-4031""]","[""19-4031""]","[""19-4031""]",[],[],[],[],1,1,1,COMPLETE_DOCUMENTED,detailed,covered,"Equal rated O*NET children within detailed SOC, then equal detailed SOC members; fully rated groups only",SINGLE_RATED_MEMBER,19,[],[],"{""pums_url"": ""https://www2.census.gov/programs-surveys/demo/guidance/industry-occupation/2018-ACS-PUMS-and-2018-SIPP-Public-Use-Occupation-Code-List.xlsx"", ""pums_sheet"": ""ACS"", ""bls_url"": ""https://www.bls.gov/soc/2018/soc_structure_2018.pdf"", ""onet_url"": ""https://www.onetcenter.org/taxonomy/2019/soc/2019_to_SOC_Crosswalk.xlsx?fmt=xlsx""}",PROVISIONAL_AUDIT_NOT_FINAL,0.3928571428571428,0.3928571428571428,0.3928571428571428,0.3928571428571428,0.3928571428571428,0.3928571428571428,0.3928571428571428,
1935,1940XX,"Environmental science and geoscience technicians, and nuclear technicians",19-40XX,"[""19-4040"", ""19-4051""]","[203, 204]",[],201,"[""19-4042"", ""19-4043"", ""19-4044"", ""19-4051""]","[""19-4042"", ""19-4043"", ""19-4044"", ""19-4051""]","[""19-4042"", ""19-4043"", ""19-4044"", ""19-4051""]",[],[],[],[],4,4,4,COMPLETE_DOCUMENTED,Census composite X/Y,covered,"Equal rated O*NET children within detailed SOC, then equal detailed SOC members; fully rated groups only",UNKNOWN_INTERNAL_EMPLOYMENT_SHARES,19,[],[],"{""pums_url"": ""https://www2.census.gov/programs-surveys/demo/guidance/industry-occupation/2018-ACS-PUMS-and-2018-SIPP-Public-Use-Occupation-Code-List.xlsx"", ""pums_sheet"": ""ACS"", ""bls_url"": ""https://www.bls.gov/soc/2018/soc_structure_2018.pdf"", ""onet_url"": ""https://www.onetcenter.org/taxonomy/2019/soc/2019_to_SOC_Crosswalk.xlsx?fmt=xlsx""}",PROVISIONAL_AUDIT_NOT_FINAL,0.38271609826487873,0.38271609826487873,0.34318586562489,0.1428571428571428,0.5,0.38271609826487873,0.38271609826487873,
1970,1940YY,"Other life, physical, and social science technicians",19-40YY,"[""19-4061"", ""19-4071"", ""19-4090""]","[207, 210, 211]","[""19-40XX""]",205,"[""19-4061"", ""19-4071"", ""19-4092"", ""19-4099""]","[""19-4061"", ""19-4071"", ""19-4092"", ""19-4099""]","[""19-4061"", ""19-4071"", ""19-4092""]",[],"[""19-4099""]","[""19-4099""]",[],4,4,3,COMPLETE_DOCUMENTED,Census composite X/Y,B_unrated_detailed_or_child,"Equal rated O*NET children within detailed SOC, then equal detailed SOC members; fully rated groups only",UNKNOWN_INTERNAL_EMPLOYMENT_SHARES,19,"[""19-4099""]","[""19-4099.00""]","{""pums_url"": ""https://www2.census.gov/programs-surveys/demo/guidance/industry-occupation/2018-ACS-PUMS-and-2018-SIPP-Public-Use-Occupation-Code-List.xlsx"", ""pums_sheet"": ""ACS"", ""bls_url"": ""https://www.bls.gov/soc/2018/soc_structure_2018.pdf"", ""onet_url"": ""https://www.onetcenter.org/taxonomy/2019/soc/2019_to_SOC_Crosswalk.xlsx?fmt=xlsx""}",PROVISIONAL_AUDIT_NOT_FINAL,0.47887959101068234,,,,,0.0,1.0,
1980,195010,Occupational health and safety specialists and technicians,19-5010,"[""19-5010""]",[212],[],212,"[""19-5011"", ""19-5012""]","[""19-5011"", ""19-5012""]","[""19-5011"", ""19-5012""]",[],[],[],[],2,2,2,COMPLETE_DOCUMENTED,broad,covered,"Equal rated O*NET children within detailed SOC, then equal detailed SOC members; fully rated groups only",UNKNOWN_INTERNAL_EMPLOYMENT_SHARES,19,[],[],"{""pums_url"": ""https://www2.census.gov/programs-surveys/demo/guidance/industry-occupation/2018-ACS-PUMS-and-2018-SIPP-Public-Use-Occupation-Code-List.xlsx"", ""pums_sheet"": ""ACS"", ""bls_url"": ""https://www.bls.gov/soc/2018/soc_structure_2018.pdf"", ""onet_url"": ""https://www.onetcenter.org/taxonomy/2019/soc/2019_to_SOC_Crosswalk.xlsx?fmt=xlsx""}",PROVISIONAL_AUDIT_NOT_FINAL,0.3645833333333333,0.3645833333333333,0.3645833333333333,0.3333333333333333,0.3958333333333333,0.3645833333333333,0.3645833333333333,
2001,211011,Substance abuse and behavioral disorder counselors,21-1011,"[""21-1011""]",[218],[],218,"[""21-1011""]","[""21-1011""]","[""21-1011""]",[],[],[],[],1,1,1,COMPLETE_DOCUMENTED,detailed,covered,"Equal rated O*NET children within detailed SOC, then equal detailed SOC members; fully rated groups only",SINGLE_RATED_MEMBER,21,[],[],"{""pums_url"": ""https://www2.census.gov/programs-surveys/demo/guidance/industry-occupation/2018-ACS-PUMS-and-2018-SIPP-Public-Use-Occupation-Code-List.xlsx"", ""pums_sheet"": ""ACS"", ""bls_url"": ""https://www.bls.gov/soc/2018/soc_structure_2018.pdf"", ""onet_url"": ""https://www.onetcenter.org/taxonomy/2019/soc/2019_to_SOC_Crosswalk.xlsx?fmt=xlsx""}",PROVISIONAL_AUDIT_NOT_FINAL,0.2,0.2,0.2,0.2,0.2,0.2,0.2,
2002,211012,"Educational, guidance, and career counselors and advisors",21-1012,"[""21-1012""]",[219],[],219,"[""21-1012""]","[""21-1012""]","[""21-1012""]",[],[],[],[],1,1,1,COMPLETE_DOCUMENTED,detailed,covered,"Equal rated O*NET children within detailed SOC, then equal detailed SOC members; fully rated groups only",SINGLE_RATED_MEMBER,21,[],[],"{""pums_url"": ""https://www2.census.gov/programs-surveys/demo/guidance/industry-occupation/2018-ACS-PUMS-and-2018-SIPP-Public-Use-Occupation-Code-List.xlsx"", ""pums_sheet"": ""ACS"", ""bls_url"": ""https://www.bls.gov/soc/2018/soc_structure_2018.pdf"", ""onet_url"": ""https://www.onetcenter.org/taxonomy/2019/soc/2019_to_SOC_Crosswalk.xlsx?fmt=xlsx""}",PROVISIONAL_AUDIT_NOT_FINAL,0.2894736842105263,0.2894736842105263,0.2894736842105263,0.2894736842105263,0.2894736842105263,0.2894736842105263,0.2894736842105263,
2003,211013,Marriage and family therapists,21-1013,"[""21-1013""]",[220],[],220,"[""21-1013""]","[""21-1013""]","[""21-1013""]",[],[],[],[],1,1,1,COMPLETE_DOCUMENTED,detailed,covered,"Equal rated O*NET children within detailed SOC, then equal detailed SOC members; fully rated groups only",SINGLE_RATED_MEMBER,21,[],[],"{""pums_url"": ""https://www2.census.gov/programs-surveys/demo/guidance/industry-occupation/2018-ACS-PUMS-and-2018-SIPP-Public-Use-Occupation-Code-List.xlsx"", ""pums_sheet"": ""ACS"", ""bls_url"": ""https://www.bls.gov/soc/2018/soc_structure_2018.pdf"", ""onet_url"": ""https://www.onetcenter.org/taxonomy/2019/soc/2019_to_SOC_Crosswalk.xlsx?fmt=xlsx""}",PROVISIONAL_AUDIT_NOT_FINAL,0.1111111111111111,0.1111111111111111,0.1111111111111111,0.1111111111111111,0.1111111111111111,0.1111111111111111,0.1111111111111111,
2004,211014,Mental health counselors,21-1014,"[""21-1014""]",[221],[],221,"[""21-1014""]","[""21-1014""]","[""21-1014""]",[],[],[],[],1,1,1,COMPLETE_DOCUMENTED,detailed,covered,"Equal rated O*NET children within detailed SOC, then equal detailed SOC members; fully rated groups only",SINGLE_RATED_MEMBER,21,[],[],"{""pums_url"": ""https://www2.census.gov/programs-surveys/demo/guidance/industry-occupation/2018-ACS-PUMS-and-2018-SIPP-Public-Use-Occupation-Code-List.xlsx"", ""pums_sheet"": ""ACS"", ""bls_url"": ""https://www.bls.gov/soc/2018/soc_structure_2018.pdf"", ""onet_url"": ""https://www.onetcenter.org/taxonomy/2019/soc/2019_to_SOC_Crosswalk.xlsx?fmt=xlsx""}",PROVISIONAL_AUDIT_NOT_FINAL,0.2549019607843137,0.2549019607843137,0.2549019607843137,0.2549019607843137,0.2549019607843137,0.2549019607843137,0.2549019607843137,
2005,211015,Rehabilitation counselors,21-1015,"[""21-1015""]",[222],[],222,"[""21-1015""]","[""21-1015""]","[""21-1015""]",[],[],[],[],1,1,1,COMPLETE_DOCUMENTED,detailed,covered,"Equal rated O*NET children within detailed SOC, then equal detailed SOC members; fully rated groups only",SINGLE_RATED_MEMBER,21,[],[],"{""pums_url"": ""https://www2.census.gov/programs-surveys/demo/guidance/industry-occupation/2018-ACS-PUMS-and-2018-SIPP-Public-Use-Occupation-Code-List.xlsx"", ""pums_sheet"": ""ACS"", ""bls_url"": ""https://www.bls.gov/soc/2018/soc_structure_2018.pdf"", ""onet_url"": ""https://www.onetcenter.org/taxonomy/2019/soc/2019_to_SOC_Crosswalk.xlsx?fmt=xlsx""}",PROVISIONAL_AUDIT_NOT_FINAL,0.3548387096774194,0.3548387096774194,0.3548387096774194,0.3548387096774194,0.3548387096774194,0.3548387096774194,0.3548387096774194,
2006,211019,"Counselors, all other",21-1019,"[""21-1019""]",[223],[],223,"[""21-1019""]",[],[],"[""21-1019""]",[],"[""21-1019""]",[],1,0,0,COMPLETE_DOCUMENTED,detailed,B_unrated_detailed_or_child,"Equal rated O*NET children within detailed SOC, then equal detailed SOC members; fully rated groups only",SINGLE_RATED_MEMBER,21,"[""21-1019""]","[""21-1019.00""]","{""pums_url"": ""https://www2.census.gov/programs-surveys/demo/guidance/industry-occupation/2018-ACS-PUMS-and-2018-SIPP-Public-Use-Occupation-Code-List.xlsx"", ""pums_sheet"": ""ACS"", ""bls_url"": ""https://www.bls.gov/soc/2018/soc_structure_2018.pdf"", ""onet_url"": ""https://www.onetcenter.org/taxonomy/2019/soc/2019_to_SOC_Crosswalk.xlsx?fmt=xlsx""}",PROVISIONAL_AUDIT_NOT_FINAL,,,,,,0.0,1.0,
2011,211021,"Child, family, and school social workers",21-1021,"[""21-1021""]",[224],[],224,"[""21-1021""]","[""21-1021""]","[""21-1021""]",[],[],[],[],1,1,1,COMPLETE_DOCUMENTED,detailed,covered,"Equal rated O*NET children within detailed SOC, then equal detailed SOC members; fully rated groups only",SINGLE_RATED_MEMBER,21,[],[],"{""pums_url"": ""https://www2.census.gov/programs-surveys/demo/guidance/industry-occupation/2018-ACS-PUMS-and-2018-SIPP-Public-Use-Occupation-Code-List.xlsx"", ""pums_sheet"": ""ACS"", ""bls_url"": ""https://www.bls.gov/soc/2018/soc_structure_2018.pdf"", ""onet_url"": ""https://www.onetcenter.org/taxonomy/2019/soc/2019_to_SOC_Crosswalk.xlsx?fmt=xlsx""}",PROVISIONAL_AUDIT_NOT_FINAL,0.2428571428571428,0.2428571428571428,0.2428571428571428,0.2428571428571428,0.2428571428571428,0.2428571428571428,0.2428571428571428,
2012,211022,Healthcare social workers,21-1022,"[""21-1022""]",[225],[],225,"[""21-1022""]","[""21-1022""]","[""21-1022""]",[],[],[],[],1,1,1,COMPLETE_DOCUMENTED,detailed,covered,"Equal rated O*NET children within detailed SOC, then equal detailed SOC members; fully rated groups only",SINGLE_RATED_MEMBER,21,[],[],"{""pums_url"": ""https://www2.census.gov/programs-surveys/demo/guidance/industry-occupation/2018-ACS-PUMS-and-2018-SIPP-Public-Use-Occupation-Code-List.xlsx"", ""pums_sheet"": ""ACS"", ""bls_url"": ""https://www.bls.gov/soc/2018/soc_structure_2018.pdf"", ""onet_url"": ""https://www.onetcenter.org/taxonomy/2019/soc/2019_to_SOC_Crosswalk.xlsx?fmt=xlsx""}",PROVISIONAL_AUDIT_NOT_FINAL,0.34375,0.34375,0.34375,0.34375,0.34375,0.34375,0.34375,
2013,211023,Mental health and substance abuse social workers,21-1023,"[""21-1023""]",[226],[],226,"[""21-1023""]","[""21-1023""]","[""21-1023""]",[],[],[],[],1,1,1,COMPLETE_DOCUMENTED,detailed,covered,"Equal rated O*NET children within detailed SOC, then equal detailed SOC members; fully rated groups only",SINGLE_RATED_MEMBER,21,[],[],"{""pums_url"": ""https://www2.census.gov/programs-surveys/demo/guidance/industry-occupation/2018-ACS-PUMS-and-2018-SIPP-Public-Use-Occupation-Code-List.xlsx"", ""pums_sheet"": ""ACS"", ""bls_url"": ""https://www.bls.gov/soc/2018/soc_structure_2018.pdf"", ""onet_url"": ""https://www.onetcenter.org/taxonomy/2019/soc/2019_to_SOC_Crosswalk.xlsx?fmt=xlsx""}",PROVISIONAL_AUDIT_NOT_FINAL,0.2708333333333333,0.2708333333333333,0.2708333333333333,0.2708333333333333,0.2708333333333333,0.2708333333333333,0.2708333333333333,
2014,211029,"Social workers, all other",21-1029,"[""21-1029""]",[227],[],227,"[""21-1029""]",[],[],"[""21-1029""]",[],"[""21-1029""]",[],1,0,0,COMPLETE_DOCUMENTED,detailed,B_unrated_detailed_or_child,"Equal rated O*NET children within detailed SOC, then equal detailed SOC members; fully rated groups only",SINGLE_RATED_MEMBER,21,"[""21-1029""]","[""21-1029.00""]","{""pums_url"": ""https://www2.census.gov/programs-surveys/demo/guidance/industry-occupation/2018-ACS-PUMS-and-2018-SIPP-Public-Use-Occupation-Code-List.xlsx"", ""pums_sheet"": ""ACS"", ""bls_url"": ""https://www.bls.gov/soc/2018/soc_structure_2018.pdf"", ""onet_url"": ""https://www.onetcenter.org/taxonomy/2019/soc/2019_to_SOC_Crosswalk.xlsx?fmt=xlsx""}",PROVISIONAL_AUDIT_NOT_FINAL,,,,,,0.0,1.0,
2015,211092,Probation officers and correctional treatment specialists,21-1092,"[""21-1092""]",[228],[],228,"[""21-1092""]","[""21-1092""]","[""21-1092""]",[],[],[],[],1,1,1,COMPLETE_DOCUMENTED,detailed,covered,"Equal rated O*NET children within detailed SOC, then equal detailed SOC members; fully rated groups only",SINGLE_RATED_MEMBER,21,[],[],"{""pums_url"": ""https://www2.census.gov/programs-surveys/demo/guidance/industry-occupation/2018-ACS-PUMS-and-2018-SIPP-Public-Use-Occupation-Code-List.xlsx"", ""pums_sheet"": ""ACS"", ""bls_url"": ""https://www.bls.gov/soc/2018/soc_structure_2018.pdf"", ""onet_url"": ""https://www.onetcenter.org/taxonomy/2019/soc/2019_to_SOC_Crosswalk.xlsx?fmt=xlsx""}",PROVISIONAL_AUDIT_NOT_FINAL,0.3947368421052631,0.3947368421052631,0.3947368421052631,0.3947368421052631,0.3947368421052631,0.3947368421052631,0.3947368421052631,
2016,211093,Social and human service assistants,21-1093,"[""21-1093""]",[229],[],229,"[""21-1093""]","[""21-1093""]","[""21-1093""]",[],[],[],[],1,1,1,COMPLETE_DOCUMENTED,detailed,covered,"Equal rated O*NET children within detailed SOC, then equal detailed SOC members; fully rated groups only",SINGLE_RATED_MEMBER,21,[],[],"{""pums_url"": ""https://www2.census.gov/programs-surveys/demo/guidance/industry-occupation/2018-ACS-PUMS-and-2018-SIPP-Public-Use-Occupation-Code-List.xlsx"", ""pums_sheet"": ""ACS"", ""bls_url"": ""https://www.bls.gov/soc/2018/soc_structure_2018.pdf"", ""onet_url"": ""https://www.onetcenter.org/taxonomy/2019/soc/2019_to_SOC_Crosswalk.xlsx?fmt=xlsx""}",PROVISIONAL_AUDIT_NOT_FINAL,0.3928571428571428,0.3928571428571428,0.3928571428571428,0.3928571428571428,0.3928571428571428,0.3928571428571428,0.3928571428571428,
2025,21109X,Other community and social service specialists,21-109X,"[""21-1091"", ""21-1094"", ""21-1099""]","[232, 233, 234]",[],230,"[""21-1091"", ""21-1094"", ""21-1099""]","[""21-1091"", ""21-1094""]","[""21-1091"", ""21-1094""]","[""21-1099""]",[],"[""21-1099""]",[],3,2,2,COMPLETE_DOCUMENTED,Census composite X/Y,B_unrated_detailed_or_child,"Equal rated O*NET children within detailed SOC, then equal detailed SOC members; fully rated groups only",UNKNOWN_INTERNAL_EMPLOYMENT_SHARES,21,"[""21-1099""]","[""21-1099.00""]","{""pums_url"": ""https://www2.census.gov/programs-surveys/demo/guidance/industry-occupation/2018-ACS-PUMS-and-2018-SIPP-Public-Use-Occupation-Code-List.xlsx"", ""pums_sheet"": ""ACS"", ""bls_url"": ""https://www.bls.gov/soc/2018/soc_structure_2018.pdf"", ""onet_url"": ""https://www.onetcenter.org/taxonomy/2019/soc/2019_to_SOC_Crosswalk.xlsx?fmt=xlsx""}",PROVISIONAL_AUDIT_NOT_FINAL,,,,,,0.0,1.0,
2040,212011,Clergy,21-2011,"[""21-2011""]",[235],[],235,"[""21-2011""]","[""21-2011""]","[""21-2011""]",[],[],[],[],1,1,1,COMPLETE_DOCUMENTED,detailed,covered,"Equal rated O*NET children within detailed SOC, then equal detailed SOC members; fully rated groups only",SINGLE_RATED_MEMBER,21,[],[],"{""pums_url"": ""https://www2.census.gov/programs-surveys/demo/guidance/industry-occupation/2018-ACS-PUMS-and-2018-SIPP-Public-Use-Occupation-Code-List.xlsx"", ""pums_sheet"": ""ACS"", ""bls_url"": ""https://www.bls.gov/soc/2018/soc_structure_2018.pdf"", ""onet_url"": ""https://www.onetcenter.org/taxonomy/2019/soc/2019_to_SOC_Crosswalk.xlsx?fmt=xlsx""}",PROVISIONAL_AUDIT_NOT_FINAL,0.3333333333333333,0.3333333333333333,0.3333333333333333,0.3333333333333333,0.3333333333333333,0.3333333333333333,0.3333333333333333,
2050,212021,"Directors, religious activities and education",21-2021,"[""21-2021""]",[236],[],236,"[""21-2021""]","[""21-2021""]","[""21-2021""]",[],[],[],[],1,1,1,COMPLETE_DOCUMENTED,detailed,covered,"Equal rated O*NET children within detailed SOC, then equal detailed SOC members; fully rated groups only",SINGLE_RATED_MEMBER,21,[],[],"{""pums_url"": ""https://www2.census.gov/programs-surveys/demo/guidance/industry-occupation/2018-ACS-PUMS-and-2018-SIPP-Public-Use-Occupation-Code-List.xlsx"", ""pums_sheet"": ""ACS"", ""bls_url"": ""https://www.bls.gov/soc/2018/soc_structure_2018.pdf"", ""onet_url"": ""https://www.onetcenter.org/taxonomy/2019/soc/2019_to_SOC_Crosswalk.xlsx?fmt=xlsx""}",PROVISIONAL_AUDIT_NOT_FINAL,0.4393939393939394,0.4393939393939394,0.4393939393939394,0.4393939393939394,0.4393939393939394,0.4393939393939394,0.4393939393939394,
2060,212099,"Religious workers, all other",21-2099,"[""21-2099""]",[237],[],237,"[""21-2099""]",[],[],"[""21-2099""]",[],"[""21-2099""]",[],1,0,0,COMPLETE_DOCUMENTED,detailed,B_unrated_detailed_or_child,"Equal rated O*NET children within detailed SOC, then equal detailed SOC members; fully rated groups only",SINGLE_RATED_MEMBER,21,"[""21-2099""]","[""21-2099.00""]","{""pums_url"": ""https://www2.census.gov/programs-surveys/demo/guidance/industry-occupation/2018-ACS-PUMS-and-2018-SIPP-Public-Use-Occupation-Code-List.xlsx"", ""pums_sheet"": ""ACS"", ""bls_url"": ""https://www.bls.gov/soc/2018/soc_structure_2018.pdf"", ""onet_url"": ""https://www.onetcenter.org/taxonomy/2019/soc/2019_to_SOC_Crosswalk.xlsx?fmt=xlsx""}",PROVISIONAL_AUDIT_NOT_FINAL,,,,,,0.0,1.0,
2100,2310XX,"Lawyers, and judges, magistrates, and other judicial workers",23-10XX,"[""23-1011"", ""23-1020""]","[243, 244]",[],241,"[""23-1011"", ""23-1021"", ""23-1022"", ""23-1023""]","[""23-1011"", ""23-1021"", ""23-1022"", ""23-1023""]","[""23-1011"", ""23-1021"", ""23-1022"", ""23-1023""]",[],[],[],[],4,4,4,COMPLETE_DOCUMENTED,Census composite X/Y,covered,"Equal rated O*NET children within detailed SOC, then equal detailed SOC members; fully rated groups only",UNKNOWN_INTERNAL_EMPLOYMENT_SHARES,23,[],[],"{""pums_url"": ""https://www2.census.gov/programs-surveys/demo/guidance/industry-occupation/2018-ACS-PUMS-and-2018-SIPP-Public-Use-Occupation-Code-List.xlsx"", ""pums_sheet"": ""ACS"", ""bls_url"": ""https://www.bls.gov/soc/2018/soc_structure_2018.pdf"", ""onet_url"": ""https://www.onetcenter.org/taxonomy/2019/soc/2019_to_SOC_Crosswalk.xlsx?fmt=xlsx""}",PROVISIONAL_AUDIT_NOT_FINAL,0.46041666666666664,0.46041666666666664,0.46041666666666664,0.4166666666666666,0.5,0.46041666666666664,0.46041666666666664,
2105,231012,Judicial law clerks,23-1012,"[""23-1012""]",[245],[],245,"[""23-1012""]","[""23-1012""]","[""23-1012""]",[],[],[],[],1,1,1,COMPLETE_DOCUMENTED,detailed,covered,"Equal rated O*NET children within detailed SOC, then equal detailed SOC members; fully rated groups only",SINGLE_RATED_MEMBER,23,[],[],"{""pums_url"": ""https://www2.census.gov/programs-surveys/demo/guidance/industry-occupation/2018-ACS-PUMS-and-2018-SIPP-Public-Use-Occupation-Code-List.xlsx"", ""pums_sheet"": ""ACS"", ""bls_url"": ""https://www.bls.gov/soc/2018/soc_structure_2018.pdf"", ""onet_url"": ""https://www.onetcenter.org/taxonomy/2019/soc/2019_to_SOC_Crosswalk.xlsx?fmt=xlsx""}",PROVISIONAL_AUDIT_NOT_FINAL,0.5172413793103449,0.5172413793103449,0.5172413793103449,0.5172413793103449,0.5172413793103449,0.5172413793103449,0.5172413793103449,
2145,232011,Paralegals and legal assistants,23-2011,"[""23-2011""]",[246],[],246,"[""23-2011""]","[""23-2011""]","[""23-2011""]",[],[],[],[],1,1,1,COMPLETE_DOCUMENTED,detailed,covered,"Equal rated O*NET children within detailed SOC, then equal detailed SOC members; fully rated groups only",SINGLE_RATED_MEMBER,23,[],[],"{""pums_url"": ""https://www2.census.gov/programs-surveys/demo/guidance/industry-occupation/2018-ACS-PUMS-and-2018-SIPP-Public-Use-Occupation-Code-List.xlsx"", ""pums_sheet"": ""ACS"", ""bls_url"": ""https://www.bls.gov/soc/2018/soc_structure_2018.pdf"", ""onet_url"": ""https://www.onetcenter.org/taxonomy/2019/soc/2019_to_SOC_Crosswalk.xlsx?fmt=xlsx""}",PROVISIONAL_AUDIT_NOT_FINAL,0.525,0.525,0.525,0.525,0.525,0.525,0.525,
2170,232093,"Title examiners, abstractors, and searchers",23-2093,"[""23-2093""]",[247],[],247,"[""23-2093""]","[""23-2093""]","[""23-2093""]",[],[],[],[],1,1,1,COMPLETE_DOCUMENTED,detailed,covered,"Equal rated O*NET children within detailed SOC, then equal detailed SOC members; fully rated groups only",SINGLE_RATED_MEMBER,23,[],[],"{""pums_url"": ""https://www2.census.gov/programs-surveys/demo/guidance/industry-occupation/2018-ACS-PUMS-and-2018-SIPP-Public-Use-Occupation-Code-List.xlsx"", ""pums_sheet"": ""ACS"", ""bls_url"": ""https://www.bls.gov/soc/2018/soc_structure_2018.pdf"", ""onet_url"": ""https://www.onetcenter.org/taxonomy/2019/soc/2019_to_SOC_Crosswalk.xlsx?fmt=xlsx""}",PROVISIONAL_AUDIT_NOT_FINAL,0.5714285714285714,0.5714285714285714,0.5714285714285714,0.5714285714285714,0.5714285714285714,0.5714285714285714,0.5714285714285714,
2180,232099,"Legal support workers, all other",23-2099,"[""23-2099""]",[248],[],248,"[""23-2099""]",[],[],"[""23-2099""]",[],"[""23-2099""]",[],1,0,0,COMPLETE_DOCUMENTED,detailed,B_unrated_detailed_or_child,"Equal rated O*NET children within detailed SOC, then equal detailed SOC members; fully rated groups only",SINGLE_RATED_MEMBER,23,"[""23-2099""]","[""23-2099.00""]","{""pums_url"": ""https://www2.census.gov/programs-surveys/demo/guidance/industry-occupation/2018-ACS-PUMS-and-2018-SIPP-Public-Use-Occupation-Code-List.xlsx"", ""pums_sheet"": ""ACS"", ""bls_url"": ""https://www.bls.gov/soc/2018/soc_structure_2018.pdf"", ""onet_url"": ""https://www.onetcenter.org/taxonomy/2019/soc/2019_to_SOC_Crosswalk.xlsx?fmt=xlsx""}",PROVISIONAL_AUDIT_NOT_FINAL,,,,,,0.0,1.0,
2205,251000,Postsecondary teachers,25-1000,"[""25-1000""]",[252],[],252,"[""25-1011"", ""25-1021"", ""25-1022"", ""25-1031"", ""25-1032"", ""25-1041"", ""25-1042"", ""25-1043"", ""25-1051"", ""25-1052"", ""25-1053"", ""25-1054"", ""25-1061"", ""25-1062"", ""25-1063"", ""25-1064"", ""25-1065"", ""25-1066"", ""25-1067"", ""25-1069"", ""25-1071"", ""25-1072"", ""25-1081"", ""25-1082"", ""25-1111"", ""25-1112"", ""25-1113"", ""25-1121"", ""25-1122"", ""25-1123"", ""25-1124"", ""25-1125"", ""25-1126"", ""25-1192"", ""25-1193"", ""25-1194"", ""25-1199""]","[""25-1011"", ""25-1021"", ""25-1022"", ""25-1031"", ""25-1032"", ""25-1041"", ""25-1042"", ""25-1043"", ""25-1051"", ""25-1052"", ""25-1053"", ""25-1054"", ""25-1061"", ""25-1062"", ""25-1063"", ""25-1064"", ""25-1065"", ""25-1066"", ""25-1067"", ""25-1071"", ""25-1072"", ""25-1081"", ""25-1082"", ""25-1111"", ""25-1112"", ""25-1113"", ""25-1121"", ""25-1122"", ""25-1123"", ""25-1124"", ""25-1125"", ""25-1126"", ""25-1192"", ""25-1193"", ""25-1194""]","[""25-1011"", ""25-1021"", ""25-1022"", ""25-1031"", ""25-1032"", ""25-1041"", ""25-1042"", ""25-1043"", ""25-1051"", ""25-1052"", ""25-1053"", ""25-1054"", ""25-1061"", ""25-1062"", ""25-1063"", ""25-1064"", ""25-1065"", ""25-1066"", ""25-1067"", ""25-1071"", ""25-1072"", ""25-1081"", ""25-1082"", ""25-1111"", ""25-1112"", ""25-1113"", ""25-1121"", ""25-1122"", ""25-1123"", ""25-1124"", ""25-1125"", ""25-1126"", ""25-1192"", ""25-1193"", ""25-1194""]","[""25-1069"", ""25-1199""]",[],"[""25-1069"", ""25-1199""]",[],37,35,35,COMPLETE_DOCUMENTED,minor,B_unrated_detailed_or_child,"Equal rated O*NET children within detailed SOC, then equal detailed SOC members; fully rated groups only",UNKNOWN_INTERNAL_EMPLOYMENT_SHARES,25,"[""25-1069"", ""25-1199""]","[""25-1069.00"", ""25-1199.00""]","{""pums_url"": ""https://www2.census.gov/programs-surveys/demo/guidance/industry-occupation/2018-ACS-PUMS-and-2018-SIPP-Public-Use-Occupation-Code-List.xlsx"", ""pums_sheet"": ""ACS"", ""bls_url"": ""https://www.bls.gov/soc/2018/soc_structure_2018.pdf"", ""onet_url"": ""https://www.onetcenter.org/taxonomy/2019/soc/2019_to_SOC_Crosswalk.xlsx?fmt=xlsx""}",PROVISIONAL_AUDIT_NOT_FINAL,,,,,,0.0,1.0,
2300,252010,Preschool and kindergarten teachers,25-2010,"[""25-2010""]",[253],[],253,"[""25-2011"", ""25-2012""]","[""25-2011"", ""25-2012""]","[""25-2011"", ""25-2012""]",[],[],[],[],2,2,2,COMPLETE_DOCUMENTED,broad,covered,"Equal rated O*NET children within detailed SOC, then equal detailed SOC members; fully rated groups only",UNKNOWN_INTERNAL_EMPLOYMENT_SHARES,25,[],[],"{""pums_url"": ""https://www2.census.gov/programs-surveys/demo/guidance/industry-occupation/2018-ACS-PUMS-and-2018-SIPP-Public-Use-Occupation-Code-List.xlsx"", ""pums_sheet"": ""ACS"", ""bls_url"": ""https://www.bls.gov/soc/2018/soc_structure_2018.pdf"", ""onet_url"": ""https://www.onetcenter.org/taxonomy/2019/soc/2019_to_SOC_Crosswalk.xlsx?fmt=xlsx""}",PROVISIONAL_AUDIT_NOT_FINAL,0.2300747198007472,0.2300747198007472,0.2300747198007472,0.2272727272727273,0.2328767123287671,0.2300747198007472,0.2300747198007472,
2310,252020,Elementary and middle school teachers,25-2020,"[""25-2020""]",[254],[],254,"[""25-2021"", ""25-2022"", ""25-2023""]","[""25-2021"", ""25-2022"", ""25-2023""]","[""25-2021"", ""25-2022"", ""25-2023""]",[],[],[],[],3,3,3,COMPLETE_DOCUMENTED,broad,covered,"Equal rated O*NET children within detailed SOC, then equal detailed SOC members; fully rated groups only",UNKNOWN_INTERNAL_EMPLOYMENT_SHARES,25,[],[],"{""pums_url"": ""https://www2.census.gov/programs-surveys/demo/guidance/industry-occupation/2018-ACS-PUMS-and-2018-SIPP-Public-Use-Occupation-Code-List.xlsx"", ""pums_sheet"": ""ACS"", ""bls_url"": ""https://www.bls.gov/soc/2018/soc_structure_2018.pdf"", ""onet_url"": ""https://www.onetcenter.org/taxonomy/2019/soc/2019_to_SOC_Crosswalk.xlsx?fmt=xlsx""}",PROVISIONAL_AUDIT_NOT_FINAL,0.32707251430954093,0.32707251430954093,0.32707251430954093,0.3108108108108108,0.3478260869565217,0.32707251430954093,0.32707251430954093,
2320,252030,Secondary school teachers,25-2030,"[""25-2030""]",[255],[],255,"[""25-2031"", ""25-2032""]","[""25-2031"", ""25-2032""]","[""25-2031"", ""25-2032""]",[],[],[],[],2,2,2,COMPLETE_DOCUMENTED,broad,covered,"Equal rated O*NET children within detailed SOC, then equal detailed SOC members; fully rated groups only",UNKNOWN_INTERNAL_EMPLOYMENT_SHARES,25,[],[],"{""pums_url"": ""https://www2.census.gov/programs-surveys/demo/guidance/industry-occupation/2018-ACS-PUMS-and-2018-SIPP-Public-Use-Occupation-Code-List.xlsx"", ""pums_sheet"": ""ACS"", ""bls_url"": ""https://www.bls.gov/soc/2018/soc_structure_2018.pdf"", ""onet_url"": ""https://www.onetcenter.org/taxonomy/2019/soc/2019_to_SOC_Crosswalk.xlsx?fmt=xlsx""}",PROVISIONAL_AUDIT_NOT_FINAL,0.3333333333333333,0.3333333333333333,0.3333333333333333,0.3333333333333333,0.3333333333333333,0.3333333333333333,0.3333333333333333,
2330,252050,Special education teachers,25-2050,"[""25-2050""]",[256],[],256,"[""25-2051"", ""25-2055"", ""25-2056"", ""25-2057"", ""25-2058"", ""25-2059""]","[""25-2051"", ""25-2055"", ""25-2056"", ""25-2057"", ""25-2058"", ""25-2059""]","[""25-2051"", ""25-2055"", ""25-2056"", ""25-2057"", ""25-2058""]",[],"[""25-2059""]","[""25-2059""]",[],6,6,5,COMPLETE_DOCUMENTED,broad,B_unrated_detailed_or_child,"Equal rated O*NET children within detailed SOC, then equal detailed SOC members; fully rated groups only",UNKNOWN_INTERNAL_EMPLOYMENT_SHARES,25,"[""25-2059""]","[""25-2059.00""]","{""pums_url"": ""https://www2.census.gov/programs-surveys/demo/guidance/industry-occupation/2018-ACS-PUMS-and-2018-SIPP-Public-Use-Occupation-Code-List.xlsx"", ""pums_sheet"": ""ACS"", ""bls_url"": ""https://www.bls.gov/soc/2018/soc_structure_2018.pdf"", ""onet_url"": ""https://www.onetcenter.org/taxonomy/2019/soc/2019_to_SOC_Crosswalk.xlsx?fmt=xlsx""}",PROVISIONAL_AUDIT_NOT_FINAL,0.3080239205239205,,,,,0.0,1.0,
2350,253041,Tutors,25-3041,"[""25-3041""]",[257],[],257,"[""25-3041""]","[""25-3041""]","[""25-3041""]",[],[],[],[],1,1,1,COMPLETE_DOCUMENTED,detailed,covered,"Equal rated O*NET children within detailed SOC, then equal detailed SOC members; fully rated groups only",SINGLE_RATED_MEMBER,25,[],[],"{""pums_url"": ""https://www2.census.gov/programs-surveys/demo/guidance/industry-occupation/2018-ACS-PUMS-and-2018-SIPP-Public-Use-Occupation-Code-List.xlsx"", ""pums_sheet"": ""ACS"", ""bls_url"": ""https://www.bls.gov/soc/2018/soc_structure_2018.pdf"", ""onet_url"": ""https://www.onetcenter.org/taxonomy/2019/soc/2019_to_SOC_Crosswalk.xlsx?fmt=xlsx""}",PROVISIONAL_AUDIT_NOT_FINAL,0.5428571428571428,0.5428571428571428,0.5428571428571428,0.5428571428571428,0.5428571428571428,0.5428571428571428,0.5428571428571428,
2360,2530XX,Other teachers and instructors,25-30XX,"[""25-3011"", ""25-3021"", ""25-3031"", ""25-3099""]","[260, 261, 262, 263]",[],258,"[""25-3011"", ""25-3021"", ""25-3031"", ""25-3099""]","[""25-3011"", ""25-3021"", ""25-3031""]","[""25-3011"", ""25-3021"", ""25-3031""]","[""25-3099""]",[],"[""25-3099""]",[],4,3,3,COMPLETE_DOCUMENTED,Census composite X/Y,B_unrated_detailed_or_child,"Equal rated O*NET children within detailed SOC, then equal detailed SOC members; fully rated groups only",UNKNOWN_INTERNAL_EMPLOYMENT_SHARES,25,"[""25-3099""]","[""25-3099.00""]","{""pums_url"": ""https://www2.census.gov/programs-surveys/demo/guidance/industry-occupation/2018-ACS-PUMS-and-2018-SIPP-Public-Use-Occupation-Code-List.xlsx"", ""pums_sheet"": ""ACS"", ""bls_url"": ""https://www.bls.gov/soc/2018/soc_structure_2018.pdf"", ""onet_url"": ""https://www.onetcenter.org/taxonomy/2019/soc/2019_to_SOC_Crosswalk.xlsx?fmt=xlsx""}",PROVISIONAL_AUDIT_NOT_FINAL,,,,,,0.0,1.0,
2400,254010,"Archivists, curators, and museum technicians",25-4010,"[""25-4010""]",[264],[],264,"[""25-4011"", ""25-4012"", ""25-4013""]","[""25-4011"", ""25-4012"", ""25-4013""]","[""25-4011"", ""25-4012"", ""25-4013""]",[],[],[],[],3,3,3,COMPLETE_DOCUMENTED,broad,covered,"Equal rated O*NET children within detailed SOC, then equal detailed SOC members; fully rated groups only",UNKNOWN_INTERNAL_EMPLOYMENT_SHARES,25,[],[],"{""pums_url"": ""https://www2.census.gov/programs-surveys/demo/guidance/industry-occupation/2018-ACS-PUMS-and-2018-SIPP-Public-Use-Occupation-Code-List.xlsx"", ""pums_sheet"": ""ACS"", ""bls_url"": ""https://www.bls.gov/soc/2018/soc_structure_2018.pdf"", ""onet_url"": ""https://www.onetcenter.org/taxonomy/2019/soc/2019_to_SOC_Crosswalk.xlsx?fmt=xlsx""}",PROVISIONAL_AUDIT_NOT_FINAL,0.4122807017543859,0.4122807017543859,0.4122807017543859,0.2368421052631578,0.5,0.4122807017543859,0.4122807017543859,
2435,254022,Librarians and media collections specialists,25-4022,"[""25-4022""]",[265],[],265,"[""25-4022""]","[""25-4022""]","[""25-4022""]",[],[],[],[],1,1,1,COMPLETE_DOCUMENTED,detailed,covered,"Equal rated O*NET children within detailed SOC, then equal detailed SOC members; fully rated groups only",SINGLE_RATED_MEMBER,25,[],[],"{""pums_url"": ""https://www2.census.gov/programs-surveys/demo/guidance/industry-occupation/2018-ACS-PUMS-and-2018-SIPP-Public-Use-Occupation-Code-List.xlsx"", ""pums_sheet"": ""ACS"", ""bls_url"": ""https://www.bls.gov/soc/2018/soc_structure_2018.pdf"", ""onet_url"": ""https://www.onetcenter.org/taxonomy/2019/soc/2019_to_SOC_Crosswalk.xlsx?fmt=xlsx""}",PROVISIONAL_AUDIT_NOT_FINAL,0.5350877192982456,0.5350877192982456,0.5350877192982456,0.5350877192982456,0.5350877192982456,0.5350877192982456,0.5350877192982456,
2440,254031,Library technicians,25-4031,"[""25-4031""]",[266],[],266,"[""25-4031""]","[""25-4031""]","[""25-4031""]",[],[],[],[],1,1,1,COMPLETE_DOCUMENTED,detailed,covered,"Equal rated O*NET children within detailed SOC, then equal detailed SOC members; fully rated groups only",SINGLE_RATED_MEMBER,25,[],[],"{""pums_url"": ""https://www2.census.gov/programs-surveys/demo/guidance/industry-occupation/2018-ACS-PUMS-and-2018-SIPP-Public-Use-Occupation-Code-List.xlsx"", ""pums_sheet"": ""ACS"", ""bls_url"": ""https://www.bls.gov/soc/2018/soc_structure_2018.pdf"", ""onet_url"": ""https://www.onetcenter.org/taxonomy/2019/soc/2019_to_SOC_Crosswalk.xlsx?fmt=xlsx""}",PROVISIONAL_AUDIT_NOT_FINAL,0.5673076923076923,0.5673076923076923,0.5673076923076923,0.5673076923076923,0.5673076923076923,0.5673076923076923,0.5673076923076923,
2545,259040,Teaching assistants,25-9040,"[""25-9040""]",[267],[],267,"[""25-9042"", ""25-9043"", ""25-9044"", ""25-9049""]","[""25-9042"", ""25-9043"", ""25-9044""]","[""25-9042"", ""25-9043"", ""25-9044""]","[""25-9049""]",[],"[""25-9049""]",[],4,3,3,COMPLETE_DOCUMENTED,broad,B_unrated_detailed_or_child,"Equal rated O*NET children within detailed SOC, then equal detailed SOC members; fully rated groups only",UNKNOWN_INTERNAL_EMPLOYMENT_SHARES,25,"[""25-9049""]","[""25-9049.00""]","{""pums_url"": ""https://www2.census.gov/programs-surveys/demo/guidance/industry-occupation/2018-ACS-PUMS-and-2018-SIPP-Public-Use-Occupation-Code-List.xlsx"", ""pums_sheet"": ""ACS"", ""bls_url"": ""https://www.bls.gov/soc/2018/soc_structure_2018.pdf"", ""onet_url"": ""https://www.onetcenter.org/taxonomy/2019/soc/2019_to_SOC_Crosswalk.xlsx?fmt=xlsx""}",PROVISIONAL_AUDIT_NOT_FINAL,,,,,,0.0,1.0,
2555,2590XX,Other educational instruction and library workers,25-90XX,"[""25-9021"", ""25-9031"", ""25-9099""]","[270, 271, 272]",[],268,"[""25-9021"", ""25-9031"", ""25-9099""]","[""25-9021"", ""25-9031""]","[""25-9021"", ""25-9031""]","[""25-9099""]",[],"[""25-9099""]",[],3,2,2,COMPLETE_DOCUMENTED,Census composite X/Y,B_unrated_detailed_or_child,"Equal rated O*NET children within detailed SOC, then equal detailed SOC members; fully rated groups only",UNKNOWN_INTERNAL_EMPLOYMENT_SHARES,25,"[""25-9099""]","[""25-9099.00""]","{""pums_url"": ""https://www2.census.gov/programs-surveys/demo/guidance/industry-occupation/2018-ACS-PUMS-and-2018-SIPP-Public-Use-Occupation-Code-List.xlsx"", ""pums_sheet"": ""ACS"", ""bls_url"": ""https://www.bls.gov/soc/2018/soc_structure_2018.pdf"", ""onet_url"": ""https://www.onetcenter.org/taxonomy/2019/soc/2019_to_SOC_Crosswalk.xlsx?fmt=xlsx""}",PROVISIONAL_AUDIT_NOT_FINAL,,,,,,0.0,1.0,
2600,271010,Artists and related workers,27-1010,"[""27-1010""]",[276],[],276,"[""27-1011"", ""27-1012"", ""27-1013"", ""27-1014"", ""27-1019""]","[""27-1011"", ""27-1012"", ""27-1013"", ""27-1014""]","[""27-1011"", ""27-1012"", ""27-1013"", ""27-1014""]","[""27-1019""]",[],"[""27-1019""]",[],5,4,4,COMPLETE_DOCUMENTED,broad,B_unrated_detailed_or_child,"Equal rated O*NET children within detailed SOC, then equal detailed SOC members; fully rated groups only",UNKNOWN_INTERNAL_EMPLOYMENT_SHARES,27,"[""27-1019""]","[""27-1019.00""]","{""pums_url"": ""https://www2.census.gov/programs-surveys/demo/guidance/industry-occupation/2018-ACS-PUMS-and-2018-SIPP-Public-Use-Occupation-Code-List.xlsx"", ""pums_sheet"": ""ACS"", ""bls_url"": ""https://www.bls.gov/soc/2018/soc_structure_2018.pdf"", ""onet_url"": ""https://www.onetcenter.org/taxonomy/2019/soc/2019_to_SOC_Crosswalk.xlsx?fmt=xlsx""}",PROVISIONAL_AUDIT_NOT_FINAL,,,,,,0.0,1.0,
2631,271021,Commercial and industrial designers,27-1021,"[""27-1021""]",[277],[],277,"[""27-1021""]","[""27-1021""]","[""27-1021""]",[],[],[],[],1,1,1,COMPLETE_DOCUMENTED,detailed,covered,"Equal rated O*NET children within detailed SOC, then equal detailed SOC members; fully rated groups only",SINGLE_RATED_MEMBER,27,[],[],"{""pums_url"": ""https://www2.census.gov/programs-surveys/demo/guidance/industry-occupation/2018-ACS-PUMS-and-2018-SIPP-Public-Use-Occupation-Code-List.xlsx"", ""pums_sheet"": ""ACS"", ""bls_url"": ""https://www.bls.gov/soc/2018/soc_structure_2018.pdf"", ""onet_url"": ""https://www.onetcenter.org/taxonomy/2019/soc/2019_to_SOC_Crosswalk.xlsx?fmt=xlsx""}",PROVISIONAL_AUDIT_NOT_FINAL,0.4655172413793103,0.4655172413793103,0.4655172413793103,0.4655172413793103,0.4655172413793103,0.4655172413793103,0.4655172413793103,
2632,271022,Fashion designers,27-1022,"[""27-1022""]",[278],[],278,"[""27-1022""]","[""27-1022""]","[""27-1022""]",[],[],[],[],1,1,1,COMPLETE_DOCUMENTED,detailed,covered,"Equal rated O*NET children within detailed SOC, then equal detailed SOC members; fully rated groups only",SINGLE_RATED_MEMBER,27,[],[],"{""pums_url"": ""https://www2.census.gov/programs-surveys/demo/guidance/industry-occupation/2018-ACS-PUMS-and-2018-SIPP-Public-Use-Occupation-Code-List.xlsx"", ""pums_sheet"": ""ACS"", ""bls_url"": ""https://www.bls.gov/soc/2018/soc_structure_2018.pdf"", ""onet_url"": ""https://www.onetcenter.org/taxonomy/2019/soc/2019_to_SOC_Crosswalk.xlsx?fmt=xlsx""}",PROVISIONAL_AUDIT_NOT_FINAL,0.390625,0.390625,0.390625,0.390625,0.390625,0.390625,0.390625,
2633,271023,Floral designers,27-1023,"[""27-1023""]",[279],[],279,"[""27-1023""]","[""27-1023""]","[""27-1023""]",[],[],[],[],1,1,1,COMPLETE_DOCUMENTED,detailed,covered,"Equal rated O*NET children within detailed SOC, then equal detailed SOC members; fully rated groups only",SINGLE_RATED_MEMBER,27,[],[],"{""pums_url"": ""https://www2.census.gov/programs-surveys/demo/guidance/industry-occupation/2018-ACS-PUMS-and-2018-SIPP-Public-Use-Occupation-Code-List.xlsx"", ""pums_sheet"": ""ACS"", ""bls_url"": ""https://www.bls.gov/soc/2018/soc_structure_2018.pdf"", ""onet_url"": ""https://www.onetcenter.org/taxonomy/2019/soc/2019_to_SOC_Crosswalk.xlsx?fmt=xlsx""}",PROVISIONAL_AUDIT_NOT_FINAL,0.1999999999999999,0.1999999999999999,0.1999999999999999,0.1999999999999999,0.1999999999999999,0.1999999999999999,0.1999999999999999,
2634,271024,Graphic designers,27-1024,"[""27-1024""]",[280],[],280,"[""27-1024""]","[""27-1024""]","[""27-1024""]",[],[],[],[],1,1,1,COMPLETE_DOCUMENTED,detailed,covered,"Equal rated O*NET children within detailed SOC, then equal detailed SOC members; fully rated groups only",SINGLE_RATED_MEMBER,27,[],[],"{""pums_url"": ""https://www2.census.gov/programs-surveys/demo/guidance/industry-occupation/2018-ACS-PUMS-and-2018-SIPP-Public-Use-Occupation-Code-List.xlsx"", ""pums_sheet"": ""ACS"", ""bls_url"": ""https://www.bls.gov/soc/2018/soc_structure_2018.pdf"", ""onet_url"": ""https://www.onetcenter.org/taxonomy/2019/soc/2019_to_SOC_Crosswalk.xlsx?fmt=xlsx""}",PROVISIONAL_AUDIT_NOT_FINAL,0.5,0.5,0.5,0.5,0.5,0.5,0.5,
2635,271025,Interior designers,27-1025,"[""27-1025""]",[281],[],281,"[""27-1025""]","[""27-1025""]","[""27-1025""]",[],[],[],[],1,1,1,COMPLETE_DOCUMENTED,detailed,covered,"Equal rated O*NET children within detailed SOC, then equal detailed SOC members; fully rated groups only",SINGLE_RATED_MEMBER,27,[],[],"{""pums_url"": ""https://www2.census.gov/programs-surveys/demo/guidance/industry-occupation/2018-ACS-PUMS-and-2018-SIPP-Public-Use-Occupation-Code-List.xlsx"", ""pums_sheet"": ""ACS"", ""bls_url"": ""https://www.bls.gov/soc/2018/soc_structure_2018.pdf"", ""onet_url"": ""https://www.onetcenter.org/taxonomy/2019/soc/2019_to_SOC_Crosswalk.xlsx?fmt=xlsx""}",PROVISIONAL_AUDIT_NOT_FINAL,0.5,0.5,0.5,0.5,0.5,0.5,0.5,
2636,271026,Merchandise displayers and window trimmers,27-1026,"[""27-1026""]",[282],[],282,"[""27-1026""]","[""27-1026""]","[""27-1026""]",[],[],[],[],1,1,1,COMPLETE_DOCUMENTED,detailed,covered,"Equal rated O*NET children within detailed SOC, then equal detailed SOC members; fully rated groups only",SINGLE_RATED_MEMBER,27,[],[],"{""pums_url"": ""https://www2.census.gov/programs-surveys/demo/guidance/industry-occupation/2018-ACS-PUMS-and-2018-SIPP-Public-Use-Occupation-Code-List.xlsx"", ""pums_sheet"": ""ACS"", ""bls_url"": ""https://www.bls.gov/soc/2018/soc_structure_2018.pdf"", ""onet_url"": ""https://www.onetcenter.org/taxonomy/2019/soc/2019_to_SOC_Crosswalk.xlsx?fmt=xlsx""}",PROVISIONAL_AUDIT_NOT_FINAL,0.3048780487804878,0.3048780487804878,0.3048780487804878,0.3048780487804878,0.3048780487804878,0.3048780487804878,0.3048780487804878,
2640,27102X,Other designers,27-102X,"[""27-1027"", ""27-1029""]","[285, 286]",[],283,"[""27-1027"", ""27-1029""]","[""27-1027""]","[""27-1027""]","[""27-1029""]",[],"[""27-1029""]",[],2,1,1,COMPLETE_DOCUMENTED,Census composite X/Y,B_unrated_detailed_or_child,"Equal rated O*NET children within detailed SOC, then equal detailed SOC members; fully rated groups only",UNKNOWN_INTERNAL_EMPLOYMENT_SHARES,27,"[""27-1029""]","[""27-1029.00""]","{""pums_url"": ""https://www2.census.gov/programs-surveys/demo/guidance/industry-occupation/2018-ACS-PUMS-and-2018-SIPP-Public-Use-Occupation-Code-List.xlsx"", ""pums_sheet"": ""ACS"", ""bls_url"": ""https://www.bls.gov/soc/2018/soc_structure_2018.pdf"", ""onet_url"": ""https://www.onetcenter.org/taxonomy/2019/soc/2019_to_SOC_Crosswalk.xlsx?fmt=xlsx""}",PROVISIONAL_AUDIT_NOT_FINAL,,,,,,0.0,1.0,
2700,272011,Actors,27-2011,"[""27-2011""]",[287],[],287,"[""27-2011""]","[""27-2011""]","[""27-2011""]",[],[],[],[],1,1,1,COMPLETE_DOCUMENTED,detailed,covered,"Equal rated O*NET children within detailed SOC, then equal detailed SOC members; fully rated groups only",SINGLE_RATED_MEMBER,27,[],[],"{""pums_url"": ""https://www2.census.gov/programs-surveys/demo/guidance/industry-occupation/2018-ACS-PUMS-and-2018-SIPP-Public-Use-Occupation-Code-List.xlsx"", ""pums_sheet"": ""ACS"", ""bls_url"": ""https://www.bls.gov/soc/2018/soc_structure_2018.pdf"", ""onet_url"": ""https://www.onetcenter.org/taxonomy/2019/soc/2019_to_SOC_Crosswalk.xlsx?fmt=xlsx""}",PROVISIONAL_AUDIT_NOT_FINAL,0.1875,0.1875,0.1875,0.1875,0.1875,0.1875,0.1875,
2710,272012,Producers and directors,27-2012,"[""27-2012""]",[288],[],288,"[""27-2012""]","[""27-2012""]","[""27-2012""]",[],[],[],[],1,1,1,COMPLETE_DOCUMENTED,detailed,covered,"Equal rated O*NET children within detailed SOC, then equal detailed SOC members; fully rated groups only",UNKNOWN_INTERNAL_EMPLOYMENT_SHARES,27,[],[],"{""pums_url"": ""https://www2.census.gov/programs-surveys/demo/guidance/industry-occupation/2018-ACS-PUMS-and-2018-SIPP-Public-Use-Occupation-Code-List.xlsx"", ""pums_sheet"": ""ACS"", ""bls_url"": ""https://www.bls.gov/soc/2018/soc_structure_2018.pdf"", ""onet_url"": ""https://www.onetcenter.org/taxonomy/2019/soc/2019_to_SOC_Crosswalk.xlsx?fmt=xlsx""}",PROVISIONAL_AUDIT_NOT_FINAL,0.4695853791598472,0.4695853791598472,0.4695853791598472,0.4230769230769231,0.5,0.4695853791598472,0.4695853791598472,
2721,272021,Athletes and sports competitors,27-2021,"[""27-2021""]",[289],[],289,"[""27-2021""]","[""27-2021""]","[""27-2021""]",[],[],[],[],1,1,1,COMPLETE_DOCUMENTED,detailed,covered,"Equal rated O*NET children within detailed SOC, then equal detailed SOC members; fully rated groups only",SINGLE_RATED_MEMBER,27,[],[],"{""pums_url"": ""https://www2.census.gov/programs-surveys/demo/guidance/industry-occupation/2018-ACS-PUMS-and-2018-SIPP-Public-Use-Occupation-Code-List.xlsx"", ""pums_sheet"": ""ACS"", ""bls_url"": ""https://www.bls.gov/soc/2018/soc_structure_2018.pdf"", ""onet_url"": ""https://www.onetcenter.org/taxonomy/2019/soc/2019_to_SOC_Crosswalk.xlsx?fmt=xlsx""}",PROVISIONAL_AUDIT_NOT_FINAL,0.0,0.0,0.0,0.0,0.0,0.0,0.0,
2722,272022,Coaches and scouts,27-2022,"[""27-2022""]",[290],[],290,"[""27-2022""]","[""27-2022""]","[""27-2022""]",[],[],[],[],1,1,1,COMPLETE_DOCUMENTED,detailed,covered,"Equal rated O*NET children within detailed SOC, then equal detailed SOC members; fully rated groups only",SINGLE_RATED_MEMBER,27,[],[],"{""pums_url"": ""https://www2.census.gov/programs-surveys/demo/guidance/industry-occupation/2018-ACS-PUMS-and-2018-SIPP-Public-Use-Occupation-Code-List.xlsx"", ""pums_sheet"": ""ACS"", ""bls_url"": ""https://www.bls.gov/soc/2018/soc_structure_2018.pdf"", ""onet_url"": ""https://www.onetcenter.org/taxonomy/2019/soc/2019_to_SOC_Crosswalk.xlsx?fmt=xlsx""}",PROVISIONAL_AUDIT_NOT_FINAL,0.3,0.3,0.3,0.3,0.3,0.3,0.3,
2723,272023,"Umpires, referees, and other sports officials",27-2023,"[""27-2023""]",[291],[],291,"[""27-2023""]","[""27-2023""]","[""27-2023""]",[],[],[],[],1,1,1,COMPLETE_DOCUMENTED,detailed,covered,"Equal rated O*NET children within detailed SOC, then equal detailed SOC members; fully rated groups only",SINGLE_RATED_MEMBER,27,[],[],"{""pums_url"": ""https://www2.census.gov/programs-surveys/demo/guidance/industry-occupation/2018-ACS-PUMS-and-2018-SIPP-Public-Use-Occupation-Code-List.xlsx"", ""pums_sheet"": ""ACS"", ""bls_url"": ""https://www.bls.gov/soc/2018/soc_structure_2018.pdf"", ""onet_url"": ""https://www.onetcenter.org/taxonomy/2019/soc/2019_to_SOC_Crosswalk.xlsx?fmt=xlsx""}",PROVISIONAL_AUDIT_NOT_FINAL,0.3125,0.3125,0.3125,0.3125,0.3125,0.3125,0.3125,
2740,272030,Dancers and choreographers,27-2030,"[""27-2030""]",[292],[],292,"[""27-2031"", ""27-2032""]","[""27-2031"", ""27-2032""]","[""27-2031"", ""27-2032""]",[],[],[],[],2,2,2,COMPLETE_DOCUMENTED,broad,covered,"Equal rated O*NET children within detailed SOC, then equal detailed SOC members; fully rated groups only",UNKNOWN_INTERNAL_EMPLOYMENT_SHARES,27,[],[],"{""pums_url"": ""https://www2.census.gov/programs-surveys/demo/guidance/industry-occupation/2018-ACS-PUMS-and-2018-SIPP-Public-Use-Occupation-Code-List.xlsx"", ""pums_sheet"": ""ACS"", ""bls_url"": ""https://www.bls.gov/soc/2018/soc_structure_2018.pdf"", ""onet_url"": ""https://www.onetcenter.org/taxonomy/2019/soc/2019_to_SOC_Crosswalk.xlsx?fmt=xlsx""}",PROVISIONAL_AUDIT_NOT_FINAL,0.14613095238095236,0.14613095238095236,0.14613095238095236,0.0208333333333333,0.2714285714285714,0.14613095238095236,0.14613095238095236,
2751,272041,Music directors and composers,27-2041,"[""27-2041""]",[293],[],293,"[""27-2041""]","[""27-2041""]","[""27-2041""]",[],[],[],[],1,1,1,COMPLETE_DOCUMENTED,detailed,covered,"Equal rated O*NET children within detailed SOC, then equal detailed SOC members; fully rated groups only",SINGLE_RATED_MEMBER,27,[],[],"{""pums_url"": ""https://www2.census.gov/programs-surveys/demo/guidance/industry-occupation/2018-ACS-PUMS-and-2018-SIPP-Public-Use-Occupation-Code-List.xlsx"", ""pums_sheet"": ""ACS"", ""bls_url"": ""https://www.bls.gov/soc/2018/soc_structure_2018.pdf"", ""onet_url"": ""https://www.onetcenter.org/taxonomy/2019/soc/2019_to_SOC_Crosswalk.xlsx?fmt=xlsx""}",PROVISIONAL_AUDIT_NOT_FINAL,0.7105263157894737,0.7105263157894737,0.7105263157894737,0.7105263157894737,0.7105263157894737,0.7105263157894737,0.7105263157894737,
2752,272042,Musicians and singers,27-2042,"[""27-2042""]",[294],[],294,"[""27-2042""]","[""27-2042""]","[""27-2042""]",[],[],[],[],1,1,1,COMPLETE_DOCUMENTED,detailed,covered,"Equal rated O*NET children within detailed SOC, then equal detailed SOC members; fully rated groups only",SINGLE_RATED_MEMBER,27,[],[],"{""pums_url"": ""https://www2.census.gov/programs-surveys/demo/guidance/industry-occupation/2018-ACS-PUMS-and-2018-SIPP-Public-Use-Occupation-Code-List.xlsx"", ""pums_sheet"": ""ACS"", ""bls_url"": ""https://www.bls.gov/soc/2018/soc_structure_2018.pdf"", ""onet_url"": ""https://www.onetcenter.org/taxonomy/2019/soc/2019_to_SOC_Crosswalk.xlsx?fmt=xlsx""}",PROVISIONAL_AUDIT_NOT_FINAL,0.4081632653061224,0.4081632653061224,0.4081632653061224,0.4081632653061224,0.4081632653061224,0.4081632653061224,0.4081632653061224,
2755,272091,"Disc jockeys, except radio",27-2091,"[""27-2091""]",[295],[],295,"[""27-2091""]","[""27-2091""]","[""27-2091""]",[],[],[],[],1,1,1,COMPLETE_DOCUMENTED,detailed,covered,"Equal rated O*NET children within detailed SOC, then equal detailed SOC members; fully rated groups only",SINGLE_RATED_MEMBER,27,[],[],"{""pums_url"": ""https://www2.census.gov/programs-surveys/demo/guidance/industry-occupation/2018-ACS-PUMS-and-2018-SIPP-Public-Use-Occupation-Code-List.xlsx"", ""pums_sheet"": ""ACS"", ""bls_url"": ""https://www.bls.gov/soc/2018/soc_structure_2018.pdf"", ""onet_url"": ""https://www.onetcenter.org/taxonomy/2019/soc/2019_to_SOC_Crosswalk.xlsx?fmt=xlsx""}",PROVISIONAL_AUDIT_NOT_FINAL,0.5263157894736842,0.5263157894736842,0.5263157894736842,0.5263157894736842,0.5263157894736842,0.5263157894736842,0.5263157894736842,
2770,272099,"Entertainers and performers, sports and related workers, all other",27-2099,"[""27-2099""]",[296],[],296,"[""27-2099""]",[],[],"[""27-2099""]",[],"[""27-2099""]",[],1,0,0,COMPLETE_DOCUMENTED,detailed,B_unrated_detailed_or_child,"Equal rated O*NET children within detailed SOC, then equal detailed SOC members; fully rated groups only",SINGLE_RATED_MEMBER,27,"[""27-2099""]","[""27-2099.00""]","{""pums_url"": ""https://www2.census.gov/programs-surveys/demo/guidance/industry-occupation/2018-ACS-PUMS-and-2018-SIPP-Public-Use-Occupation-Code-List.xlsx"", ""pums_sheet"": ""ACS"", ""bls_url"": ""https://www.bls.gov/soc/2018/soc_structure_2018.pdf"", ""onet_url"": ""https://www.onetcenter.org/taxonomy/2019/soc/2019_to_SOC_Crosswalk.xlsx?fmt=xlsx""}",PROVISIONAL_AUDIT_NOT_FINAL,,,,,,0.0,1.0,
2805,273011,Broadcast announcers and radio disc jockeys,27-3011,"[""27-3011""]",[297],[],297,"[""27-3011""]","[""27-3011""]","[""27-3011""]",[],[],[],[],1,1,1,COMPLETE_DOCUMENTED,detailed,covered,"Equal rated O*NET children within detailed SOC, then equal detailed SOC members; fully rated groups only",SINGLE_RATED_MEMBER,27,[],[],"{""pums_url"": ""https://www2.census.gov/programs-surveys/demo/guidance/industry-occupation/2018-ACS-PUMS-and-2018-SIPP-Public-Use-Occupation-Code-List.xlsx"", ""pums_sheet"": ""ACS"", ""bls_url"": ""https://www.bls.gov/soc/2018/soc_structure_2018.pdf"", ""onet_url"": ""https://www.onetcenter.org/taxonomy/2019/soc/2019_to_SOC_Crosswalk.xlsx?fmt=xlsx""}",PROVISIONAL_AUDIT_NOT_FINAL,0.65,0.65,0.65,0.65,0.65,0.65,0.65,
2810,273023,"News analysts, reporters, and journalists",27-3023,"[""27-3023""]",[298],[],298,"[""27-3023""]","[""27-3023""]","[""27-3023""]",[],[],[],[],1,1,1,COMPLETE_DOCUMENTED,detailed,covered,"Equal rated O*NET children within detailed SOC, then equal detailed SOC members; fully rated groups only",SINGLE_RATED_MEMBER,27,[],[],"{""pums_url"": ""https://www2.census.gov/programs-surveys/demo/guidance/industry-occupation/2018-ACS-PUMS-and-2018-SIPP-Public-Use-Occupation-Code-List.xlsx"", ""pums_sheet"": ""ACS"", ""bls_url"": ""https://www.bls.gov/soc/2018/soc_structure_2018.pdf"", ""onet_url"": ""https://www.onetcenter.org/taxonomy/2019/soc/2019_to_SOC_Crosswalk.xlsx?fmt=xlsx""}",PROVISIONAL_AUDIT_NOT_FINAL,0.65,0.65,0.65,0.65,0.65,0.65,0.65,
2825,273031,Public relations specialists,27-3031,"[""27-3031""]",[299],[],299,"[""27-3031""]","[""27-3031""]","[""27-3031""]",[],[],[],[],1,1,1,COMPLETE_DOCUMENTED,detailed,covered,"Equal rated O*NET children within detailed SOC, then equal detailed SOC members; fully rated groups only",SINGLE_RATED_MEMBER,27,[],[],"{""pums_url"": ""https://www2.census.gov/programs-surveys/demo/guidance/industry-occupation/2018-ACS-PUMS-and-2018-SIPP-Public-Use-Occupation-Code-List.xlsx"", ""pums_sheet"": ""ACS"", ""bls_url"": ""https://www.bls.gov/soc/2018/soc_structure_2018.pdf"", ""onet_url"": ""https://www.onetcenter.org/taxonomy/2019/soc/2019_to_SOC_Crosswalk.xlsx?fmt=xlsx""}",PROVISIONAL_AUDIT_NOT_FINAL,0.5909090909090909,0.5909090909090909,0.5909090909090909,0.5909090909090909,0.5909090909090909,0.5909090909090909,0.5909090909090909,
2830,273041,Editors,27-3041,"[""27-3041""]",[300],[],300,"[""27-3041""]","[""27-3041""]","[""27-3041""]",[],[],[],[],1,1,1,COMPLETE_DOCUMENTED,detailed,covered,"Equal rated O*NET children within detailed SOC, then equal detailed SOC members; fully rated groups only",SINGLE_RATED_MEMBER,27,[],[],"{""pums_url"": ""https://www2.census.gov/programs-surveys/demo/guidance/industry-occupation/2018-ACS-PUMS-and-2018-SIPP-Public-Use-Occupation-Code-List.xlsx"", ""pums_sheet"": ""ACS"", ""bls_url"": ""https://www.bls.gov/soc/2018/soc_structure_2018.pdf"", ""onet_url"": ""https://www.onetcenter.org/taxonomy/2019/soc/2019_to_SOC_Crosswalk.xlsx?fmt=xlsx""}",PROVISIONAL_AUDIT_NOT_FINAL,0.6470588235294118,0.6470588235294118,0.6470588235294118,0.6470588235294118,0.6470588235294118,0.6470588235294118,0.6470588235294118,
2840,273042,Technical writers,27-3042,"[""27-3042""]",[301],[],301,"[""27-3042""]","[""27-3042""]","[""27-3042""]",[],[],[],[],1,1,1,COMPLETE_DOCUMENTED,detailed,covered,"Equal rated O*NET children within detailed SOC, then equal detailed SOC members; fully rated groups only",SINGLE_RATED_MEMBER,27,[],[],"{""pums_url"": ""https://www2.census.gov/programs-surveys/demo/guidance/industry-occupation/2018-ACS-PUMS-and-2018-SIPP-Public-Use-Occupation-Code-List.xlsx"", ""pums_sheet"": ""ACS"", ""bls_url"": ""https://www.bls.gov/soc/2018/soc_structure_2018.pdf"", ""onet_url"": ""https://www.onetcenter.org/taxonomy/2019/soc/2019_to_SOC_Crosswalk.xlsx?fmt=xlsx""}",PROVISIONAL_AUDIT_NOT_FINAL,0.7,0.7,0.7,0.7,0.7,0.7,0.7,
2850,273043,Writers and authors,27-3043,"[""27-3043""]",[302],[],302,"[""27-3043""]","[""27-3043""]","[""27-3043""]",[],[],[],[],1,1,1,COMPLETE_DOCUMENTED,detailed,covered,"Equal rated O*NET children within detailed SOC, then equal detailed SOC members; fully rated groups only",UNKNOWN_INTERNAL_EMPLOYMENT_SHARES,27,[],[],"{""pums_url"": ""https://www2.census.gov/programs-surveys/demo/guidance/industry-occupation/2018-ACS-PUMS-and-2018-SIPP-Public-Use-Occupation-Code-List.xlsx"", ""pums_sheet"": ""ACS"", ""bls_url"": ""https://www.bls.gov/soc/2018/soc_structure_2018.pdf"", ""onet_url"": ""https://www.onetcenter.org/taxonomy/2019/soc/2019_to_SOC_Crosswalk.xlsx?fmt=xlsx""}",PROVISIONAL_AUDIT_NOT_FINAL,0.8771367521367521,0.8771367521367521,0.8771367521367521,0.8653846153846154,0.8888888888888888,0.8771367521367521,0.8771367521367521,
2861,273091,Interpreters and translators,27-3091,"[""27-3091""]",[303],[],303,"[""27-3091""]","[""27-3091""]","[""27-3091""]",[],[],[],[],1,1,1,COMPLETE_DOCUMENTED,detailed,covered,"Equal rated O*NET children within detailed SOC, then equal detailed SOC members; fully rated groups only",SINGLE_RATED_MEMBER,27,[],[],"{""pums_url"": ""https://www2.census.gov/programs-surveys/demo/guidance/industry-occupation/2018-ACS-PUMS-and-2018-SIPP-Public-Use-Occupation-Code-List.xlsx"", ""pums_sheet"": ""ACS"", ""bls_url"": ""https://www.bls.gov/soc/2018/soc_structure_2018.pdf"", ""onet_url"": ""https://www.onetcenter.org/taxonomy/2019/soc/2019_to_SOC_Crosswalk.xlsx?fmt=xlsx""}",PROVISIONAL_AUDIT_NOT_FINAL,0.88,0.88,0.88,0.88,0.88,0.88,0.88,
2862,273092,Court reporters and simultaneous captioners,27-3092,"[""27-3092""]",[304],[],304,"[""27-3092""]","[""27-3092""]","[""27-3092""]",[],[],[],[],1,1,1,COMPLETE_DOCUMENTED,detailed,covered,"Equal rated O*NET children within detailed SOC, then equal detailed SOC members; fully rated groups only",SINGLE_RATED_MEMBER,27,[],[],"{""pums_url"": ""https://www2.census.gov/programs-surveys/demo/guidance/industry-occupation/2018-ACS-PUMS-and-2018-SIPP-Public-Use-Occupation-Code-List.xlsx"", ""pums_sheet"": ""ACS"", ""bls_url"": ""https://www.bls.gov/soc/2018/soc_structure_2018.pdf"", ""onet_url"": ""https://www.onetcenter.org/taxonomy/2019/soc/2019_to_SOC_Crosswalk.xlsx?fmt=xlsx""}",PROVISIONAL_AUDIT_NOT_FINAL,0.9583333333333331,0.9583333333333331,0.9583333333333331,0.9583333333333331,0.9583333333333331,0.9583333333333331,0.9583333333333331,
2865,273099,"Media and communication workers, all other",27-3099,"[""27-3099""]",[305],[],305,"[""27-3099""]",[],[],"[""27-3099""]",[],"[""27-3099""]",[],1,0,0,COMPLETE_DOCUMENTED,detailed,B_unrated_detailed_or_child,"Equal rated O*NET children within detailed SOC, then equal detailed SOC members; fully rated groups only",SINGLE_RATED_MEMBER,27,"[""27-3099""]","[""27-3099.00""]","{""pums_url"": ""https://www2.census.gov/programs-surveys/demo/guidance/industry-occupation/2018-ACS-PUMS-and-2018-SIPP-Public-Use-Occupation-Code-List.xlsx"", ""pums_sheet"": ""ACS"", ""bls_url"": ""https://www.bls.gov/soc/2018/soc_structure_2018.pdf"", ""onet_url"": ""https://www.onetcenter.org/taxonomy/2019/soc/2019_to_SOC_Crosswalk.xlsx?fmt=xlsx""}",PROVISIONAL_AUDIT_NOT_FINAL,,,,,,0.0,1.0,
2905,2740XX,Other media and communication equipment workers,27-40XX,"[""27-4010"", ""27-4099""]","[308, 309]",[],306,"[""27-4011"", ""27-4012"", ""27-4014"", ""27-4015"", ""27-4099""]","[""27-4011"", ""27-4012"", ""27-4014"", ""27-4015""]","[""27-4011"", ""27-4012"", ""27-4014"", ""27-4015""]","[""27-4099""]",[],"[""27-4099""]",[],5,4,4,COMPLETE_DOCUMENTED,Census composite X/Y,B_unrated_detailed_or_child,"Equal rated O*NET children within detailed SOC, then equal detailed SOC members; fully rated groups only",UNKNOWN_INTERNAL_EMPLOYMENT_SHARES,27,"[""27-4099""]","[""27-4099.00""]","{""pums_url"": ""https://www2.census.gov/programs-surveys/demo/guidance/industry-occupation/2018-ACS-PUMS-and-2018-SIPP-Public-Use-Occupation-Code-List.xlsx"", ""pums_sheet"": ""ACS"", ""bls_url"": ""https://www.bls.gov/soc/2018/soc_structure_2018.pdf"", ""onet_url"": ""https://www.onetcenter.org/taxonomy/2019/soc/2019_to_SOC_Crosswalk.xlsx?fmt=xlsx""}",PROVISIONAL_AUDIT_NOT_FINAL,,,,,,0.0,1.0,
2910,274021,Photographers,27-4021,"[""27-4021""]",[310],[],310,"[""27-4021""]","[""27-4021""]","[""27-4021""]",[],[],[],[],1,1,1,COMPLETE_DOCUMENTED,detailed,covered,"Equal rated O*NET children within detailed SOC, then equal detailed SOC members; fully rated groups only",SINGLE_RATED_MEMBER,27,[],[],"{""pums_url"": ""https://www2.census.gov/programs-surveys/demo/guidance/industry-occupation/2018-ACS-PUMS-and-2018-SIPP-Public-Use-Occupation-Code-List.xlsx"", ""pums_sheet"": ""ACS"", ""bls_url"": ""https://www.bls.gov/soc/2018/soc_structure_2018.pdf"", ""onet_url"": ""https://www.onetcenter.org/taxonomy/2019/soc/2019_to_SOC_Crosswalk.xlsx?fmt=xlsx""}",PROVISIONAL_AUDIT_NOT_FINAL,0.3854166666666666,0.3854166666666666,0.3854166666666666,0.3854166666666666,0.3854166666666666,0.3854166666666666,0.3854166666666666,
2920,274030,"Television, video, and film camera operators and editors",27-4030,"[""27-4030""]",[311],[],311,"[""27-4031"", ""27-4032""]","[""27-4031"", ""27-4032""]","[""27-4031"", ""27-4032""]",[],[],[],[],2,2,2,COMPLETE_DOCUMENTED,broad,covered,"Equal rated O*NET children within detailed SOC, then equal detailed SOC members; fully rated groups only",UNKNOWN_INTERNAL_EMPLOYMENT_SHARES,27,[],[],"{""pums_url"": ""https://www2.census.gov/programs-surveys/demo/guidance/industry-occupation/2018-ACS-PUMS-and-2018-SIPP-Public-Use-Occupation-Code-List.xlsx"", ""pums_sheet"": ""ACS"", ""bls_url"": ""https://www.bls.gov/soc/2018/soc_structure_2018.pdf"", ""onet_url"": ""https://www.onetcenter.org/taxonomy/2019/soc/2019_to_SOC_Crosswalk.xlsx?fmt=xlsx""}",PROVISIONAL_AUDIT_NOT_FINAL,0.476010101010101,0.476010101010101,0.476010101010101,0.4242424242424242,0.5277777777777778,0.476010101010101,0.476010101010101,
3000,291011,Chiropractors,29-1011,"[""29-1011""]",[315],[],315,"[""29-1011""]","[""29-1011""]","[""29-1011""]",[],[],[],[],1,1,1,COMPLETE_DOCUMENTED,detailed,covered,"Equal rated O*NET children within detailed SOC, then equal detailed SOC members; fully rated groups only",SINGLE_RATED_MEMBER,29,[],[],"{""pums_url"": ""https://www2.census.gov/programs-surveys/demo/guidance/industry-occupation/2018-ACS-PUMS-and-2018-SIPP-Public-Use-Occupation-Code-List.xlsx"", ""pums_sheet"": ""ACS"", ""bls_url"": ""https://www.bls.gov/soc/2018/soc_structure_2018.pdf"", ""onet_url"": ""https://www.onetcenter.org/taxonomy/2019/soc/2019_to_SOC_Crosswalk.xlsx?fmt=xlsx""}",PROVISIONAL_AUDIT_NOT_FINAL,0.4545454545454546,0.4545454545454546,0.4545454545454546,0.4545454545454546,0.4545454545454546,0.4545454545454546,0.4545454545454546,
3010,291020,Dentists,29-1020,"[""29-1020""]",[316],[],316,"[""29-1021"", ""29-1022"", ""29-1023"", ""29-1024"", ""29-1029""]","[""29-1021"", ""29-1022"", ""29-1023"", ""29-1024""]","[""29-1021"", ""29-1022"", ""29-1023"", ""29-1024""]","[""29-1029""]",[],"[""29-1029""]",[],5,4,4,COMPLETE_DOCUMENTED,broad,B_unrated_detailed_or_child,"Equal rated O*NET children within detailed SOC, then equal detailed SOC members; fully rated groups only",UNKNOWN_INTERNAL_EMPLOYMENT_SHARES,29,"[""29-1029""]","[""29-1029.00""]","{""pums_url"": ""https://www2.census.gov/programs-surveys/demo/guidance/industry-occupation/2018-ACS-PUMS-and-2018-SIPP-Public-Use-Occupation-Code-List.xlsx"", ""pums_sheet"": ""ACS"", ""bls_url"": ""https://www.bls.gov/soc/2018/soc_structure_2018.pdf"", ""onet_url"": ""https://www.onetcenter.org/taxonomy/2019/soc/2019_to_SOC_Crosswalk.xlsx?fmt=xlsx""}",PROVISIONAL_AUDIT_NOT_FINAL,,,,,,0.0,1.0,
3030,291031,Dietitians and nutritionists,29-1031,"[""29-1031""]",[317],[],317,"[""29-1031""]","[""29-1031""]","[""29-1031""]",[],[],[],[],1,1,1,COMPLETE_DOCUMENTED,detailed,covered,"Equal rated O*NET children within detailed SOC, then equal detailed SOC members; fully rated groups only",SINGLE_RATED_MEMBER,29,[],[],"{""pums_url"": ""https://www2.census.gov/programs-surveys/demo/guidance/industry-occupation/2018-ACS-PUMS-and-2018-SIPP-Public-Use-Occupation-Code-List.xlsx"", ""pums_sheet"": ""ACS"", ""bls_url"": ""https://www.bls.gov/soc/2018/soc_structure_2018.pdf"", ""onet_url"": ""https://www.onetcenter.org/taxonomy/2019/soc/2019_to_SOC_Crosswalk.xlsx?fmt=xlsx""}",PROVISIONAL_AUDIT_NOT_FINAL,0.5487804878048781,0.5487804878048781,0.5487804878048781,0.5487804878048781,0.5487804878048781,0.5487804878048781,0.5487804878048781,
3040,291041,Optometrists,29-1041,"[""29-1041""]",[318],[],318,"[""29-1041""]","[""29-1041""]","[""29-1041""]",[],[],[],[],1,1,1,COMPLETE_DOCUMENTED,detailed,covered,"Equal rated O*NET children within detailed SOC, then equal detailed SOC members; fully rated groups only",SINGLE_RATED_MEMBER,29,[],[],"{""pums_url"": ""https://www2.census.gov/programs-surveys/demo/guidance/industry-occupation/2018-ACS-PUMS-and-2018-SIPP-Public-Use-Occupation-Code-List.xlsx"", ""pums_sheet"": ""ACS"", ""bls_url"": ""https://www.bls.gov/soc/2018/soc_structure_2018.pdf"", ""onet_url"": ""https://www.onetcenter.org/taxonomy/2019/soc/2019_to_SOC_Crosswalk.xlsx?fmt=xlsx""}",PROVISIONAL_AUDIT_NOT_FINAL,0.3,0.3,0.3,0.3,0.3,0.3,0.3,
3050,291051,Pharmacists,29-1051,"[""29-1051""]",[319],[],319,"[""29-1051""]","[""29-1051""]","[""29-1051""]",[],[],[],[],1,1,1,COMPLETE_DOCUMENTED,detailed,covered,"Equal rated O*NET children within detailed SOC, then equal detailed SOC members; fully rated groups only",SINGLE_RATED_MEMBER,29,[],[],"{""pums_url"": ""https://www2.census.gov/programs-surveys/demo/guidance/industry-occupation/2018-ACS-PUMS-and-2018-SIPP-Public-Use-Occupation-Code-List.xlsx"", ""pums_sheet"": ""ACS"", ""bls_url"": ""https://www.bls.gov/soc/2018/soc_structure_2018.pdf"", ""onet_url"": ""https://www.onetcenter.org/taxonomy/2019/soc/2019_to_SOC_Crosswalk.xlsx?fmt=xlsx""}",PROVISIONAL_AUDIT_NOT_FINAL,0.4285714285714285,0.4285714285714285,0.4285714285714285,0.4285714285714285,0.4285714285714285,0.4285714285714285,0.4285714285714285,
3090,291210,Physicians,29-1210,"[""29-1210"", ""29-1214"", ""29-1224"", ""29-1211"", ""29-1212"", ""29-1213"", ""29-1215"", ""29-1216"", ""29-1217"", ""29-1218"", ""29-1221"", ""29-1222"", ""29-1223"", ""29-1229""]","[320, 322, 323, 326, 327, 328, 329, 330, 331, 332, 333, 334, 335, 336]","[""29-12XX""]",320,"[""29-1211"", ""29-1212"", ""29-1213"", ""29-1214"", ""29-1215"", ""29-1216"", ""29-1217"", ""29-1218"", ""29-1221"", ""29-1222"", ""29-1223"", ""29-1224"", ""29-1229""]","[""29-1211"", ""29-1212"", ""29-1213"", ""29-1214"", ""29-1215"", ""29-1216"", ""29-1217"", ""29-1218"", ""29-1221"", ""29-1222"", ""29-1223"", ""29-1224"", ""29-1229""]","[""29-1211"", ""29-1212"", ""29-1213"", ""29-1214"", ""29-1215"", ""29-1216"", ""29-1217"", ""29-1218"", ""29-1221"", ""29-1222"", ""29-1223"", ""29-1224""]",[],"[""29-1229""]","[""29-1229""]",[],13,13,12,COMPLETE_DOCUMENTED,broad,B_unrated_detailed_or_child,"Equal rated O*NET children within detailed SOC, then equal detailed SOC members; fully rated groups only",UNKNOWN_INTERNAL_EMPLOYMENT_SHARES,29,"[""29-1229""]","[""29-1229.00""]","{""pums_url"": ""https://www2.census.gov/programs-surveys/demo/guidance/industry-occupation/2018-ACS-PUMS-and-2018-SIPP-Public-Use-Occupation-Code-List.xlsx"", ""pums_sheet"": ""ACS"", ""bls_url"": ""https://www.bls.gov/soc/2018/soc_structure_2018.pdf"", ""onet_url"": ""https://www.onetcenter.org/taxonomy/2019/soc/2019_to_SOC_Crosswalk.xlsx?fmt=xlsx""}",PROVISIONAL_AUDIT_NOT_FINAL,0.42310266110173494,,,,,0.0,1.0,
3100,291240,Surgeons,29-1240,"[""29-1240""]",[337],[],337,"[""29-1241"", ""29-1242"", ""29-1243"", ""29-1249""]","[""29-1241"", ""29-1242"", ""29-1243""]","[""29-1241"", ""29-1242"", ""29-1243""]","[""29-1249""]",[],"[""29-1249""]",[],4,3,3,COMPLETE_DOCUMENTED,broad,B_unrated_detailed_or_child,"Equal rated O*NET children within detailed SOC, then equal detailed SOC members; fully rated groups only",UNKNOWN_INTERNAL_EMPLOYMENT_SHARES,29,"[""29-1249""]","[""29-1249.00""]","{""pums_url"": ""https://www2.census.gov/programs-surveys/demo/guidance/industry-occupation/2018-ACS-PUMS-and-2018-SIPP-Public-Use-Occupation-Code-List.xlsx"", ""pums_sheet"": ""ACS"", ""bls_url"": ""https://www.bls.gov/soc/2018/soc_structure_2018.pdf"", ""onet_url"": ""https://www.onetcenter.org/taxonomy/2019/soc/2019_to_SOC_Crosswalk.xlsx?fmt=xlsx""}",PROVISIONAL_AUDIT_NOT_FINAL,,,,,,0.0,1.0,
3110,291071,Physician assistants,29-1071,"[""29-1071""]",[338],[],338,"[""29-1071""]","[""29-1071""]","[""29-1071""]",[],[],[],[],1,1,1,COMPLETE_DOCUMENTED,detailed,covered,"Equal rated O*NET children within detailed SOC, then equal detailed SOC members; fully rated groups only",UNKNOWN_INTERNAL_EMPLOYMENT_SHARES,29,[],[],"{""pums_url"": ""https://www2.census.gov/programs-surveys/demo/guidance/industry-occupation/2018-ACS-PUMS-and-2018-SIPP-Public-Use-Occupation-Code-List.xlsx"", ""pums_sheet"": ""ACS"", ""bls_url"": ""https://www.bls.gov/soc/2018/soc_structure_2018.pdf"", ""onet_url"": ""https://www.onetcenter.org/taxonomy/2019/soc/2019_to_SOC_Crosswalk.xlsx?fmt=xlsx""}",PROVISIONAL_AUDIT_NOT_FINAL,0.2708333333333333,0.2708333333333333,0.2708333333333333,0.1666666666666666,0.375,0.2708333333333333,0.2708333333333333,
3120,291081,Podiatrists,29-1081,"[""29-1081""]",[339],[],339,"[""29-1081""]","[""29-1081""]","[""29-1081""]",[],[],[],[],1,1,1,COMPLETE_DOCUMENTED,detailed,covered,"Equal rated O*NET children within detailed SOC, then equal detailed SOC members; fully rated groups only",SINGLE_RATED_MEMBER,29,[],[],"{""pums_url"": ""https://www2.census.gov/programs-surveys/demo/guidance/industry-occupation/2018-ACS-PUMS-and-2018-SIPP-Public-Use-Occupation-Code-List.xlsx"", ""pums_sheet"": ""ACS"", ""bls_url"": ""https://www.bls.gov/soc/2018/soc_structure_2018.pdf"", ""onet_url"": ""https://www.onetcenter.org/taxonomy/2019/soc/2019_to_SOC_Crosswalk.xlsx?fmt=xlsx""}",PROVISIONAL_AUDIT_NOT_FINAL,0.2857142857142857,0.2857142857142857,0.2857142857142857,0.2857142857142857,0.2857142857142857,0.2857142857142857,0.2857142857142857,
3140,291181,Audiologists,29-1181,"[""29-1181""]",[340],[],340,"[""29-1181""]","[""29-1181""]","[""29-1181""]",[],[],[],[],1,1,1,COMPLETE_DOCUMENTED,detailed,covered,"Equal rated O*NET children within detailed SOC, then equal detailed SOC members; fully rated groups only",SINGLE_RATED_MEMBER,29,[],[],"{""pums_url"": ""https://www2.census.gov/programs-surveys/demo/guidance/industry-occupation/2018-ACS-PUMS-and-2018-SIPP-Public-Use-Occupation-Code-List.xlsx"", ""pums_sheet"": ""ACS"", ""bls_url"": ""https://www.bls.gov/soc/2018/soc_structure_2018.pdf"", ""onet_url"": ""https://www.onetcenter.org/taxonomy/2019/soc/2019_to_SOC_Crosswalk.xlsx?fmt=xlsx""}",PROVISIONAL_AUDIT_NOT_FINAL,0.4545454545454546,0.4545454545454546,0.4545454545454546,0.4545454545454546,0.4545454545454546,0.4545454545454546,0.4545454545454546,
3150,291122,Occupational therapists,29-1122,"[""29-1122""]",[341],[],341,"[""29-1122""]","[""29-1122""]","[""29-1122""]",[],[],[],[],1,1,1,COMPLETE_DOCUMENTED,detailed,covered,"Equal rated O*NET children within detailed SOC, then equal detailed SOC members; fully rated groups only",UNKNOWN_INTERNAL_EMPLOYMENT_SHARES,29,[],[],"{""pums_url"": ""https://www2.census.gov/programs-surveys/demo/guidance/industry-occupation/2018-ACS-PUMS-and-2018-SIPP-Public-Use-Occupation-Code-List.xlsx"", ""pums_sheet"": ""ACS"", ""bls_url"": ""https://www.bls.gov/soc/2018/soc_structure_2018.pdf"", ""onet_url"": ""https://www.onetcenter.org/taxonomy/2019/soc/2019_to_SOC_Crosswalk.xlsx?fmt=xlsx""}",PROVISIONAL_AUDIT_NOT_FINAL,0.2890151515151515,0.2890151515151515,0.2890151515151515,0.275,0.303030303030303,0.2890151515151515,0.2890151515151515,
3160,291123,Physical therapists,29-1123,"[""29-1123""]",[342],[],342,"[""29-1123""]","[""29-1123""]","[""29-1123""]",[],[],[],[],1,1,1,COMPLETE_DOCUMENTED,detailed,covered,"Equal rated O*NET children within detailed SOC, then equal detailed SOC members; fully rated groups only",SINGLE_RATED_MEMBER,29,[],[],"{""pums_url"": ""https://www2.census.gov/programs-surveys/demo/guidance/industry-occupation/2018-ACS-PUMS-and-2018-SIPP-Public-Use-Occupation-Code-List.xlsx"", ""pums_sheet"": ""ACS"", ""bls_url"": ""https://www.bls.gov/soc/2018/soc_structure_2018.pdf"", ""onet_url"": ""https://www.onetcenter.org/taxonomy/2019/soc/2019_to_SOC_Crosswalk.xlsx?fmt=xlsx""}",PROVISIONAL_AUDIT_NOT_FINAL,0.1914893617021276,0.1914893617021276,0.1914893617021276,0.1914893617021276,0.1914893617021276,0.1914893617021276,0.1914893617021276,
3200,291124,Radiation therapists,29-1124,"[""29-1124""]",[343],[],343,"[""29-1124""]","[""29-1124""]","[""29-1124""]",[],[],[],[],1,1,1,COMPLETE_DOCUMENTED,detailed,covered,"Equal rated O*NET children within detailed SOC, then equal detailed SOC members; fully rated groups only",SINGLE_RATED_MEMBER,29,[],[],"{""pums_url"": ""https://www2.census.gov/programs-surveys/demo/guidance/industry-occupation/2018-ACS-PUMS-and-2018-SIPP-Public-Use-Occupation-Code-List.xlsx"", ""pums_sheet"": ""ACS"", ""bls_url"": ""https://www.bls.gov/soc/2018/soc_structure_2018.pdf"", ""onet_url"": ""https://www.onetcenter.org/taxonomy/2019/soc/2019_to_SOC_Crosswalk.xlsx?fmt=xlsx""}",PROVISIONAL_AUDIT_NOT_FINAL,0.2804878048780488,0.2804878048780488,0.2804878048780488,0.2804878048780488,0.2804878048780488,0.2804878048780488,0.2804878048780488,
3210,291125,Recreational therapists,29-1125,"[""29-1125""]",[344],[],344,"[""29-1125""]","[""29-1125""]","[""29-1125""]",[],[],[],[],1,1,1,COMPLETE_DOCUMENTED,detailed,covered,"Equal rated O*NET children within detailed SOC, then equal detailed SOC members; fully rated groups only",SINGLE_RATED_MEMBER,29,[],[],"{""pums_url"": ""https://www2.census.gov/programs-surveys/demo/guidance/industry-occupation/2018-ACS-PUMS-and-2018-SIPP-Public-Use-Occupation-Code-List.xlsx"", ""pums_sheet"": ""ACS"", ""bls_url"": ""https://www.bls.gov/soc/2018/soc_structure_2018.pdf"", ""onet_url"": ""https://www.onetcenter.org/taxonomy/2019/soc/2019_to_SOC_Crosswalk.xlsx?fmt=xlsx""}",PROVISIONAL_AUDIT_NOT_FINAL,0.3181818181818182,0.3181818181818182,0.3181818181818182,0.3181818181818182,0.3181818181818182,0.3181818181818182,0.3181818181818182,
3220,291126,Respiratory therapists,29-1126,"[""29-1126""]",[345],[],345,"[""29-1126""]","[""29-1126""]","[""29-1126""]",[],[],[],[],1,1,1,COMPLETE_DOCUMENTED,detailed,covered,"Equal rated O*NET children within detailed SOC, then equal detailed SOC members; fully rated groups only",SINGLE_RATED_MEMBER,29,[],[],"{""pums_url"": ""https://www2.census.gov/programs-surveys/demo/guidance/industry-occupation/2018-ACS-PUMS-and-2018-SIPP-Public-Use-Occupation-Code-List.xlsx"", ""pums_sheet"": ""ACS"", ""bls_url"": ""https://www.bls.gov/soc/2018/soc_structure_2018.pdf"", ""onet_url"": ""https://www.onetcenter.org/taxonomy/2019/soc/2019_to_SOC_Crosswalk.xlsx?fmt=xlsx""}",PROVISIONAL_AUDIT_NOT_FINAL,0.2023809523809523,0.2023809523809523,0.2023809523809523,0.2023809523809523,0.2023809523809523,0.2023809523809523,0.2023809523809523,
3230,291127,Speech-language pathologists,29-1127,"[""29-1127""]",[346],[],346,"[""29-1127""]","[""29-1127""]","[""29-1127""]",[],[],[],[],1,1,1,COMPLETE_DOCUMENTED,detailed,covered,"Equal rated O*NET children within detailed SOC, then equal detailed SOC members; fully rated groups only",SINGLE_RATED_MEMBER,29,[],[],"{""pums_url"": ""https://www2.census.gov/programs-surveys/demo/guidance/industry-occupation/2018-ACS-PUMS-and-2018-SIPP-Public-Use-Occupation-Code-List.xlsx"", ""pums_sheet"": ""ACS"", ""bls_url"": ""https://www.bls.gov/soc/2018/soc_structure_2018.pdf"", ""onet_url"": ""https://www.onetcenter.org/taxonomy/2019/soc/2019_to_SOC_Crosswalk.xlsx?fmt=xlsx""}",PROVISIONAL_AUDIT_NOT_FINAL,0.4512195121951219,0.4512195121951219,0.4512195121951219,0.4512195121951219,0.4512195121951219,0.4512195121951219,0.4512195121951219,
3245,29112X,Other therapists,29-112X,"[""29-1128"", ""29-1129""]","[349, 350]",[],347,"[""29-1128"", ""29-1129""]","[""29-1128"", ""29-1129""]","[""29-1128""]",[],"[""29-1129""]","[""29-1129""]",[],2,2,1,COMPLETE_DOCUMENTED,Census composite X/Y,B_unrated_detailed_or_child,"Equal rated O*NET children within detailed SOC, then equal detailed SOC members; fully rated groups only",UNKNOWN_INTERNAL_EMPLOYMENT_SHARES,29,"[""29-1129""]","[""29-1129.00""]","{""pums_url"": ""https://www2.census.gov/programs-surveys/demo/guidance/industry-occupation/2018-ACS-PUMS-and-2018-SIPP-Public-Use-Occupation-Code-List.xlsx"", ""pums_sheet"": ""ACS"", ""bls_url"": ""https://www.bls.gov/soc/2018/soc_structure_2018.pdf"", ""onet_url"": ""https://www.onetcenter.org/taxonomy/2019/soc/2019_to_SOC_Crosswalk.xlsx?fmt=xlsx""}",PROVISIONAL_AUDIT_NOT_FINAL,0.3128014184397163,,,,,0.0,1.0,
3250,291131,Veterinarians,29-1131,"[""29-1131""]",[351],[],351,"[""29-1131""]","[""29-1131""]","[""29-1131""]",[],[],[],[],1,1,1,COMPLETE_DOCUMENTED,detailed,covered,"Equal rated O*NET children within detailed SOC, then equal detailed SOC members; fully rated groups only",SINGLE_RATED_MEMBER,29,[],[],"{""pums_url"": ""https://www2.census.gov/programs-surveys/demo/guidance/industry-occupation/2018-ACS-PUMS-and-2018-SIPP-Public-Use-Occupation-Code-List.xlsx"", ""pums_sheet"": ""ACS"", ""bls_url"": ""https://www.bls.gov/soc/2018/soc_structure_2018.pdf"", ""onet_url"": ""https://www.onetcenter.org/taxonomy/2019/soc/2019_to_SOC_Crosswalk.xlsx?fmt=xlsx""}",PROVISIONAL_AUDIT_NOT_FINAL,0.2702702702702703,0.2702702702702703,0.2702702702702703,0.2702702702702703,0.2702702702702703,0.2702702702702703,0.2702702702702703,
3255,291141,Registered nurses,29-1141,"[""29-1141""]",[352],[],352,"[""29-1141""]","[""29-1141""]","[""29-1141""]",[],[],[],[],1,1,1,COMPLETE_DOCUMENTED,detailed,covered,"Equal rated O*NET children within detailed SOC, then equal detailed SOC members; fully rated groups only",UNKNOWN_INTERNAL_EMPLOYMENT_SHARES,29,[],[],"{""pums_url"": ""https://www2.census.gov/programs-surveys/demo/guidance/industry-occupation/2018-ACS-PUMS-and-2018-SIPP-Public-Use-Occupation-Code-List.xlsx"", ""pums_sheet"": ""ACS"", ""bls_url"": ""https://www.bls.gov/soc/2018/soc_structure_2018.pdf"", ""onet_url"": ""https://www.onetcenter.org/taxonomy/2019/soc/2019_to_SOC_Crosswalk.xlsx?fmt=xlsx""}",PROVISIONAL_AUDIT_NOT_FINAL,0.38019000703729766,0.38019000703729766,0.38019000703729766,0.3061224489795918,0.4666666666666667,0.38019000703729766,0.38019000703729766,
3256,291151,Nurse anesthetists,29-1151,"[""29-1151""]",[353],[],353,"[""29-1151""]","[""29-1151""]","[""29-1151""]",[],[],[],[],1,1,1,COMPLETE_DOCUMENTED,detailed,covered,"Equal rated O*NET children within detailed SOC, then equal detailed SOC members; fully rated groups only",SINGLE_RATED_MEMBER,29,[],[],"{""pums_url"": ""https://www2.census.gov/programs-surveys/demo/guidance/industry-occupation/2018-ACS-PUMS-and-2018-SIPP-Public-Use-Occupation-Code-List.xlsx"", ""pums_sheet"": ""ACS"", ""bls_url"": ""https://www.bls.gov/soc/2018/soc_structure_2018.pdf"", ""onet_url"": ""https://www.onetcenter.org/taxonomy/2019/soc/2019_to_SOC_Crosswalk.xlsx?fmt=xlsx""}",PROVISIONAL_AUDIT_NOT_FINAL,0.1666666666666666,0.1666666666666666,0.1666666666666666,0.1666666666666666,0.1666666666666666,0.1666666666666666,0.1666666666666666,
3258,2911XX,"Nurse practitioners, and nurse midwives",29-11XX,"[""29-1161"", ""29-1171""]","[356, 357]",[],354,"[""29-1161"", ""29-1171""]","[""29-1161"", ""29-1171""]","[""29-1161"", ""29-1171""]",[],[],[],[],2,2,2,COMPLETE_DOCUMENTED,Census composite X/Y,covered,"Equal rated O*NET children within detailed SOC, then equal detailed SOC members; fully rated groups only",UNKNOWN_INTERNAL_EMPLOYMENT_SHARES,29,[],[],"{""pums_url"": ""https://www2.census.gov/programs-surveys/demo/guidance/industry-occupation/2018-ACS-PUMS-and-2018-SIPP-Public-Use-Occupation-Code-List.xlsx"", ""pums_sheet"": ""ACS"", ""bls_url"": ""https://www.bls.gov/soc/2018/soc_structure_2018.pdf"", ""onet_url"": ""https://www.onetcenter.org/taxonomy/2019/soc/2019_to_SOC_Crosswalk.xlsx?fmt=xlsx""}",PROVISIONAL_AUDIT_NOT_FINAL,0.4358626919602529,0.4358626919602529,0.4358626919602529,0.3902439024390244,0.4814814814814814,0.4358626919602529,0.4358626919602529,
3261,291291,Acupuncturists,29-1291,"[""29-1291""]",[358],[],358,"[""29-1291""]","[""29-1291""]","[""29-1291""]",[],[],[],[],1,1,1,COMPLETE_DOCUMENTED,detailed,covered,"Equal rated O*NET children within detailed SOC, then equal detailed SOC members; fully rated groups only",SINGLE_RATED_MEMBER,29,[],[],"{""pums_url"": ""https://www2.census.gov/programs-surveys/demo/guidance/industry-occupation/2018-ACS-PUMS-and-2018-SIPP-Public-Use-Occupation-Code-List.xlsx"", ""pums_sheet"": ""ACS"", ""bls_url"": ""https://www.bls.gov/soc/2018/soc_structure_2018.pdf"", ""onet_url"": ""https://www.onetcenter.org/taxonomy/2019/soc/2019_to_SOC_Crosswalk.xlsx?fmt=xlsx""}",PROVISIONAL_AUDIT_NOT_FINAL,0.1666666666666666,0.1666666666666666,0.1666666666666666,0.1666666666666666,0.1666666666666666,0.1666666666666666,0.1666666666666666,
3270,291299,"Healthcare diagnosing or treating practitioners, all other",29-1299,"[""29-1299""]",[359],[],359,"[""29-1299""]","[""29-1299""]",[],[],"[""29-1299""]","[""29-1299""]",[],1,1,0,COMPLETE_DOCUMENTED,detailed,B_unrated_detailed_or_child,"Equal rated O*NET children within detailed SOC, then equal detailed SOC members; fully rated groups only",UNKNOWN_INTERNAL_EMPLOYMENT_SHARES,29,"[""29-1299""]","[""29-1299.00""]","{""pums_url"": ""https://www2.census.gov/programs-surveys/demo/guidance/industry-occupation/2018-ACS-PUMS-and-2018-SIPP-Public-Use-Occupation-Code-List.xlsx"", ""pums_sheet"": ""ACS"", ""bls_url"": ""https://www.bls.gov/soc/2018/soc_structure_2018.pdf"", ""onet_url"": ""https://www.onetcenter.org/taxonomy/2019/soc/2019_to_SOC_Crosswalk.xlsx?fmt=xlsx""}",PROVISIONAL_AUDIT_NOT_FINAL,0.4963942307692307,,,,,0.0,1.0,
3300,292010,Clinical laboratory technologists and technicians,29-2010,"[""29-2010""]",[360],[],360,"[""29-2011"", ""29-2012""]","[""29-2011"", ""29-2012""]","[""29-2011"", ""29-2012""]",[],[],[],[],2,2,2,COMPLETE_DOCUMENTED,broad,covered,"Equal rated O*NET children within detailed SOC, then equal detailed SOC members; fully rated groups only",UNKNOWN_INTERNAL_EMPLOYMENT_SHARES,29,[],[],"{""pums_url"": ""https://www2.census.gov/programs-surveys/demo/guidance/industry-occupation/2018-ACS-PUMS-and-2018-SIPP-Public-Use-Occupation-Code-List.xlsx"", ""pums_sheet"": ""ACS"", ""bls_url"": ""https://www.bls.gov/soc/2018/soc_structure_2018.pdf"", ""onet_url"": ""https://www.onetcenter.org/taxonomy/2019/soc/2019_to_SOC_Crosswalk.xlsx?fmt=xlsx""}",PROVISIONAL_AUDIT_NOT_FINAL,0.25429725985221674,0.25429725985221674,0.28251539408866994,0.125,0.4224137931034483,0.25429725985221674,0.25429725985221674,
3310,291292,Dental hygienists,29-1292,"[""29-1292""]",[361],[],361,"[""29-1292""]","[""29-1292""]","[""29-1292""]",[],[],[],[],1,1,1,COMPLETE_DOCUMENTED,detailed,covered,"Equal rated O*NET children within detailed SOC, then equal detailed SOC members; fully rated groups only",SINGLE_RATED_MEMBER,29,[],[],"{""pums_url"": ""https://www2.census.gov/programs-surveys/demo/guidance/industry-occupation/2018-ACS-PUMS-and-2018-SIPP-Public-Use-Occupation-Code-List.xlsx"", ""pums_sheet"": ""ACS"", ""bls_url"": ""https://www.bls.gov/soc/2018/soc_structure_2018.pdf"", ""onet_url"": ""https://www.onetcenter.org/taxonomy/2019/soc/2019_to_SOC_Crosswalk.xlsx?fmt=xlsx""}",PROVISIONAL_AUDIT_NOT_FINAL,0.1875,0.1875,0.1875,0.1875,0.1875,0.1875,0.1875,
3321,292031,Cardiovascular technologists and technicians,29-2031,"[""29-2031""]",[362],[],362,"[""29-2031""]","[""29-2031""]","[""29-2031""]",[],[],[],[],1,1,1,COMPLETE_DOCUMENTED,detailed,covered,"Equal rated O*NET children within detailed SOC, then equal detailed SOC members; fully rated groups only",SINGLE_RATED_MEMBER,29,[],[],"{""pums_url"": ""https://www2.census.gov/programs-surveys/demo/guidance/industry-occupation/2018-ACS-PUMS-and-2018-SIPP-Public-Use-Occupation-Code-List.xlsx"", ""pums_sheet"": ""ACS"", ""bls_url"": ""https://www.bls.gov/soc/2018/soc_structure_2018.pdf"", ""onet_url"": ""https://www.onetcenter.org/taxonomy/2019/soc/2019_to_SOC_Crosswalk.xlsx?fmt=xlsx""}",PROVISIONAL_AUDIT_NOT_FINAL,0.3571428571428571,0.3571428571428571,0.3571428571428571,0.3571428571428571,0.3571428571428571,0.3571428571428571,0.3571428571428571,
3322,292032,Diagnostic medical sonographers,29-2032,"[""29-2032""]",[363],[],363,"[""29-2032""]","[""29-2032""]","[""29-2032""]",[],[],[],[],1,1,1,COMPLETE_DOCUMENTED,detailed,covered,"Equal rated O*NET children within detailed SOC, then equal detailed SOC members; fully rated groups only",SINGLE_RATED_MEMBER,29,[],[],"{""pums_url"": ""https://www2.census.gov/programs-surveys/demo/guidance/industry-occupation/2018-ACS-PUMS-and-2018-SIPP-Public-Use-Occupation-Code-List.xlsx"", ""pums_sheet"": ""ACS"", ""bls_url"": ""https://www.bls.gov/soc/2018/soc_structure_2018.pdf"", ""onet_url"": ""https://www.onetcenter.org/taxonomy/2019/soc/2019_to_SOC_Crosswalk.xlsx?fmt=xlsx""}",PROVISIONAL_AUDIT_NOT_FINAL,0.3026315789473684,0.3026315789473684,0.3026315789473684,0.3026315789473684,0.3026315789473684,0.3026315789473684,0.3026315789473684,
3323,292034,Radiologic technologists and technicians,29-2034,"[""29-2034""]",[364],[],364,"[""29-2034""]","[""29-2034""]","[""29-2034""]",[],[],[],[],1,1,1,COMPLETE_DOCUMENTED,detailed,covered,"Equal rated O*NET children within detailed SOC, then equal detailed SOC members; fully rated groups only",SINGLE_RATED_MEMBER,29,[],[],"{""pums_url"": ""https://www2.census.gov/programs-surveys/demo/guidance/industry-occupation/2018-ACS-PUMS-and-2018-SIPP-Public-Use-Occupation-Code-List.xlsx"", ""pums_sheet"": ""ACS"", ""bls_url"": ""https://www.bls.gov/soc/2018/soc_structure_2018.pdf"", ""onet_url"": ""https://www.onetcenter.org/taxonomy/2019/soc/2019_to_SOC_Crosswalk.xlsx?fmt=xlsx""}",PROVISIONAL_AUDIT_NOT_FINAL,0.3771929824561403,0.3771929824561403,0.3771929824561403,0.3771929824561403,0.3771929824561403,0.3771929824561403,0.3771929824561403,
3324,292035,Magnetic resonance imaging technologists,29-2035,"[""29-2035""]",[365],[],365,"[""29-2035""]","[""29-2035""]","[""29-2035""]",[],[],[],[],1,1,1,COMPLETE_DOCUMENTED,detailed,covered,"Equal rated O*NET children within detailed SOC, then equal detailed SOC members; fully rated groups only",SINGLE_RATED_MEMBER,29,[],[],"{""pums_url"": ""https://www2.census.gov/programs-surveys/demo/guidance/industry-occupation/2018-ACS-PUMS-and-2018-SIPP-Public-Use-Occupation-Code-List.xlsx"", ""pums_sheet"": ""ACS"", ""bls_url"": ""https://www.bls.gov/soc/2018/soc_structure_2018.pdf"", ""onet_url"": ""https://www.onetcenter.org/taxonomy/2019/soc/2019_to_SOC_Crosswalk.xlsx?fmt=xlsx""}",PROVISIONAL_AUDIT_NOT_FINAL,0.3222222222222222,0.3222222222222222,0.3222222222222222,0.3222222222222222,0.3222222222222222,0.3222222222222222,0.3222222222222222,
3330,29203X,Nuclear medicine technologists and medical dosimetrists,29-203X,"[""29-2033"", ""29-2036""]","[368, 369]",[],366,"[""29-2033"", ""29-2036""]","[""29-2033"", ""29-2036""]","[""29-2033"", ""29-2036""]",[],[],[],[],2,2,2,COMPLETE_DOCUMENTED,Census composite X/Y,covered,"Equal rated O*NET children within detailed SOC, then equal detailed SOC members; fully rated groups only",UNKNOWN_INTERNAL_EMPLOYMENT_SHARES,29,[],[],"{""pums_url"": ""https://www2.census.gov/programs-surveys/demo/guidance/industry-occupation/2018-ACS-PUMS-and-2018-SIPP-Public-Use-Occupation-Code-List.xlsx"", ""pums_sheet"": ""ACS"", ""bls_url"": ""https://www.bls.gov/soc/2018/soc_structure_2018.pdf"", ""onet_url"": ""https://www.onetcenter.org/taxonomy/2019/soc/2019_to_SOC_Crosswalk.xlsx?fmt=xlsx""}",PROVISIONAL_AUDIT_NOT_FINAL,0.3701612903225806,0.3701612903225806,0.3701612903225806,0.2903225806451612,0.45,0.3701612903225806,0.3701612903225806,
3401,292042,Emergency medical technicians,29-2042,"[""29-2042""]",[370],[],370,"[""29-2042""]","[""29-2042""]","[""29-2042""]",[],[],[],[],1,1,1,COMPLETE_DOCUMENTED,detailed,covered,"Equal rated O*NET children within detailed SOC, then equal detailed SOC members; fully rated groups only",SINGLE_RATED_MEMBER,29,[],[],"{""pums_url"": ""https://www2.census.gov/programs-surveys/demo/guidance/industry-occupation/2018-ACS-PUMS-and-2018-SIPP-Public-Use-Occupation-Code-List.xlsx"", ""pums_sheet"": ""ACS"", ""bls_url"": ""https://www.bls.gov/soc/2018/soc_structure_2018.pdf"", ""onet_url"": ""https://www.onetcenter.org/taxonomy/2019/soc/2019_to_SOC_Crosswalk.xlsx?fmt=xlsx""}",PROVISIONAL_AUDIT_NOT_FINAL,0.2083333333333333,0.2083333333333333,0.2083333333333333,0.2083333333333333,0.2083333333333333,0.2083333333333333,0.2083333333333333,
3402,292043,Paramedics,29-2043,"[""29-2043""]",[371],[],371,"[""29-2043""]","[""29-2043""]","[""29-2043""]",[],[],[],[],1,1,1,COMPLETE_DOCUMENTED,detailed,covered,"Equal rated O*NET children within detailed SOC, then equal detailed SOC members; fully rated groups only",SINGLE_RATED_MEMBER,29,[],[],"{""pums_url"": ""https://www2.census.gov/programs-surveys/demo/guidance/industry-occupation/2018-ACS-PUMS-and-2018-SIPP-Public-Use-Occupation-Code-List.xlsx"", ""pums_sheet"": ""ACS"", ""bls_url"": ""https://www.bls.gov/soc/2018/soc_structure_2018.pdf"", ""onet_url"": ""https://www.onetcenter.org/taxonomy/2019/soc/2019_to_SOC_Crosswalk.xlsx?fmt=xlsx""}",PROVISIONAL_AUDIT_NOT_FINAL,0.1538461538461538,0.1538461538461538,0.1538461538461538,0.1538461538461538,0.1538461538461538,0.1538461538461538,0.1538461538461538,
3421,292052,Pharmacy technicians,29-2052,"[""29-2052""]",[372],[],372,"[""29-2052""]","[""29-2052""]","[""29-2052""]",[],[],[],[],1,1,1,COMPLETE_DOCUMENTED,detailed,covered,"Equal rated O*NET children within detailed SOC, then equal detailed SOC members; fully rated groups only",SINGLE_RATED_MEMBER,29,[],[],"{""pums_url"": ""https://www2.census.gov/programs-surveys/demo/guidance/industry-occupation/2018-ACS-PUMS-and-2018-SIPP-Public-Use-Occupation-Code-List.xlsx"", ""pums_sheet"": ""ACS"", ""bls_url"": ""https://www.bls.gov/soc/2018/soc_structure_2018.pdf"", ""onet_url"": ""https://www.onetcenter.org/taxonomy/2019/soc/2019_to_SOC_Crosswalk.xlsx?fmt=xlsx""}",PROVISIONAL_AUDIT_NOT_FINAL,0.4264705882352941,0.4264705882352941,0.4264705882352941,0.4264705882352941,0.4264705882352941,0.4264705882352941,0.4264705882352941,
3422,292053,Psychiatric technicians,29-2053,"[""29-2053""]",[373],[],373,"[""29-2053""]","[""29-2053""]","[""29-2053""]",[],[],[],[],1,1,1,COMPLETE_DOCUMENTED,detailed,covered,"Equal rated O*NET children within detailed SOC, then equal detailed SOC members; fully rated groups only",SINGLE_RATED_MEMBER,29,[],[],"{""pums_url"": ""https://www2.census.gov/programs-surveys/demo/guidance/industry-occupation/2018-ACS-PUMS-and-2018-SIPP-Public-Use-Occupation-Code-List.xlsx"", ""pums_sheet"": ""ACS"", ""bls_url"": ""https://www.bls.gov/soc/2018/soc_structure_2018.pdf"", ""onet_url"": ""https://www.onetcenter.org/taxonomy/2019/soc/2019_to_SOC_Crosswalk.xlsx?fmt=xlsx""}",PROVISIONAL_AUDIT_NOT_FINAL,0.12,0.12,0.12,0.12,0.12,0.12,0.12,
3423,292055,Surgical technologists,29-2055,"[""29-2055""]",[374],[],374,"[""29-2055""]","[""29-2055""]","[""29-2055""]",[],[],[],[],1,1,1,COMPLETE_DOCUMENTED,detailed,covered,"Equal rated O*NET children within detailed SOC, then equal detailed SOC members; fully rated groups only",SINGLE_RATED_MEMBER,29,[],[],"{""pums_url"": ""https://www2.census.gov/programs-surveys/demo/guidance/industry-occupation/2018-ACS-PUMS-and-2018-SIPP-Public-Use-Occupation-Code-List.xlsx"", ""pums_sheet"": ""ACS"", ""bls_url"": ""https://www.bls.gov/soc/2018/soc_structure_2018.pdf"", ""onet_url"": ""https://www.onetcenter.org/taxonomy/2019/soc/2019_to_SOC_Crosswalk.xlsx?fmt=xlsx""}",PROVISIONAL_AUDIT_NOT_FINAL,0.0666666666666666,0.0666666666666666,0.0666666666666666,0.0666666666666666,0.0666666666666666,0.0666666666666666,0.0666666666666666,
3424,292056,Veterinary technologists and technicians,29-2056,"[""29-2056""]",[375],[],375,"[""29-2056""]","[""29-2056""]","[""29-2056""]",[],[],[],[],1,1,1,COMPLETE_DOCUMENTED,detailed,covered,"Equal rated O*NET children within detailed SOC, then equal detailed SOC members; fully rated groups only",SINGLE_RATED_MEMBER,29,[],[],"{""pums_url"": ""https://www2.census.gov/programs-surveys/demo/guidance/industry-occupation/2018-ACS-PUMS-and-2018-SIPP-Public-Use-Occupation-Code-List.xlsx"", ""pums_sheet"": ""ACS"", ""bls_url"": ""https://www.bls.gov/soc/2018/soc_structure_2018.pdf"", ""onet_url"": ""https://www.onetcenter.org/taxonomy/2019/soc/2019_to_SOC_Crosswalk.xlsx?fmt=xlsx""}",PROVISIONAL_AUDIT_NOT_FINAL,0.1639344262295082,0.1639344262295082,0.1639344262295082,0.1639344262295082,0.1639344262295082,0.1639344262295082,0.1639344262295082,
3430,29205X,Dietetic technicians and ophthalmic medical technicians,29-205X,"[""29-2051"", ""29-2057""]","[378, 379]",[],376,"[""29-2051"", ""29-2057""]","[""29-2051"", ""29-2057""]","[""29-2051"", ""29-2057""]",[],[],[],[],2,2,2,COMPLETE_DOCUMENTED,Census composite X/Y,covered,"Equal rated O*NET children within detailed SOC, then equal detailed SOC members; fully rated groups only",UNKNOWN_INTERNAL_EMPLOYMENT_SHARES,29,[],[],"{""pums_url"": ""https://www2.census.gov/programs-surveys/demo/guidance/industry-occupation/2018-ACS-PUMS-and-2018-SIPP-Public-Use-Occupation-Code-List.xlsx"", ""pums_sheet"": ""ACS"", ""bls_url"": ""https://www.bls.gov/soc/2018/soc_structure_2018.pdf"", ""onet_url"": ""https://www.onetcenter.org/taxonomy/2019/soc/2019_to_SOC_Crosswalk.xlsx?fmt=xlsx""}",PROVISIONAL_AUDIT_NOT_FINAL,0.4362128146453089,0.4362128146453089,0.4362128146453089,0.3289473684210526,0.5434782608695652,0.4362128146453089,0.4362128146453089,
3500,292061,Licensed practical and licensed vocational nurses,29-2061,"[""29-2061""]",[380],[],380,"[""29-2061""]","[""29-2061""]","[""29-2061""]",[],[],[],[],1,1,1,COMPLETE_DOCUMENTED,detailed,covered,"Equal rated O*NET children within detailed SOC, then equal detailed SOC members; fully rated groups only",SINGLE_RATED_MEMBER,29,[],[],"{""pums_url"": ""https://www2.census.gov/programs-surveys/demo/guidance/industry-occupation/2018-ACS-PUMS-and-2018-SIPP-Public-Use-Occupation-Code-List.xlsx"", ""pums_sheet"": ""ACS"", ""bls_url"": ""https://www.bls.gov/soc/2018/soc_structure_2018.pdf"", ""onet_url"": ""https://www.onetcenter.org/taxonomy/2019/soc/2019_to_SOC_Crosswalk.xlsx?fmt=xlsx""}",PROVISIONAL_AUDIT_NOT_FINAL,0.25,0.25,0.25,0.25,0.25,0.25,0.25,
3515,292072,Medical records specialists,29-2072,"[""29-2072""]",[381],[],381,"[""29-2072""]","[""29-2072""]","[""29-2072""]",[],[],[],[],1,1,1,COMPLETE_DOCUMENTED,detailed,covered,"Equal rated O*NET children within detailed SOC, then equal detailed SOC members; fully rated groups only",SINGLE_RATED_MEMBER,29,[],[],"{""pums_url"": ""https://www2.census.gov/programs-surveys/demo/guidance/industry-occupation/2018-ACS-PUMS-and-2018-SIPP-Public-Use-Occupation-Code-List.xlsx"", ""pums_sheet"": ""ACS"", ""bls_url"": ""https://www.bls.gov/soc/2018/soc_structure_2018.pdf"", ""onet_url"": ""https://www.onetcenter.org/taxonomy/2019/soc/2019_to_SOC_Crosswalk.xlsx?fmt=xlsx""}",PROVISIONAL_AUDIT_NOT_FINAL,0.6176470588235294,0.6176470588235294,0.6176470588235294,0.6176470588235294,0.6176470588235294,0.6176470588235294,0.6176470588235294,
3520,292081,"Opticians, dispensing",29-2081,"[""29-2081""]",[382],[],382,"[""29-2081""]","[""29-2081""]","[""29-2081""]",[],[],[],[],1,1,1,COMPLETE_DOCUMENTED,detailed,covered,"Equal rated O*NET children within detailed SOC, then equal detailed SOC members; fully rated groups only",SINGLE_RATED_MEMBER,29,[],[],"{""pums_url"": ""https://www2.census.gov/programs-surveys/demo/guidance/industry-occupation/2018-ACS-PUMS-and-2018-SIPP-Public-Use-Occupation-Code-List.xlsx"", ""pums_sheet"": ""ACS"", ""bls_url"": ""https://www.bls.gov/soc/2018/soc_structure_2018.pdf"", ""onet_url"": ""https://www.onetcenter.org/taxonomy/2019/soc/2019_to_SOC_Crosswalk.xlsx?fmt=xlsx""}",PROVISIONAL_AUDIT_NOT_FINAL,0.2857142857142857,0.2857142857142857,0.2857142857142857,0.2857142857142857,0.2857142857142857,0.2857142857142857,0.2857142857142857,
3545,292090,Miscellaneous health technologists and technicians,29-2090,"[""29-2090""]",[383],[],383,"[""29-2091"", ""29-2092"", ""29-2099""]","[""29-2091"", ""29-2092"", ""29-2099""]","[""29-2091"", ""29-2092""]",[],"[""29-2099""]","[""29-2099""]",[],3,3,2,COMPLETE_DOCUMENTED,broad,B_unrated_detailed_or_child,"Equal rated O*NET children within detailed SOC, then equal detailed SOC members; fully rated groups only",UNKNOWN_INTERNAL_EMPLOYMENT_SHARES,29,"[""29-2099""]","[""29-2099.00""]","{""pums_url"": ""https://www2.census.gov/programs-surveys/demo/guidance/industry-occupation/2018-ACS-PUMS-and-2018-SIPP-Public-Use-Occupation-Code-List.xlsx"", ""pums_sheet"": ""ACS"", ""bls_url"": ""https://www.bls.gov/soc/2018/soc_structure_2018.pdf"", ""onet_url"": ""https://www.onetcenter.org/taxonomy/2019/soc/2019_to_SOC_Crosswalk.xlsx?fmt=xlsx""}",PROVISIONAL_AUDIT_NOT_FINAL,0.29575693304141576,,,,,0.0,1.0,
3550,299000,Other healthcare practitioners and technical occupations,29-9000,"[""29-9000""]",[384],[],384,"[""29-9021"", ""29-9091"", ""29-9092"", ""29-9093"", ""29-9099""]","[""29-9021"", ""29-9091"", ""29-9092"", ""29-9093"", ""29-9099""]","[""29-9021"", ""29-9091"", ""29-9092"", ""29-9093""]",[],"[""29-9099""]","[""29-9099""]",[],5,5,4,COMPLETE_DOCUMENTED,minor,B_unrated_detailed_or_child,"Equal rated O*NET children within detailed SOC, then equal detailed SOC members; fully rated groups only",UNKNOWN_INTERNAL_EMPLOYMENT_SHARES,29,"[""29-9099""]","[""29-9099.00""]","{""pums_url"": ""https://www2.census.gov/programs-surveys/demo/guidance/industry-occupation/2018-ACS-PUMS-and-2018-SIPP-Public-Use-Occupation-Code-List.xlsx"", ""pums_sheet"": ""ACS"", ""bls_url"": ""https://www.bls.gov/soc/2018/soc_structure_2018.pdf"", ""onet_url"": ""https://www.onetcenter.org/taxonomy/2019/soc/2019_to_SOC_Crosswalk.xlsx?fmt=xlsx""}",PROVISIONAL_AUDIT_NOT_FINAL,0.37062137645755977,,,,,0.0,1.0,
3601,311121,Home health aides,31-1121,"[""31-1121""]",[390],[],390,"[""31-1121""]","[""31-1121""]","[""31-1121""]",[],[],[],[],1,1,1,COMPLETE_DOCUMENTED,detailed,covered,"Equal rated O*NET children within detailed SOC, then equal detailed SOC members; fully rated groups only",SINGLE_RATED_MEMBER,31,[],[],"{""pums_url"": ""https://www2.census.gov/programs-surveys/demo/guidance/industry-occupation/2018-ACS-PUMS-and-2018-SIPP-Public-Use-Occupation-Code-List.xlsx"", ""pums_sheet"": ""ACS"", ""bls_url"": ""https://www.bls.gov/soc/2018/soc_structure_2018.pdf"", ""onet_url"": ""https://www.onetcenter.org/taxonomy/2019/soc/2019_to_SOC_Crosswalk.xlsx?fmt=xlsx""}",PROVISIONAL_AUDIT_NOT_FINAL,0.0769230769230769,0.0769230769230769,0.0769230769230769,0.0769230769230769,0.0769230769230769,0.0769230769230769,0.0769230769230769,
3602,311122,Personal care aides,31-1122,"[""31-1122""]",[391],[],391,"[""31-1122""]","[""31-1122""]","[""31-1122""]",[],[],[],[],1,1,1,COMPLETE_DOCUMENTED,detailed,covered,"Equal rated O*NET children within detailed SOC, then equal detailed SOC members; fully rated groups only",SINGLE_RATED_MEMBER,31,[],[],"{""pums_url"": ""https://www2.census.gov/programs-surveys/demo/guidance/industry-occupation/2018-ACS-PUMS-and-2018-SIPP-Public-Use-Occupation-Code-List.xlsx"", ""pums_sheet"": ""ACS"", ""bls_url"": ""https://www.bls.gov/soc/2018/soc_structure_2018.pdf"", ""onet_url"": ""https://www.onetcenter.org/taxonomy/2019/soc/2019_to_SOC_Crosswalk.xlsx?fmt=xlsx""}",PROVISIONAL_AUDIT_NOT_FINAL,0.2222222222222222,0.2222222222222222,0.2222222222222222,0.2222222222222222,0.2222222222222222,0.2222222222222222,0.2222222222222222,
3603,311131,Nursing assistants,31-1131,"[""31-1131""]",[392],[],392,"[""31-1131""]","[""31-1131""]","[""31-1131""]",[],[],[],[],1,1,1,COMPLETE_DOCUMENTED,detailed,covered,"Equal rated O*NET children within detailed SOC, then equal detailed SOC members; fully rated groups only",SINGLE_RATED_MEMBER,31,[],[],"{""pums_url"": ""https://www2.census.gov/programs-surveys/demo/guidance/industry-occupation/2018-ACS-PUMS-and-2018-SIPP-Public-Use-Occupation-Code-List.xlsx"", ""pums_sheet"": ""ACS"", ""bls_url"": ""https://www.bls.gov/soc/2018/soc_structure_2018.pdf"", ""onet_url"": ""https://www.onetcenter.org/taxonomy/2019/soc/2019_to_SOC_Crosswalk.xlsx?fmt=xlsx""}",PROVISIONAL_AUDIT_NOT_FINAL,0.1016949152542373,0.1016949152542373,0.1016949152542373,0.1016949152542373,0.1016949152542373,0.1016949152542373,0.1016949152542373,
3605,31113X,Orderlies and psychiatric aides,31-113X,"[""31-1132"", ""31-1133""]","[395, 396]",[],393,"[""31-1132"", ""31-1133""]","[""31-1132"", ""31-1133""]","[""31-1132"", ""31-1133""]",[],[],[],[],2,2,2,COMPLETE_DOCUMENTED,Census composite X/Y,covered,"Equal rated O*NET children within detailed SOC, then equal detailed SOC members; fully rated groups only",UNKNOWN_INTERNAL_EMPLOYMENT_SHARES,31,[],[],"{""pums_url"": ""https://www2.census.gov/programs-surveys/demo/guidance/industry-occupation/2018-ACS-PUMS-and-2018-SIPP-Public-Use-Occupation-Code-List.xlsx"", ""pums_sheet"": ""ACS"", ""bls_url"": ""https://www.bls.gov/soc/2018/soc_structure_2018.pdf"", ""onet_url"": ""https://www.onetcenter.org/taxonomy/2019/soc/2019_to_SOC_Crosswalk.xlsx?fmt=xlsx""}",PROVISIONAL_AUDIT_NOT_FINAL,0.0625,0.0625,0.0625,0.0,0.125,0.0625,0.0625,
3610,312010,Occupational therapy assistants and aides,31-2010,"[""31-2010""]",[397],[],397,"[""31-2011"", ""31-2012""]","[""31-2011"", ""31-2012""]","[""31-2011"", ""31-2012""]",[],[],[],[],2,2,2,COMPLETE_DOCUMENTED,broad,covered,"Equal rated O*NET children within detailed SOC, then equal detailed SOC members; fully rated groups only",UNKNOWN_INTERNAL_EMPLOYMENT_SHARES,31,[],[],"{""pums_url"": ""https://www2.census.gov/programs-surveys/demo/guidance/industry-occupation/2018-ACS-PUMS-and-2018-SIPP-Public-Use-Occupation-Code-List.xlsx"", ""pums_sheet"": ""ACS"", ""bls_url"": ""https://www.bls.gov/soc/2018/soc_structure_2018.pdf"", ""onet_url"": ""https://www.onetcenter.org/taxonomy/2019/soc/2019_to_SOC_Crosswalk.xlsx?fmt=xlsx""}",PROVISIONAL_AUDIT_NOT_FINAL,0.25409130060292845,0.25409130060292845,0.25409130060292845,0.2407407407407407,0.2674418604651162,0.25409130060292845,0.25409130060292845,
3620,312020,Physical therapist assistants and aides,31-2020,"[""31-2020""]",[398],[],398,"[""31-2021"", ""31-2022""]","[""31-2021"", ""31-2022""]","[""31-2021"", ""31-2022""]",[],[],[],[],2,2,2,COMPLETE_DOCUMENTED,broad,covered,"Equal rated O*NET children within detailed SOC, then equal detailed SOC members; fully rated groups only",UNKNOWN_INTERNAL_EMPLOYMENT_SHARES,31,[],[],"{""pums_url"": ""https://www2.census.gov/programs-surveys/demo/guidance/industry-occupation/2018-ACS-PUMS-and-2018-SIPP-Public-Use-Occupation-Code-List.xlsx"", ""pums_sheet"": ""ACS"", ""bls_url"": ""https://www.bls.gov/soc/2018/soc_structure_2018.pdf"", ""onet_url"": ""https://www.onetcenter.org/taxonomy/2019/soc/2019_to_SOC_Crosswalk.xlsx?fmt=xlsx""}",PROVISIONAL_AUDIT_NOT_FINAL,0.1678321678321678,0.1678321678321678,0.1678321678321678,0.1538461538461538,0.1818181818181818,0.1678321678321678,0.1678321678321678,
3630,319011,Massage therapists,31-9011,"[""31-9011""]",[399],[],399,"[""31-9011""]","[""31-9011""]","[""31-9011""]",[],[],[],[],1,1,1,COMPLETE_DOCUMENTED,detailed,covered,"Equal rated O*NET children within detailed SOC, then equal detailed SOC members; fully rated groups only",SINGLE_RATED_MEMBER,31,[],[],"{""pums_url"": ""https://www2.census.gov/programs-surveys/demo/guidance/industry-occupation/2018-ACS-PUMS-and-2018-SIPP-Public-Use-Occupation-Code-List.xlsx"", ""pums_sheet"": ""ACS"", ""bls_url"": ""https://www.bls.gov/soc/2018/soc_structure_2018.pdf"", ""onet_url"": ""https://www.onetcenter.org/taxonomy/2019/soc/2019_to_SOC_Crosswalk.xlsx?fmt=xlsx""}",PROVISIONAL_AUDIT_NOT_FINAL,0.074074074074074,0.074074074074074,0.074074074074074,0.074074074074074,0.074074074074074,0.074074074074074,0.074074074074074,
3640,319091,Dental assistants,31-9091,"[""31-9091""]",[400],[],400,"[""31-9091""]","[""31-9091""]","[""31-9091""]",[],[],[],[],1,1,1,COMPLETE_DOCUMENTED,detailed,covered,"Equal rated O*NET children within detailed SOC, then equal detailed SOC members; fully rated groups only",SINGLE_RATED_MEMBER,31,[],[],"{""pums_url"": ""https://www2.census.gov/programs-surveys/demo/guidance/industry-occupation/2018-ACS-PUMS-and-2018-SIPP-Public-Use-Occupation-Code-List.xlsx"", ""pums_sheet"": ""ACS"", ""bls_url"": ""https://www.bls.gov/soc/2018/soc_structure_2018.pdf"", ""onet_url"": ""https://www.onetcenter.org/taxonomy/2019/soc/2019_to_SOC_Crosswalk.xlsx?fmt=xlsx""}",PROVISIONAL_AUDIT_NOT_FINAL,0.2666666666666666,0.2666666666666666,0.2666666666666666,0.2666666666666666,0.2666666666666666,0.2666666666666666,0.2666666666666666,
3645,319092,Medical assistants,31-9092,"[""31-9092""]",[401],[],401,"[""31-9092""]","[""31-9092""]","[""31-9092""]",[],[],[],[],1,1,1,COMPLETE_DOCUMENTED,detailed,covered,"Equal rated O*NET children within detailed SOC, then equal detailed SOC members; fully rated groups only",SINGLE_RATED_MEMBER,31,[],[],"{""pums_url"": ""https://www2.census.gov/programs-surveys/demo/guidance/industry-occupation/2018-ACS-PUMS-and-2018-SIPP-Public-Use-Occupation-Code-List.xlsx"", ""pums_sheet"": ""ACS"", ""bls_url"": ""https://www.bls.gov/soc/2018/soc_structure_2018.pdf"", ""onet_url"": ""https://www.onetcenter.org/taxonomy/2019/soc/2019_to_SOC_Crosswalk.xlsx?fmt=xlsx""}",PROVISIONAL_AUDIT_NOT_FINAL,0.358974358974359,0.358974358974359,0.358974358974359,0.358974358974359,0.358974358974359,0.358974358974359,0.358974358974359,
3646,319094,Medical transcriptionists,31-9094,"[""31-9094""]",[402],[],402,"[""31-9094""]","[""31-9094""]","[""31-9094""]",[],[],[],[],1,1,1,COMPLETE_DOCUMENTED,detailed,covered,"Equal rated O*NET children within detailed SOC, then equal detailed SOC members; fully rated groups only",SINGLE_RATED_MEMBER,31,[],[],"{""pums_url"": ""https://www2.census.gov/programs-surveys/demo/guidance/industry-occupation/2018-ACS-PUMS-and-2018-SIPP-Public-Use-Occupation-Code-List.xlsx"", ""pums_sheet"": ""ACS"", ""bls_url"": ""https://www.bls.gov/soc/2018/soc_structure_2018.pdf"", ""onet_url"": ""https://www.onetcenter.org/taxonomy/2019/soc/2019_to_SOC_Crosswalk.xlsx?fmt=xlsx""}",PROVISIONAL_AUDIT_NOT_FINAL,0.875,0.875,0.875,0.875,0.875,0.875,0.875,
3647,319095,Pharmacy aides,31-9095,"[""31-9095""]",[403],[],403,"[""31-9095""]","[""31-9095""]","[""31-9095""]",[],[],[],[],1,1,1,COMPLETE_DOCUMENTED,detailed,covered,"Equal rated O*NET children within detailed SOC, then equal detailed SOC members; fully rated groups only",SINGLE_RATED_MEMBER,31,[],[],"{""pums_url"": ""https://www2.census.gov/programs-surveys/demo/guidance/industry-occupation/2018-ACS-PUMS-and-2018-SIPP-Public-Use-Occupation-Code-List.xlsx"", ""pums_sheet"": ""ACS"", ""bls_url"": ""https://www.bls.gov/soc/2018/soc_structure_2018.pdf"", ""onet_url"": ""https://www.onetcenter.org/taxonomy/2019/soc/2019_to_SOC_Crosswalk.xlsx?fmt=xlsx""}",PROVISIONAL_AUDIT_NOT_FINAL,0.38,0.38,0.38,0.38,0.38,0.38,0.38,
3648,319096,Veterinary assistants and laboratory animal caretakers,31-9096,"[""31-9096""]",[404],[],404,"[""31-9096""]","[""31-9096""]","[""31-9096""]",[],[],[],[],1,1,1,COMPLETE_DOCUMENTED,detailed,covered,"Equal rated O*NET children within detailed SOC, then equal detailed SOC members; fully rated groups only",SINGLE_RATED_MEMBER,31,[],[],"{""pums_url"": ""https://www2.census.gov/programs-surveys/demo/guidance/industry-occupation/2018-ACS-PUMS-and-2018-SIPP-Public-Use-Occupation-Code-List.xlsx"", ""pums_sheet"": ""ACS"", ""bls_url"": ""https://www.bls.gov/soc/2018/soc_structure_2018.pdf"", ""onet_url"": ""https://www.onetcenter.org/taxonomy/2019/soc/2019_to_SOC_Crosswalk.xlsx?fmt=xlsx""}",PROVISIONAL_AUDIT_NOT_FINAL,0.2222222222222222,0.2222222222222222,0.2222222222222222,0.2222222222222222,0.2222222222222222,0.2222222222222222,0.2222222222222222,
3649,319097,Phlebotomists,31-9097,"[""31-9097""]",[405],[],405,"[""31-9097""]","[""31-9097""]","[""31-9097""]",[],[],[],[],1,1,1,COMPLETE_DOCUMENTED,detailed,covered,"Equal rated O*NET children within detailed SOC, then equal detailed SOC members; fully rated groups only",SINGLE_RATED_MEMBER,31,[],[],"{""pums_url"": ""https://www2.census.gov/programs-surveys/demo/guidance/industry-occupation/2018-ACS-PUMS-and-2018-SIPP-Public-Use-Occupation-Code-List.xlsx"", ""pums_sheet"": ""ACS"", ""bls_url"": ""https://www.bls.gov/soc/2018/soc_structure_2018.pdf"", ""onet_url"": ""https://www.onetcenter.org/taxonomy/2019/soc/2019_to_SOC_Crosswalk.xlsx?fmt=xlsx""}",PROVISIONAL_AUDIT_NOT_FINAL,0.1829268292682926,0.1829268292682926,0.1829268292682926,0.1829268292682926,0.1829268292682926,0.1829268292682926,0.1829268292682926,
3655,31909X,Other healthcare support workers,31-909X,"[""31-9093"", ""31-9099""]","[408, 409]",[],406,"[""31-9093"", ""31-9099""]","[""31-9093"", ""31-9099""]","[""31-9093""]",[],"[""31-9099""]","[""31-9099""]",[],2,2,1,COMPLETE_DOCUMENTED,Census composite X/Y,B_unrated_detailed_or_child,"Equal rated O*NET children within detailed SOC, then equal detailed SOC members; fully rated groups only",UNKNOWN_INTERNAL_EMPLOYMENT_SHARES,31,"[""31-9099""]","[""31-9099.00""]","{""pums_url"": ""https://www2.census.gov/programs-surveys/demo/guidance/industry-occupation/2018-ACS-PUMS-and-2018-SIPP-Public-Use-Occupation-Code-List.xlsx"", ""pums_sheet"": ""ACS"", ""bls_url"": ""https://www.bls.gov/soc/2018/soc_structure_2018.pdf"", ""onet_url"": ""https://www.onetcenter.org/taxonomy/2019/soc/2019_to_SOC_Crosswalk.xlsx?fmt=xlsx""}",PROVISIONAL_AUDIT_NOT_FINAL,0.23812134502923976,,,,,0.0,1.0,
3700,331011,First-line supervisors of correctional officers,33-1011,"[""33-1011""]",[413],[],413,"[""33-1011""]","[""33-1011""]","[""33-1011""]",[],[],[],[],1,1,1,COMPLETE_DOCUMENTED,detailed,covered,"Equal rated O*NET children within detailed SOC, then equal detailed SOC members; fully rated groups only",SINGLE_RATED_MEMBER,33,[],[],"{""pums_url"": ""https://www2.census.gov/programs-surveys/demo/guidance/industry-occupation/2018-ACS-PUMS-and-2018-SIPP-Public-Use-Occupation-Code-List.xlsx"", ""pums_sheet"": ""ACS"", ""bls_url"": ""https://www.bls.gov/soc/2018/soc_structure_2018.pdf"", ""onet_url"": ""https://www.onetcenter.org/taxonomy/2019/soc/2019_to_SOC_Crosswalk.xlsx?fmt=xlsx""}",PROVISIONAL_AUDIT_NOT_FINAL,0.2826086956521739,0.2826086956521739,0.2826086956521739,0.2826086956521739,0.2826086956521739,0.2826086956521739,0.2826086956521739,
3710,331012,First-line supervisors of police and detectives,33-1012,"[""33-1012""]",[414],[],414,"[""33-1012""]","[""33-1012""]","[""33-1012""]",[],[],[],[],1,1,1,COMPLETE_DOCUMENTED,detailed,covered,"Equal rated O*NET children within detailed SOC, then equal detailed SOC members; fully rated groups only",SINGLE_RATED_MEMBER,33,[],[],"{""pums_url"": ""https://www2.census.gov/programs-surveys/demo/guidance/industry-occupation/2018-ACS-PUMS-and-2018-SIPP-Public-Use-Occupation-Code-List.xlsx"", ""pums_sheet"": ""ACS"", ""bls_url"": ""https://www.bls.gov/soc/2018/soc_structure_2018.pdf"", ""onet_url"": ""https://www.onetcenter.org/taxonomy/2019/soc/2019_to_SOC_Crosswalk.xlsx?fmt=xlsx""}",PROVISIONAL_AUDIT_NOT_FINAL,0.3289473684210526,0.3289473684210526,0.3289473684210526,0.3289473684210526,0.3289473684210526,0.3289473684210526,0.3289473684210526,
3720,331021,First-line supervisors of firefighting and prevention workers,33-1021,"[""33-1021""]",[415],[],415,"[""33-1021""]","[""33-1021""]","[""33-1021""]",[],[],[],[],1,1,1,COMPLETE_DOCUMENTED,detailed,covered,"Equal rated O*NET children within detailed SOC, then equal detailed SOC members; fully rated groups only",SINGLE_RATED_MEMBER,33,[],[],"{""pums_url"": ""https://www2.census.gov/programs-surveys/demo/guidance/industry-occupation/2018-ACS-PUMS-and-2018-SIPP-Public-Use-Occupation-Code-List.xlsx"", ""pums_sheet"": ""ACS"", ""bls_url"": ""https://www.bls.gov/soc/2018/soc_structure_2018.pdf"", ""onet_url"": ""https://www.onetcenter.org/taxonomy/2019/soc/2019_to_SOC_Crosswalk.xlsx?fmt=xlsx""}",PROVISIONAL_AUDIT_NOT_FINAL,0.4150943396226415,0.4150943396226415,0.4150943396226415,0.4150943396226415,0.4150943396226415,0.4150943396226415,0.4150943396226415,
3725,331090,"Miscellaneous first-line supervisors, protective service workers",33-1090,"[""33-1090"", ""33-1091"", ""33-1099""]","[416, 418, 419]",[],416,"[""33-1091"", ""33-1099""]","[""33-1091""]","[""33-1091""]","[""33-1099""]",[],"[""33-1099""]",[],2,1,1,COMPLETE_DOCUMENTED,broad,B_unrated_detailed_or_child,"Equal rated O*NET children within detailed SOC, then equal detailed SOC members; fully rated groups only",UNKNOWN_INTERNAL_EMPLOYMENT_SHARES,33,"[""33-1099""]","[""33-1099.00""]","{""pums_url"": ""https://www2.census.gov/programs-surveys/demo/guidance/industry-occupation/2018-ACS-PUMS-and-2018-SIPP-Public-Use-Occupation-Code-List.xlsx"", ""pums_sheet"": ""ACS"", ""bls_url"": ""https://www.bls.gov/soc/2018/soc_structure_2018.pdf"", ""onet_url"": ""https://www.onetcenter.org/taxonomy/2019/soc/2019_to_SOC_Crosswalk.xlsx?fmt=xlsx""}",PROVISIONAL_AUDIT_NOT_FINAL,,,,,,0.0,1.0,
3740,332011,Firefighters,33-2011,"[""33-2011""]",[420],[],420,"[""33-2011""]","[""33-2011""]","[""33-2011""]",[],[],[],[],1,1,1,COMPLETE_DOCUMENTED,detailed,covered,"Equal rated O*NET children within detailed SOC, then equal detailed SOC members; fully rated groups only",SINGLE_RATED_MEMBER,33,[],[],"{""pums_url"": ""https://www2.census.gov/programs-surveys/demo/guidance/industry-occupation/2018-ACS-PUMS-and-2018-SIPP-Public-Use-Occupation-Code-List.xlsx"", ""pums_sheet"": ""ACS"", ""bls_url"": ""https://www.bls.gov/soc/2018/soc_structure_2018.pdf"", ""onet_url"": ""https://www.onetcenter.org/taxonomy/2019/soc/2019_to_SOC_Crosswalk.xlsx?fmt=xlsx""}",PROVISIONAL_AUDIT_NOT_FINAL,0.1403508771929824,0.1403508771929824,0.1403508771929824,0.1403508771929824,0.1403508771929824,0.1403508771929824,0.1403508771929824,
3750,332020,Fire inspectors,33-2020,"[""33-2020""]",[421],[],421,"[""33-2021"", ""33-2022""]","[""33-2021"", ""33-2022""]","[""33-2021"", ""33-2022""]",[],[],[],[],2,2,2,COMPLETE_DOCUMENTED,broad,covered,"Equal rated O*NET children within detailed SOC, then equal detailed SOC members; fully rated groups only",UNKNOWN_INTERNAL_EMPLOYMENT_SHARES,33,[],[],"{""pums_url"": ""https://www2.census.gov/programs-surveys/demo/guidance/industry-occupation/2018-ACS-PUMS-and-2018-SIPP-Public-Use-Occupation-Code-List.xlsx"", ""pums_sheet"": ""ACS"", ""bls_url"": ""https://www.bls.gov/soc/2018/soc_structure_2018.pdf"", ""onet_url"": ""https://www.onetcenter.org/taxonomy/2019/soc/2019_to_SOC_Crosswalk.xlsx?fmt=xlsx""}",PROVISIONAL_AUDIT_NOT_FINAL,0.2536057692307693,0.2536057692307693,0.2536057692307693,0.21875,0.2884615384615385,0.2536057692307693,0.2536057692307693,
3801,333011,Bailiffs,33-3011,"[""33-3011""]",[422],[],422,"[""33-3011""]","[""33-3011""]","[""33-3011""]",[],[],[],[],1,1,1,COMPLETE_DOCUMENTED,detailed,covered,"Equal rated O*NET children within detailed SOC, then equal detailed SOC members; fully rated groups only",SINGLE_RATED_MEMBER,33,[],[],"{""pums_url"": ""https://www2.census.gov/programs-surveys/demo/guidance/industry-occupation/2018-ACS-PUMS-and-2018-SIPP-Public-Use-Occupation-Code-List.xlsx"", ""pums_sheet"": ""ACS"", ""bls_url"": ""https://www.bls.gov/soc/2018/soc_structure_2018.pdf"", ""onet_url"": ""https://www.onetcenter.org/taxonomy/2019/soc/2019_to_SOC_Crosswalk.xlsx?fmt=xlsx""}",PROVISIONAL_AUDIT_NOT_FINAL,0.0357142857142857,0.0357142857142857,0.0357142857142857,0.0357142857142857,0.0357142857142857,0.0357142857142857,0.0357142857142857,
3802,333012,Correctional officers and jailers,33-3012,"[""33-3012""]",[423],[],423,"[""33-3012""]","[""33-3012""]","[""33-3012""]",[],[],[],[],1,1,1,COMPLETE_DOCUMENTED,detailed,covered,"Equal rated O*NET children within detailed SOC, then equal detailed SOC members; fully rated groups only",SINGLE_RATED_MEMBER,33,[],[],"{""pums_url"": ""https://www2.census.gov/programs-surveys/demo/guidance/industry-occupation/2018-ACS-PUMS-and-2018-SIPP-Public-Use-Occupation-Code-List.xlsx"", ""pums_sheet"": ""ACS"", ""bls_url"": ""https://www.bls.gov/soc/2018/soc_structure_2018.pdf"", ""onet_url"": ""https://www.onetcenter.org/taxonomy/2019/soc/2019_to_SOC_Crosswalk.xlsx?fmt=xlsx""}",PROVISIONAL_AUDIT_NOT_FINAL,0.2613636363636363,0.2613636363636363,0.2613636363636363,0.2613636363636363,0.2613636363636363,0.2613636363636363,0.2613636363636363,
3820,333021,Detectives and criminal investigators,33-3021,"[""33-3021""]",[424],[],424,"[""33-3021""]","[""33-3021""]","[""33-3021""]",[],[],[],[],1,1,1,COMPLETE_DOCUMENTED,detailed,covered,"Equal rated O*NET children within detailed SOC, then equal detailed SOC members; fully rated groups only",UNKNOWN_INTERNAL_EMPLOYMENT_SHARES,33,[],[],"{""pums_url"": ""https://www2.census.gov/programs-surveys/demo/guidance/industry-occupation/2018-ACS-PUMS-and-2018-SIPP-Public-Use-Occupation-Code-List.xlsx"", ""pums_sheet"": ""ACS"", ""bls_url"": ""https://www.bls.gov/soc/2018/soc_structure_2018.pdf"", ""onet_url"": ""https://www.onetcenter.org/taxonomy/2019/soc/2019_to_SOC_Crosswalk.xlsx?fmt=xlsx""}",PROVISIONAL_AUDIT_NOT_FINAL,0.397410759175465,0.397410759175465,0.397410759175465,0.3166666666666666,0.5294117647058824,0.397410759175465,0.397410759175465,
3840,3330XX,Fish and game wardens and parking enforcement officers,33-30XX,"[""33-3031"", ""33-3041""]","[427, 428]",[],425,"[""33-3031"", ""33-3041""]","[""33-3031"", ""33-3041""]","[""33-3031"", ""33-3041""]",[],[],[],[],2,2,2,COMPLETE_DOCUMENTED,Census composite X/Y,covered,"Equal rated O*NET children within detailed SOC, then equal detailed SOC members; fully rated groups only",UNKNOWN_INTERNAL_EMPLOYMENT_SHARES,33,[],[],"{""pums_url"": ""https://www2.census.gov/programs-surveys/demo/guidance/industry-occupation/2018-ACS-PUMS-and-2018-SIPP-Public-Use-Occupation-Code-List.xlsx"", ""pums_sheet"": ""ACS"", ""bls_url"": ""https://www.bls.gov/soc/2018/soc_structure_2018.pdf"", ""onet_url"": ""https://www.onetcenter.org/taxonomy/2019/soc/2019_to_SOC_Crosswalk.xlsx?fmt=xlsx""}",PROVISIONAL_AUDIT_NOT_FINAL,0.30230186480186483,0.30230186480186483,0.30230186480186483,0.2840909090909091,0.3205128205128205,0.30230186480186483,0.30230186480186483,
3870,333050,Police officers,33-3050,"[""33-3050""]",[429],[],429,"[""33-3051"", ""33-3052""]","[""33-3051"", ""33-3052""]","[""33-3051"", ""33-3052""]",[],[],[],[],2,2,2,COMPLETE_DOCUMENTED,broad,covered,"Equal rated O*NET children within detailed SOC, then equal detailed SOC members; fully rated groups only",UNKNOWN_INTERNAL_EMPLOYMENT_SHARES,33,[],[],"{""pums_url"": ""https://www2.census.gov/programs-surveys/demo/guidance/industry-occupation/2018-ACS-PUMS-and-2018-SIPP-Public-Use-Occupation-Code-List.xlsx"", ""pums_sheet"": ""ACS"", ""bls_url"": ""https://www.bls.gov/soc/2018/soc_structure_2018.pdf"", ""onet_url"": ""https://www.onetcenter.org/taxonomy/2019/soc/2019_to_SOC_Crosswalk.xlsx?fmt=xlsx""}",PROVISIONAL_AUDIT_NOT_FINAL,0.300595238095238,0.300595238095238,0.3174603174603174,0.2499999999999999,0.4523809523809523,0.300595238095238,0.300595238095238,
3900,339011,Animal control workers,33-9011,"[""33-9011""]",[430],[],430,"[""33-9011""]","[""33-9011""]","[""33-9011""]",[],[],[],[],1,1,1,COMPLETE_DOCUMENTED,detailed,covered,"Equal rated O*NET children within detailed SOC, then equal detailed SOC members; fully rated groups only",SINGLE_RATED_MEMBER,33,[],[],"{""pums_url"": ""https://www2.census.gov/programs-surveys/demo/guidance/industry-occupation/2018-ACS-PUMS-and-2018-SIPP-Public-Use-Occupation-Code-List.xlsx"", ""pums_sheet"": ""ACS"", ""bls_url"": ""https://www.bls.gov/soc/2018/soc_structure_2018.pdf"", ""onet_url"": ""https://www.onetcenter.org/taxonomy/2019/soc/2019_to_SOC_Crosswalk.xlsx?fmt=xlsx""}",PROVISIONAL_AUDIT_NOT_FINAL,0.35,0.35,0.35,0.35,0.35,0.35,0.35,
3910,339021,Private detectives and investigators,33-9021,"[""33-9021""]",[431],[],431,"[""33-9021""]","[""33-9021""]","[""33-9021""]",[],[],[],[],1,1,1,COMPLETE_DOCUMENTED,detailed,covered,"Equal rated O*NET children within detailed SOC, then equal detailed SOC members; fully rated groups only",SINGLE_RATED_MEMBER,33,[],[],"{""pums_url"": ""https://www2.census.gov/programs-surveys/demo/guidance/industry-occupation/2018-ACS-PUMS-and-2018-SIPP-Public-Use-Occupation-Code-List.xlsx"", ""pums_sheet"": ""ACS"", ""bls_url"": ""https://www.bls.gov/soc/2018/soc_structure_2018.pdf"", ""onet_url"": ""https://www.onetcenter.org/taxonomy/2019/soc/2019_to_SOC_Crosswalk.xlsx?fmt=xlsx""}",PROVISIONAL_AUDIT_NOT_FINAL,0.3888888888888888,0.3888888888888888,0.3888888888888888,0.3888888888888888,0.3888888888888888,0.3888888888888888,0.3888888888888888,
3930,339030,Security guards and gambling surveillance officers,33-9030,"[""33-9030""]",[432],[],432,"[""33-9031"", ""33-9032""]","[""33-9031"", ""33-9032""]","[""33-9031"", ""33-9032""]",[],[],[],[],2,2,2,COMPLETE_DOCUMENTED,broad,covered,"Equal rated O*NET children within detailed SOC, then equal detailed SOC members; fully rated groups only",UNKNOWN_INTERNAL_EMPLOYMENT_SHARES,33,[],[],"{""pums_url"": ""https://www2.census.gov/programs-surveys/demo/guidance/industry-occupation/2018-ACS-PUMS-and-2018-SIPP-Public-Use-Occupation-Code-List.xlsx"", ""pums_sheet"": ""ACS"", ""bls_url"": ""https://www.bls.gov/soc/2018/soc_structure_2018.pdf"", ""onet_url"": ""https://www.onetcenter.org/taxonomy/2019/soc/2019_to_SOC_Crosswalk.xlsx?fmt=xlsx""}",PROVISIONAL_AUDIT_NOT_FINAL,0.3020833333333333,0.3020833333333333,0.3020833333333333,0.1666666666666666,0.4375,0.3020833333333333,0.3020833333333333,
3940,339091,Crossing guards and flaggers,33-9091,"[""33-9091""]",[433],[],433,"[""33-9091""]","[""33-9091""]","[""33-9091""]",[],[],[],[],1,1,1,COMPLETE_DOCUMENTED,detailed,covered,"Equal rated O*NET children within detailed SOC, then equal detailed SOC members; fully rated groups only",SINGLE_RATED_MEMBER,33,[],[],"{""pums_url"": ""https://www2.census.gov/programs-surveys/demo/guidance/industry-occupation/2018-ACS-PUMS-and-2018-SIPP-Public-Use-Occupation-Code-List.xlsx"", ""pums_sheet"": ""ACS"", ""bls_url"": ""https://www.bls.gov/soc/2018/soc_structure_2018.pdf"", ""onet_url"": ""https://www.onetcenter.org/taxonomy/2019/soc/2019_to_SOC_Crosswalk.xlsx?fmt=xlsx""}",PROVISIONAL_AUDIT_NOT_FINAL,0.1052631578947368,0.1052631578947368,0.1052631578947368,0.1052631578947368,0.1052631578947368,0.1052631578947368,0.1052631578947368,
3945,339093,Transportation security screeners,33-9093,"[""33-9093""]",[434],[],434,"[""33-9093""]","[""33-9093""]","[""33-9093""]",[],[],[],[],1,1,1,COMPLETE_DOCUMENTED,detailed,covered,"Equal rated O*NET children within detailed SOC, then equal detailed SOC members; fully rated groups only",SINGLE_RATED_MEMBER,33,[],[],"{""pums_url"": ""https://www2.census.gov/programs-surveys/demo/guidance/industry-occupation/2018-ACS-PUMS-and-2018-SIPP-Public-Use-Occupation-Code-List.xlsx"", ""pums_sheet"": ""ACS"", ""bls_url"": ""https://www.bls.gov/soc/2018/soc_structure_2018.pdf"", ""onet_url"": ""https://www.onetcenter.org/taxonomy/2019/soc/2019_to_SOC_Crosswalk.xlsx?fmt=xlsx""}",PROVISIONAL_AUDIT_NOT_FINAL,0.26,0.26,0.26,0.26,0.26,0.26,0.26,
3946,339094,School bus monitors,33-9094,"[""33-9094""]",[435],[],435,"[""33-9094""]","[""33-9094""]","[""33-9094""]",[],[],[],[],1,1,1,COMPLETE_DOCUMENTED,detailed,covered,"Equal rated O*NET children within detailed SOC, then equal detailed SOC members; fully rated groups only",SINGLE_RATED_MEMBER,33,[],[],"{""pums_url"": ""https://www2.census.gov/programs-surveys/demo/guidance/industry-occupation/2018-ACS-PUMS-and-2018-SIPP-Public-Use-Occupation-Code-List.xlsx"", ""pums_sheet"": ""ACS"", ""bls_url"": ""https://www.bls.gov/soc/2018/soc_structure_2018.pdf"", ""onet_url"": ""https://www.onetcenter.org/taxonomy/2019/soc/2019_to_SOC_Crosswalk.xlsx?fmt=xlsx""}",PROVISIONAL_AUDIT_NOT_FINAL,0.1666666666666666,0.1666666666666666,0.1666666666666666,0.1666666666666666,0.1666666666666666,0.1666666666666666,0.1666666666666666,
3960,33909X,Other protective service workers,33-909X,"[""33-9092"", ""33-9099""]","[438, 439]",[],436,"[""33-9092"", ""33-9099""]","[""33-9092"", ""33-9099""]","[""33-9092""]",[],"[""33-9099""]","[""33-9099""]",[],2,2,1,COMPLETE_DOCUMENTED,Census composite X/Y,B_unrated_detailed_or_child,"Equal rated O*NET children within detailed SOC, then equal detailed SOC members; fully rated groups only",UNKNOWN_INTERNAL_EMPLOYMENT_SHARES,33,"[""33-9099""]","[""33-9099.00""]","{""pums_url"": ""https://www2.census.gov/programs-surveys/demo/guidance/industry-occupation/2018-ACS-PUMS-and-2018-SIPP-Public-Use-Occupation-Code-List.xlsx"", ""pums_sheet"": ""ACS"", ""bls_url"": ""https://www.bls.gov/soc/2018/soc_structure_2018.pdf"", ""onet_url"": ""https://www.onetcenter.org/taxonomy/2019/soc/2019_to_SOC_Crosswalk.xlsx?fmt=xlsx""}",PROVISIONAL_AUDIT_NOT_FINAL,0.22902439024390245,,,,,0.0,1.0,
4000,351011,Chefs and head cooks,35-1011,"[""35-1011""]",[443],[],443,"[""35-1011""]","[""35-1011""]","[""35-1011""]",[],[],[],[],1,1,1,COMPLETE_DOCUMENTED,detailed,covered,"Equal rated O*NET children within detailed SOC, then equal detailed SOC members; fully rated groups only",SINGLE_RATED_MEMBER,35,[],[],"{""pums_url"": ""https://www2.census.gov/programs-surveys/demo/guidance/industry-occupation/2018-ACS-PUMS-and-2018-SIPP-Public-Use-Occupation-Code-List.xlsx"", ""pums_sheet"": ""ACS"", ""bls_url"": ""https://www.bls.gov/soc/2018/soc_structure_2018.pdf"", ""onet_url"": ""https://www.onetcenter.org/taxonomy/2019/soc/2019_to_SOC_Crosswalk.xlsx?fmt=xlsx""}",PROVISIONAL_AUDIT_NOT_FINAL,0.2619047619047618,0.2619047619047618,0.2619047619047618,0.2619047619047618,0.2619047619047618,0.2619047619047618,0.2619047619047618,
4010,351012,First-line supervisors of food preparation and serving workers,35-1012,"[""35-1012""]",[444],[],444,"[""35-1012""]","[""35-1012""]","[""35-1012""]",[],[],[],[],1,1,1,COMPLETE_DOCUMENTED,detailed,covered,"Equal rated O*NET children within detailed SOC, then equal detailed SOC members; fully rated groups only",SINGLE_RATED_MEMBER,35,[],[],"{""pums_url"": ""https://www2.census.gov/programs-surveys/demo/guidance/industry-occupation/2018-ACS-PUMS-and-2018-SIPP-Public-Use-Occupation-Code-List.xlsx"", ""pums_sheet"": ""ACS"", ""bls_url"": ""https://www.bls.gov/soc/2018/soc_structure_2018.pdf"", ""onet_url"": ""https://www.onetcenter.org/taxonomy/2019/soc/2019_to_SOC_Crosswalk.xlsx?fmt=xlsx""}",PROVISIONAL_AUDIT_NOT_FINAL,0.5111111111111112,0.5111111111111112,0.5111111111111112,0.5111111111111112,0.5111111111111112,0.5111111111111112,0.5111111111111112,
4020,352010,Cooks,35-2010,"[""35-2010""]",[445],[],445,"[""35-2011"", ""35-2012"", ""35-2013"", ""35-2014"", ""35-2015"", ""35-2019""]","[""35-2011"", ""35-2012"", ""35-2013"", ""35-2014"", ""35-2015""]","[""35-2011"", ""35-2012"", ""35-2013"", ""35-2014"", ""35-2015""]","[""35-2019""]",[],"[""35-2019""]",[],6,5,5,COMPLETE_DOCUMENTED,broad,B_unrated_detailed_or_child,"Equal rated O*NET children within detailed SOC, then equal detailed SOC members; fully rated groups only",UNKNOWN_INTERNAL_EMPLOYMENT_SHARES,35,"[""35-2019""]","[""35-2019.00""]","{""pums_url"": ""https://www2.census.gov/programs-surveys/demo/guidance/industry-occupation/2018-ACS-PUMS-and-2018-SIPP-Public-Use-Occupation-Code-List.xlsx"", ""pums_sheet"": ""ACS"", ""bls_url"": ""https://www.bls.gov/soc/2018/soc_structure_2018.pdf"", ""onet_url"": ""https://www.onetcenter.org/taxonomy/2019/soc/2019_to_SOC_Crosswalk.xlsx?fmt=xlsx""}",PROVISIONAL_AUDIT_NOT_FINAL,,,,,,0.0,1.0,
4030,352021,Food preparation workers,35-2021,"[""35-2021""]",[446],[],446,"[""35-2021""]","[""35-2021""]","[""35-2021""]",[],[],[],[],1,1,1,COMPLETE_DOCUMENTED,detailed,covered,"Equal rated O*NET children within detailed SOC, then equal detailed SOC members; fully rated groups only",SINGLE_RATED_MEMBER,35,[],[],"{""pums_url"": ""https://www2.census.gov/programs-surveys/demo/guidance/industry-occupation/2018-ACS-PUMS-and-2018-SIPP-Public-Use-Occupation-Code-List.xlsx"", ""pums_sheet"": ""ACS"", ""bls_url"": ""https://www.bls.gov/soc/2018/soc_structure_2018.pdf"", ""onet_url"": ""https://www.onetcenter.org/taxonomy/2019/soc/2019_to_SOC_Crosswalk.xlsx?fmt=xlsx""}",PROVISIONAL_AUDIT_NOT_FINAL,0.037037037037037,0.037037037037037,0.037037037037037,0.037037037037037,0.037037037037037,0.037037037037037,0.037037037037037,
4040,353011,Bartenders,35-3011,"[""35-3011""]",[447],[],447,"[""35-3011""]","[""35-3011""]","[""35-3011""]",[],[],[],[],1,1,1,COMPLETE_DOCUMENTED,detailed,covered,"Equal rated O*NET children within detailed SOC, then equal detailed SOC members; fully rated groups only",SINGLE_RATED_MEMBER,35,[],[],"{""pums_url"": ""https://www2.census.gov/programs-surveys/demo/guidance/industry-occupation/2018-ACS-PUMS-and-2018-SIPP-Public-Use-Occupation-Code-List.xlsx"", ""pums_sheet"": ""ACS"", ""bls_url"": ""https://www.bls.gov/soc/2018/soc_structure_2018.pdf"", ""onet_url"": ""https://www.onetcenter.org/taxonomy/2019/soc/2019_to_SOC_Crosswalk.xlsx?fmt=xlsx""}",PROVISIONAL_AUDIT_NOT_FINAL,0.1944444444444444,0.1944444444444444,0.1944444444444444,0.1944444444444444,0.1944444444444444,0.1944444444444444,0.1944444444444444,
4055,353023,Fast food and counter workers,35-3023,"[""35-3023""]",[448],[],448,"[""35-3023""]","[""35-3023""]","[""35-3023""]",[],[],[],[],1,1,1,COMPLETE_DOCUMENTED,detailed,covered,"Equal rated O*NET children within detailed SOC, then equal detailed SOC members; fully rated groups only",UNKNOWN_INTERNAL_EMPLOYMENT_SHARES,35,[],[],"{""pums_url"": ""https://www2.census.gov/programs-surveys/demo/guidance/industry-occupation/2018-ACS-PUMS-and-2018-SIPP-Public-Use-Occupation-Code-List.xlsx"", ""pums_sheet"": ""ACS"", ""bls_url"": ""https://www.bls.gov/soc/2018/soc_structure_2018.pdf"", ""onet_url"": ""https://www.onetcenter.org/taxonomy/2019/soc/2019_to_SOC_Crosswalk.xlsx?fmt=xlsx""}",PROVISIONAL_AUDIT_NOT_FINAL,0.0970394736842105,0.0970394736842105,0.0970394736842105,0.0625,0.131578947368421,0.0970394736842105,0.0970394736842105,
4110,353031,Waiters and waitresses,35-3031,"[""35-3031""]",[449],[],449,"[""35-3031""]","[""35-3031""]","[""35-3031""]",[],[],[],[],1,1,1,COMPLETE_DOCUMENTED,detailed,covered,"Equal rated O*NET children within detailed SOC, then equal detailed SOC members; fully rated groups only",SINGLE_RATED_MEMBER,35,[],[],"{""pums_url"": ""https://www2.census.gov/programs-surveys/demo/guidance/industry-occupation/2018-ACS-PUMS-and-2018-SIPP-Public-Use-Occupation-Code-List.xlsx"", ""pums_sheet"": ""ACS"", ""bls_url"": ""https://www.bls.gov/soc/2018/soc_structure_2018.pdf"", ""onet_url"": ""https://www.onetcenter.org/taxonomy/2019/soc/2019_to_SOC_Crosswalk.xlsx?fmt=xlsx""}",PROVISIONAL_AUDIT_NOT_FINAL,0.183673469387755,0.183673469387755,0.183673469387755,0.183673469387755,0.183673469387755,0.183673469387755,0.183673469387755,
4120,353041,"Food servers, nonrestaurant",35-3041,"[""35-3041""]",[450],[],450,"[""35-3041""]","[""35-3041""]","[""35-3041""]",[],[],[],[],1,1,1,COMPLETE_DOCUMENTED,detailed,covered,"Equal rated O*NET children within detailed SOC, then equal detailed SOC members; fully rated groups only",SINGLE_RATED_MEMBER,35,[],[],"{""pums_url"": ""https://www2.census.gov/programs-surveys/demo/guidance/industry-occupation/2018-ACS-PUMS-and-2018-SIPP-Public-Use-Occupation-Code-List.xlsx"", ""pums_sheet"": ""ACS"", ""bls_url"": ""https://www.bls.gov/soc/2018/soc_structure_2018.pdf"", ""onet_url"": ""https://www.onetcenter.org/taxonomy/2019/soc/2019_to_SOC_Crosswalk.xlsx?fmt=xlsx""}",PROVISIONAL_AUDIT_NOT_FINAL,0.1296296296296296,0.1296296296296296,0.1296296296296296,0.1296296296296296,0.1296296296296296,0.1296296296296296,0.1296296296296296,
4130,359011,Dining room and cafeteria attendants and bartender helpers,35-9011,"[""35-9011""]",[451],[],451,"[""35-9011""]","[""35-9011""]","[""35-9011""]",[],[],[],[],1,1,1,COMPLETE_DOCUMENTED,detailed,covered,"Equal rated O*NET children within detailed SOC, then equal detailed SOC members; fully rated groups only",SINGLE_RATED_MEMBER,35,[],[],"{""pums_url"": ""https://www2.census.gov/programs-surveys/demo/guidance/industry-occupation/2018-ACS-PUMS-and-2018-SIPP-Public-Use-Occupation-Code-List.xlsx"", ""pums_sheet"": ""ACS"", ""bls_url"": ""https://www.bls.gov/soc/2018/soc_structure_2018.pdf"", ""onet_url"": ""https://www.onetcenter.org/taxonomy/2019/soc/2019_to_SOC_Crosswalk.xlsx?fmt=xlsx""}",PROVISIONAL_AUDIT_NOT_FINAL,0.0,0.0,0.0,0.0,0.0,0.0,0.0,
4140,359021,Dishwashers,35-9021,"[""35-9021""]",[452],[],452,"[""35-9021""]","[""35-9021""]","[""35-9021""]",[],[],[],[],1,1,1,COMPLETE_DOCUMENTED,detailed,covered,"Equal rated O*NET children within detailed SOC, then equal detailed SOC members; fully rated groups only",SINGLE_RATED_MEMBER,35,[],[],"{""pums_url"": ""https://www2.census.gov/programs-surveys/demo/guidance/industry-occupation/2018-ACS-PUMS-and-2018-SIPP-Public-Use-Occupation-Code-List.xlsx"", ""pums_sheet"": ""ACS"", ""bls_url"": ""https://www.bls.gov/soc/2018/soc_structure_2018.pdf"", ""onet_url"": ""https://www.onetcenter.org/taxonomy/2019/soc/2019_to_SOC_Crosswalk.xlsx?fmt=xlsx""}",PROVISIONAL_AUDIT_NOT_FINAL,0.0,0.0,0.0,0.0,0.0,0.0,0.0,
4150,359031,"Hosts and hostesses, restaurant, lounge, and coffee shop",35-9031,"[""35-9031""]",[453],[],453,"[""35-9031""]","[""35-9031""]","[""35-9031""]",[],[],[],[],1,1,1,COMPLETE_DOCUMENTED,detailed,covered,"Equal rated O*NET children within detailed SOC, then equal detailed SOC members; fully rated groups only",SINGLE_RATED_MEMBER,35,[],[],"{""pums_url"": ""https://www2.census.gov/programs-surveys/demo/guidance/industry-occupation/2018-ACS-PUMS-and-2018-SIPP-Public-Use-Occupation-Code-List.xlsx"", ""pums_sheet"": ""ACS"", ""bls_url"": ""https://www.bls.gov/soc/2018/soc_structure_2018.pdf"", ""onet_url"": ""https://www.onetcenter.org/taxonomy/2019/soc/2019_to_SOC_Crosswalk.xlsx?fmt=xlsx""}",PROVISIONAL_AUDIT_NOT_FINAL,0.2285714285714285,0.2285714285714285,0.2285714285714285,0.2285714285714285,0.2285714285714285,0.2285714285714285,0.2285714285714285,
4160,359099,"Food preparation and serving related workers, all other",35-9099,"[""35-9099""]",[454],[],454,"[""35-9099""]",[],[],"[""35-9099""]",[],"[""35-9099""]",[],1,0,0,COMPLETE_DOCUMENTED,detailed,B_unrated_detailed_or_child,"Equal rated O*NET children within detailed SOC, then equal detailed SOC members; fully rated groups only",SINGLE_RATED_MEMBER,35,"[""35-9099""]","[""35-9099.00""]","{""pums_url"": ""https://www2.census.gov/programs-surveys/demo/guidance/industry-occupation/2018-ACS-PUMS-and-2018-SIPP-Public-Use-Occupation-Code-List.xlsx"", ""pums_sheet"": ""ACS"", ""bls_url"": ""https://www.bls.gov/soc/2018/soc_structure_2018.pdf"", ""onet_url"": ""https://www.onetcenter.org/taxonomy/2019/soc/2019_to_SOC_Crosswalk.xlsx?fmt=xlsx""}",PROVISIONAL_AUDIT_NOT_FINAL,,,,,,0.0,1.0,
4200,371011,First-line supervisors of housekeeping and janitorial workers,37-1011,"[""37-1011""]",[458],[],458,"[""37-1011""]","[""37-1011""]","[""37-1011""]",[],[],[],[],1,1,1,COMPLETE_DOCUMENTED,detailed,covered,"Equal rated O*NET children within detailed SOC, then equal detailed SOC members; fully rated groups only",SINGLE_RATED_MEMBER,37,[],[],"{""pums_url"": ""https://www2.census.gov/programs-surveys/demo/guidance/industry-occupation/2018-ACS-PUMS-and-2018-SIPP-Public-Use-Occupation-Code-List.xlsx"", ""pums_sheet"": ""ACS"", ""bls_url"": ""https://www.bls.gov/soc/2018/soc_structure_2018.pdf"", ""onet_url"": ""https://www.onetcenter.org/taxonomy/2019/soc/2019_to_SOC_Crosswalk.xlsx?fmt=xlsx""}",PROVISIONAL_AUDIT_NOT_FINAL,0.2653061224489795,0.2653061224489795,0.2653061224489795,0.2653061224489795,0.2653061224489795,0.2653061224489795,0.2653061224489795,
4210,371012,"First-line supervisors of landscaping, lawn service, and groundskeeping workers",37-1012,"[""37-1012""]",[459],[],459,"[""37-1012""]","[""37-1012""]","[""37-1012""]",[],[],[],[],1,1,1,COMPLETE_DOCUMENTED,detailed,covered,"Equal rated O*NET children within detailed SOC, then equal detailed SOC members; fully rated groups only",SINGLE_RATED_MEMBER,37,[],[],"{""pums_url"": ""https://www2.census.gov/programs-surveys/demo/guidance/industry-occupation/2018-ACS-PUMS-and-2018-SIPP-Public-Use-Occupation-Code-List.xlsx"", ""pums_sheet"": ""ACS"", ""bls_url"": ""https://www.bls.gov/soc/2018/soc_structure_2018.pdf"", ""onet_url"": ""https://www.onetcenter.org/taxonomy/2019/soc/2019_to_SOC_Crosswalk.xlsx?fmt=xlsx""}",PROVISIONAL_AUDIT_NOT_FINAL,0.3545454545454545,0.3545454545454545,0.3545454545454545,0.3545454545454545,0.3545454545454545,0.3545454545454545,0.3545454545454545,
4220,37201X,Janitors and building cleaners,37-201X,"[""37-2011"", ""37-2019""]","[462, 463]",[],460,"[""37-2011"", ""37-2019""]","[""37-2011""]","[""37-2011""]","[""37-2019""]",[],"[""37-2019""]",[],2,1,1,COMPLETE_DOCUMENTED,Census composite X/Y,B_unrated_detailed_or_child,"Equal rated O*NET children within detailed SOC, then equal detailed SOC members; fully rated groups only",UNKNOWN_INTERNAL_EMPLOYMENT_SHARES,37,"[""37-2019""]","[""37-2019.00""]","{""pums_url"": ""https://www2.census.gov/programs-surveys/demo/guidance/industry-occupation/2018-ACS-PUMS-and-2018-SIPP-Public-Use-Occupation-Code-List.xlsx"", ""pums_sheet"": ""ACS"", ""bls_url"": ""https://www.bls.gov/soc/2018/soc_structure_2018.pdf"", ""onet_url"": ""https://www.onetcenter.org/taxonomy/2019/soc/2019_to_SOC_Crosswalk.xlsx?fmt=xlsx""}",PROVISIONAL_AUDIT_NOT_FINAL,,,,,,0.0,1.0,
4230,372012,Maids and housekeeping cleaners,37-2012,"[""37-2012""]",[464],[],464,"[""37-2012""]","[""37-2012""]","[""37-2012""]",[],[],[],[],1,1,1,COMPLETE_DOCUMENTED,detailed,covered,"Equal rated O*NET children within detailed SOC, then equal detailed SOC members; fully rated groups only",SINGLE_RATED_MEMBER,37,[],[],"{""pums_url"": ""https://www2.census.gov/programs-surveys/demo/guidance/industry-occupation/2018-ACS-PUMS-and-2018-SIPP-Public-Use-Occupation-Code-List.xlsx"", ""pums_sheet"": ""ACS"", ""bls_url"": ""https://www.bls.gov/soc/2018/soc_structure_2018.pdf"", ""onet_url"": ""https://www.onetcenter.org/taxonomy/2019/soc/2019_to_SOC_Crosswalk.xlsx?fmt=xlsx""}",PROVISIONAL_AUDIT_NOT_FINAL,0.0,0.0,0.0,0.0,0.0,0.0,0.0,
4240,372021,Pest control workers,37-2021,"[""37-2021""]",[465],[],465,"[""37-2021""]","[""37-2021""]","[""37-2021""]",[],[],[],[],1,1,1,COMPLETE_DOCUMENTED,detailed,covered,"Equal rated O*NET children within detailed SOC, then equal detailed SOC members; fully rated groups only",SINGLE_RATED_MEMBER,37,[],[],"{""pums_url"": ""https://www2.census.gov/programs-surveys/demo/guidance/industry-occupation/2018-ACS-PUMS-and-2018-SIPP-Public-Use-Occupation-Code-List.xlsx"", ""pums_sheet"": ""ACS"", ""bls_url"": ""https://www.bls.gov/soc/2018/soc_structure_2018.pdf"", ""onet_url"": ""https://www.onetcenter.org/taxonomy/2019/soc/2019_to_SOC_Crosswalk.xlsx?fmt=xlsx""}",PROVISIONAL_AUDIT_NOT_FINAL,0.25,0.25,0.25,0.25,0.25,0.25,0.25,
4251,373011,Landscaping and groundskeeping workers,37-3011,"[""37-3011""]",[466],[],466,"[""37-3011""]","[""37-3011""]","[""37-3011""]",[],[],[],[],1,1,1,COMPLETE_DOCUMENTED,detailed,covered,"Equal rated O*NET children within detailed SOC, then equal detailed SOC members; fully rated groups only",SINGLE_RATED_MEMBER,37,[],[],"{""pums_url"": ""https://www2.census.gov/programs-surveys/demo/guidance/industry-occupation/2018-ACS-PUMS-and-2018-SIPP-Public-Use-Occupation-Code-List.xlsx"", ""pums_sheet"": ""ACS"", ""bls_url"": ""https://www.bls.gov/soc/2018/soc_structure_2018.pdf"", ""onet_url"": ""https://www.onetcenter.org/taxonomy/2019/soc/2019_to_SOC_Crosswalk.xlsx?fmt=xlsx""}",PROVISIONAL_AUDIT_NOT_FINAL,0.024390243902439,0.024390243902439,0.024390243902439,0.024390243902439,0.024390243902439,0.024390243902439,0.024390243902439,
4252,373013,Tree trimmers and pruners,37-3013,"[""37-3013""]",[467],[],467,"[""37-3013""]","[""37-3013""]","[""37-3013""]",[],[],[],[],1,1,1,COMPLETE_DOCUMENTED,detailed,covered,"Equal rated O*NET children within detailed SOC, then equal detailed SOC members; fully rated groups only",SINGLE_RATED_MEMBER,37,[],[],"{""pums_url"": ""https://www2.census.gov/programs-surveys/demo/guidance/industry-occupation/2018-ACS-PUMS-and-2018-SIPP-Public-Use-Occupation-Code-List.xlsx"", ""pums_sheet"": ""ACS"", ""bls_url"": ""https://www.bls.gov/soc/2018/soc_structure_2018.pdf"", ""onet_url"": ""https://www.onetcenter.org/taxonomy/2019/soc/2019_to_SOC_Crosswalk.xlsx?fmt=xlsx""}",PROVISIONAL_AUDIT_NOT_FINAL,0.0609756097560975,0.0609756097560975,0.0609756097560975,0.0609756097560975,0.0609756097560975,0.0609756097560975,0.0609756097560975,
4255,37301X,Other grounds maintenance workers,37-301X,"[""37-3012"", ""37-3019""]","[470, 471]",[],468,"[""37-3012"", ""37-3019""]","[""37-3012""]","[""37-3012""]","[""37-3019""]",[],"[""37-3019""]",[],2,1,1,COMPLETE_DOCUMENTED,Census composite X/Y,B_unrated_detailed_or_child,"Equal rated O*NET children within detailed SOC, then equal detailed SOC members; fully rated groups only",UNKNOWN_INTERNAL_EMPLOYMENT_SHARES,37,"[""37-3019""]","[""37-3019.00""]","{""pums_url"": ""https://www2.census.gov/programs-surveys/demo/guidance/industry-occupation/2018-ACS-PUMS-and-2018-SIPP-Public-Use-Occupation-Code-List.xlsx"", ""pums_sheet"": ""ACS"", ""bls_url"": ""https://www.bls.gov/soc/2018/soc_structure_2018.pdf"", ""onet_url"": ""https://www.onetcenter.org/taxonomy/2019/soc/2019_to_SOC_Crosswalk.xlsx?fmt=xlsx""}",PROVISIONAL_AUDIT_NOT_FINAL,,,,,,0.0,1.0,
4330,391000,Supervisors of personal care and service workers,39-1000,"[""39-1000""]",[475],[],475,"[""39-1013"", ""39-1014"", ""39-1022""]","[""39-1013"", ""39-1014"", ""39-1022""]","[""39-1013"", ""39-1014"", ""39-1022""]",[],[],[],[],3,3,3,COMPLETE_DOCUMENTED,minor,covered,"Equal rated O*NET children within detailed SOC, then equal detailed SOC members; fully rated groups only",UNKNOWN_INTERNAL_EMPLOYMENT_SHARES,39,[],[],"{""pums_url"": ""https://www2.census.gov/programs-surveys/demo/guidance/industry-occupation/2018-ACS-PUMS-and-2018-SIPP-Public-Use-Occupation-Code-List.xlsx"", ""pums_sheet"": ""ACS"", ""bls_url"": ""https://www.bls.gov/soc/2018/soc_structure_2018.pdf"", ""onet_url"": ""https://www.onetcenter.org/taxonomy/2019/soc/2019_to_SOC_Crosswalk.xlsx?fmt=xlsx""}",PROVISIONAL_AUDIT_NOT_FINAL,0.4049688212573875,0.4049688212573875,0.4049688212573875,0.3684210526315789,0.4326923076923077,0.4049688212573875,0.4049688212573875,
4340,392011,Animal trainers,39-2011,"[""39-2011""]",[476],[],476,"[""39-2011""]","[""39-2011""]","[""39-2011""]",[],[],[],[],1,1,1,COMPLETE_DOCUMENTED,detailed,covered,"Equal rated O*NET children within detailed SOC, then equal detailed SOC members; fully rated groups only",SINGLE_RATED_MEMBER,39,[],[],"{""pums_url"": ""https://www2.census.gov/programs-surveys/demo/guidance/industry-occupation/2018-ACS-PUMS-and-2018-SIPP-Public-Use-Occupation-Code-List.xlsx"", ""pums_sheet"": ""ACS"", ""bls_url"": ""https://www.bls.gov/soc/2018/soc_structure_2018.pdf"", ""onet_url"": ""https://www.onetcenter.org/taxonomy/2019/soc/2019_to_SOC_Crosswalk.xlsx?fmt=xlsx""}",PROVISIONAL_AUDIT_NOT_FINAL,0.1034482758620689,0.1034482758620689,0.1034482758620689,0.1034482758620689,0.1034482758620689,0.1034482758620689,0.1034482758620689,
4350,392021,Animal caretakers,39-2021,"[""39-2021""]",[477],[],477,"[""39-2021""]","[""39-2021""]","[""39-2021""]",[],[],[],[],1,1,1,COMPLETE_DOCUMENTED,detailed,covered,"Equal rated O*NET children within detailed SOC, then equal detailed SOC members; fully rated groups only",SINGLE_RATED_MEMBER,39,[],[],"{""pums_url"": ""https://www2.census.gov/programs-surveys/demo/guidance/industry-occupation/2018-ACS-PUMS-and-2018-SIPP-Public-Use-Occupation-Code-List.xlsx"", ""pums_sheet"": ""ACS"", ""bls_url"": ""https://www.bls.gov/soc/2018/soc_structure_2018.pdf"", ""onet_url"": ""https://www.onetcenter.org/taxonomy/2019/soc/2019_to_SOC_Crosswalk.xlsx?fmt=xlsx""}",PROVISIONAL_AUDIT_NOT_FINAL,0.2727272727272727,0.2727272727272727,0.2727272727272727,0.2727272727272727,0.2727272727272727,0.2727272727272727,0.2727272727272727,
4400,393010,Gambling services workers,39-3010,"[""39-3010""]",[478],[],478,"[""39-3011"", ""39-3012"", ""39-3019""]","[""39-3011"", ""39-3012""]","[""39-3011"", ""39-3012""]","[""39-3019""]",[],"[""39-3019""]",[],3,2,2,COMPLETE_DOCUMENTED,broad,B_unrated_detailed_or_child,"Equal rated O*NET children within detailed SOC, then equal detailed SOC members; fully rated groups only",UNKNOWN_INTERNAL_EMPLOYMENT_SHARES,39,"[""39-3019""]","[""39-3019.00""]","{""pums_url"": ""https://www2.census.gov/programs-surveys/demo/guidance/industry-occupation/2018-ACS-PUMS-and-2018-SIPP-Public-Use-Occupation-Code-List.xlsx"", ""pums_sheet"": ""ACS"", ""bls_url"": ""https://www.bls.gov/soc/2018/soc_structure_2018.pdf"", ""onet_url"": ""https://www.onetcenter.org/taxonomy/2019/soc/2019_to_SOC_Crosswalk.xlsx?fmt=xlsx""}",PROVISIONAL_AUDIT_NOT_FINAL,,,,,,0.0,1.0,
4420,393031,"Ushers, lobby attendants, and ticket takers",39-3031,"[""39-3031""]",[479],[],479,"[""39-3031""]","[""39-3031""]","[""39-3031""]",[],[],[],[],1,1,1,COMPLETE_DOCUMENTED,detailed,covered,"Equal rated O*NET children within detailed SOC, then equal detailed SOC members; fully rated groups only",SINGLE_RATED_MEMBER,39,[],[],"{""pums_url"": ""https://www2.census.gov/programs-surveys/demo/guidance/industry-occupation/2018-ACS-PUMS-and-2018-SIPP-Public-Use-Occupation-Code-List.xlsx"", ""pums_sheet"": ""ACS"", ""bls_url"": ""https://www.bls.gov/soc/2018/soc_structure_2018.pdf"", ""onet_url"": ""https://www.onetcenter.org/taxonomy/2019/soc/2019_to_SOC_Crosswalk.xlsx?fmt=xlsx""}",PROVISIONAL_AUDIT_NOT_FINAL,0.1428571428571428,0.1428571428571428,0.1428571428571428,0.1428571428571428,0.1428571428571428,0.1428571428571428,0.1428571428571428,
4435,3930XX,Other entertainment attendants and related workers,39-30XX,"[""39-3021"", ""39-3090""]","[482, 483]",[],480,"[""39-3021"", ""39-3091"", ""39-3092"", ""39-3093"", ""39-3099""]","[""39-3021"", ""39-3091"", ""39-3092"", ""39-3093""]","[""39-3021"", ""39-3091"", ""39-3092"", ""39-3093""]","[""39-3099""]",[],"[""39-3099""]",[],5,4,4,COMPLETE_DOCUMENTED,Census composite X/Y,B_unrated_detailed_or_child,"Equal rated O*NET children within detailed SOC, then equal detailed SOC members; fully rated groups only",UNKNOWN_INTERNAL_EMPLOYMENT_SHARES,39,"[""39-3099""]","[""39-3099.00""]","{""pums_url"": ""https://www2.census.gov/programs-surveys/demo/guidance/industry-occupation/2018-ACS-PUMS-and-2018-SIPP-Public-Use-Occupation-Code-List.xlsx"", ""pums_sheet"": ""ACS"", ""bls_url"": ""https://www.bls.gov/soc/2018/soc_structure_2018.pdf"", ""onet_url"": ""https://www.onetcenter.org/taxonomy/2019/soc/2019_to_SOC_Crosswalk.xlsx?fmt=xlsx""}",PROVISIONAL_AUDIT_NOT_FINAL,,,,,,0.0,1.0,
4461,3940XX,"Embalmers, crematory operators and funeral attendants",39-40XX,"[""39-4011"", ""39-4012"", ""39-4021""]","[486, 487, 488]",[],484,"[""39-4011"", ""39-4012"", ""39-4021""]","[""39-4011"", ""39-4012"", ""39-4021""]","[""39-4011"", ""39-4012"", ""39-4021""]",[],[],[],[],3,3,3,COMPLETE_DOCUMENTED,Census composite X/Y,covered,"Equal rated O*NET children within detailed SOC, then equal detailed SOC members; fully rated groups only",UNKNOWN_INTERNAL_EMPLOYMENT_SHARES,39,[],[],"{""pums_url"": ""https://www2.census.gov/programs-surveys/demo/guidance/industry-occupation/2018-ACS-PUMS-and-2018-SIPP-Public-Use-Occupation-Code-List.xlsx"", ""pums_sheet"": ""ACS"", ""bls_url"": ""https://www.bls.gov/soc/2018/soc_structure_2018.pdf"", ""onet_url"": ""https://www.onetcenter.org/taxonomy/2019/soc/2019_to_SOC_Crosswalk.xlsx?fmt=xlsx""}",PROVISIONAL_AUDIT_NOT_FINAL,0.08648148148148144,0.08648148148148144,0.08648148148148144,0.04,0.1777777777777777,0.08648148148148144,0.08648148148148144,
4465,394031,"Morticians, undertakers, and funeral arrangers",39-4031,"[""39-4031""]",[489],[],489,"[""39-4031""]","[""39-4031""]","[""39-4031""]",[],[],[],[],1,1,1,COMPLETE_DOCUMENTED,detailed,covered,"Equal rated O*NET children within detailed SOC, then equal detailed SOC members; fully rated groups only",SINGLE_RATED_MEMBER,39,[],[],"{""pums_url"": ""https://www2.census.gov/programs-surveys/demo/guidance/industry-occupation/2018-ACS-PUMS-and-2018-SIPP-Public-Use-Occupation-Code-List.xlsx"", ""pums_sheet"": ""ACS"", ""bls_url"": ""https://www.bls.gov/soc/2018/soc_structure_2018.pdf"", ""onet_url"": ""https://www.onetcenter.org/taxonomy/2019/soc/2019_to_SOC_Crosswalk.xlsx?fmt=xlsx""}",PROVISIONAL_AUDIT_NOT_FINAL,0.1627906976744186,0.1627906976744186,0.1627906976744186,0.1627906976744186,0.1627906976744186,0.1627906976744186,0.1627906976744186,
4500,395011,Barbers,39-5011,"[""39-5011""]",[490],[],490,"[""39-5011""]","[""39-5011""]","[""39-5011""]",[],[],[],[],1,1,1,COMPLETE_DOCUMENTED,detailed,covered,"Equal rated O*NET children within detailed SOC, then equal detailed SOC members; fully rated groups only",SINGLE_RATED_MEMBER,39,[],[],"{""pums_url"": ""https://www2.census.gov/programs-surveys/demo/guidance/industry-occupation/2018-ACS-PUMS-and-2018-SIPP-Public-Use-Occupation-Code-List.xlsx"", ""pums_sheet"": ""ACS"", ""bls_url"": ""https://www.bls.gov/soc/2018/soc_structure_2018.pdf"", ""onet_url"": ""https://www.onetcenter.org/taxonomy/2019/soc/2019_to_SOC_Crosswalk.xlsx?fmt=xlsx""}",PROVISIONAL_AUDIT_NOT_FINAL,0.1617647058823529,0.1617647058823529,0.1617647058823529,0.1617647058823529,0.1617647058823529,0.1617647058823529,0.1617647058823529,
4510,395012,"Hairdressers, hairstylists, and cosmetologists",39-5012,"[""39-5012""]",[491],[],491,"[""39-5012""]","[""39-5012""]","[""39-5012""]",[],[],[],[],1,1,1,COMPLETE_DOCUMENTED,detailed,covered,"Equal rated O*NET children within detailed SOC, then equal detailed SOC members; fully rated groups only",SINGLE_RATED_MEMBER,39,[],[],"{""pums_url"": ""https://www2.census.gov/programs-surveys/demo/guidance/industry-occupation/2018-ACS-PUMS-and-2018-SIPP-Public-Use-Occupation-Code-List.xlsx"", ""pums_sheet"": ""ACS"", ""bls_url"": ""https://www.bls.gov/soc/2018/soc_structure_2018.pdf"", ""onet_url"": ""https://www.onetcenter.org/taxonomy/2019/soc/2019_to_SOC_Crosswalk.xlsx?fmt=xlsx""}",PROVISIONAL_AUDIT_NOT_FINAL,0.0789473684210526,0.0789473684210526,0.0789473684210526,0.0789473684210526,0.0789473684210526,0.0789473684210526,0.0789473684210526,
4521,395092,Manicurists and pedicurists,39-5092,"[""39-5092""]",[492],[],492,"[""39-5092""]","[""39-5092""]","[""39-5092""]",[],[],[],[],1,1,1,COMPLETE_DOCUMENTED,detailed,covered,"Equal rated O*NET children within detailed SOC, then equal detailed SOC members; fully rated groups only",SINGLE_RATED_MEMBER,39,[],[],"{""pums_url"": ""https://www2.census.gov/programs-surveys/demo/guidance/industry-occupation/2018-ACS-PUMS-and-2018-SIPP-Public-Use-Occupation-Code-List.xlsx"", ""pums_sheet"": ""ACS"", ""bls_url"": ""https://www.bls.gov/soc/2018/soc_structure_2018.pdf"", ""onet_url"": ""https://www.onetcenter.org/taxonomy/2019/soc/2019_to_SOC_Crosswalk.xlsx?fmt=xlsx""}",PROVISIONAL_AUDIT_NOT_FINAL,0.0833333333333333,0.0833333333333333,0.0833333333333333,0.0833333333333333,0.0833333333333333,0.0833333333333333,0.0833333333333333,
4522,395094,Skincare specialists,39-5094,"[""39-5094""]",[493],[],493,"[""39-5094""]","[""39-5094""]","[""39-5094""]",[],[],[],[],1,1,1,COMPLETE_DOCUMENTED,detailed,covered,"Equal rated O*NET children within detailed SOC, then equal detailed SOC members; fully rated groups only",SINGLE_RATED_MEMBER,39,[],[],"{""pums_url"": ""https://www2.census.gov/programs-surveys/demo/guidance/industry-occupation/2018-ACS-PUMS-and-2018-SIPP-Public-Use-Occupation-Code-List.xlsx"", ""pums_sheet"": ""ACS"", ""bls_url"": ""https://www.bls.gov/soc/2018/soc_structure_2018.pdf"", ""onet_url"": ""https://www.onetcenter.org/taxonomy/2019/soc/2019_to_SOC_Crosswalk.xlsx?fmt=xlsx""}",PROVISIONAL_AUDIT_NOT_FINAL,0.1969696969696969,0.1969696969696969,0.1969696969696969,0.1969696969696969,0.1969696969696969,0.1969696969696969,0.1969696969696969,
4525,39509X,Other personal appearance workers,39-509X,"[""39-5091"", ""39-5093""]","[496, 497]",[],494,"[""39-5091"", ""39-5093""]","[""39-5091"", ""39-5093""]","[""39-5091"", ""39-5093""]",[],[],[],[],2,2,2,COMPLETE_DOCUMENTED,Census composite X/Y,covered,"Equal rated O*NET children within detailed SOC, then equal detailed SOC members; fully rated groups only",UNKNOWN_INTERNAL_EMPLOYMENT_SHARES,39,[],[],"{""pums_url"": ""https://www2.census.gov/programs-surveys/demo/guidance/industry-occupation/2018-ACS-PUMS-and-2018-SIPP-Public-Use-Occupation-Code-List.xlsx"", ""pums_sheet"": ""ACS"", ""bls_url"": ""https://www.bls.gov/soc/2018/soc_structure_2018.pdf"", ""onet_url"": ""https://www.onetcenter.org/taxonomy/2019/soc/2019_to_SOC_Crosswalk.xlsx?fmt=xlsx""}",PROVISIONAL_AUDIT_NOT_FINAL,0.24216027874564455,0.24216027874564455,0.24216027874564455,0.1428571428571428,0.3414634146341463,0.24216027874564455,0.24216027874564455,
4530,396010,"Baggage porters, bellhops, and concierges",39-6010,"[""39-6010""]",[498],[],498,"[""39-6011"", ""39-6012""]","[""39-6011"", ""39-6012""]","[""39-6011"", ""39-6012""]",[],[],[],[],2,2,2,COMPLETE_DOCUMENTED,broad,covered,"Equal rated O*NET children within detailed SOC, then equal detailed SOC members; fully rated groups only",UNKNOWN_INTERNAL_EMPLOYMENT_SHARES,39,[],[],"{""pums_url"": ""https://www2.census.gov/programs-surveys/demo/guidance/industry-occupation/2018-ACS-PUMS-and-2018-SIPP-Public-Use-Occupation-Code-List.xlsx"", ""pums_sheet"": ""ACS"", ""bls_url"": ""https://www.bls.gov/soc/2018/soc_structure_2018.pdf"", ""onet_url"": ""https://www.onetcenter.org/taxonomy/2019/soc/2019_to_SOC_Crosswalk.xlsx?fmt=xlsx""}",PROVISIONAL_AUDIT_NOT_FINAL,0.3074074074074074,0.3074074074074074,0.3074074074074074,0.1481481481481481,0.4666666666666667,0.3074074074074074,0.3074074074074074,
4540,397010,Tour and travel guides,39-7010,"[""39-7010""]",[499],[],499,"[""39-7011"", ""39-7012""]","[""39-7011"", ""39-7012""]","[""39-7011"", ""39-7012""]",[],[],[],[],2,2,2,COMPLETE_DOCUMENTED,broad,covered,"Equal rated O*NET children within detailed SOC, then equal detailed SOC members; fully rated groups only",UNKNOWN_INTERNAL_EMPLOYMENT_SHARES,39,[],[],"{""pums_url"": ""https://www2.census.gov/programs-surveys/demo/guidance/industry-occupation/2018-ACS-PUMS-and-2018-SIPP-Public-Use-Occupation-Code-List.xlsx"", ""pums_sheet"": ""ACS"", ""bls_url"": ""https://www.bls.gov/soc/2018/soc_structure_2018.pdf"", ""onet_url"": ""https://www.onetcenter.org/taxonomy/2019/soc/2019_to_SOC_Crosswalk.xlsx?fmt=xlsx""}",PROVISIONAL_AUDIT_NOT_FINAL,0.32461538461538464,0.32461538461538464,0.32461538461538464,0.2692307692307693,0.38,0.32461538461538464,0.32461538461538464,
4600,399011,Childcare workers,39-9011,"[""39-9011""]",[500],[],500,"[""39-9011""]","[""39-9011""]","[""39-9011""]",[],[],[],[],1,1,1,COMPLETE_DOCUMENTED,detailed,covered,"Equal rated O*NET children within detailed SOC, then equal detailed SOC members; fully rated groups only",UNKNOWN_INTERNAL_EMPLOYMENT_SHARES,39,[],[],"{""pums_url"": ""https://www2.census.gov/programs-surveys/demo/guidance/industry-occupation/2018-ACS-PUMS-and-2018-SIPP-Public-Use-Occupation-Code-List.xlsx"", ""pums_sheet"": ""ACS"", ""bls_url"": ""https://www.bls.gov/soc/2018/soc_structure_2018.pdf"", ""onet_url"": ""https://www.onetcenter.org/taxonomy/2019/soc/2019_to_SOC_Crosswalk.xlsx?fmt=xlsx""}",PROVISIONAL_AUDIT_NOT_FINAL,0.1414312039312039,0.1414312039312039,0.1414312039312039,0.1351351351351351,0.1477272727272727,0.1414312039312039,0.1414312039312039,
4621,399031,Exercise trainers and group fitness instructors,39-9031,"[""39-9031""]",[501],[],501,"[""39-9031""]","[""39-9031""]","[""39-9031""]",[],[],[],[],1,1,1,COMPLETE_DOCUMENTED,detailed,covered,"Equal rated O*NET children within detailed SOC, then equal detailed SOC members; fully rated groups only",SINGLE_RATED_MEMBER,39,[],[],"{""pums_url"": ""https://www2.census.gov/programs-surveys/demo/guidance/industry-occupation/2018-ACS-PUMS-and-2018-SIPP-Public-Use-Occupation-Code-List.xlsx"", ""pums_sheet"": ""ACS"", ""bls_url"": ""https://www.bls.gov/soc/2018/soc_structure_2018.pdf"", ""onet_url"": ""https://www.onetcenter.org/taxonomy/2019/soc/2019_to_SOC_Crosswalk.xlsx?fmt=xlsx""}",PROVISIONAL_AUDIT_NOT_FINAL,0.0147058823529411,0.0147058823529411,0.0147058823529411,0.0147058823529411,0.0147058823529411,0.0147058823529411,0.0147058823529411,
4622,399032,Recreation workers,39-9032,"[""39-9032""]",[502],[],502,"[""39-9032""]","[""39-9032""]","[""39-9032""]",[],[],[],[],1,1,1,COMPLETE_DOCUMENTED,detailed,covered,"Equal rated O*NET children within detailed SOC, then equal detailed SOC members; fully rated groups only",SINGLE_RATED_MEMBER,39,[],[],"{""pums_url"": ""https://www2.census.gov/programs-surveys/demo/guidance/industry-occupation/2018-ACS-PUMS-and-2018-SIPP-Public-Use-Occupation-Code-List.xlsx"", ""pums_sheet"": ""ACS"", ""bls_url"": ""https://www.bls.gov/soc/2018/soc_structure_2018.pdf"", ""onet_url"": ""https://www.onetcenter.org/taxonomy/2019/soc/2019_to_SOC_Crosswalk.xlsx?fmt=xlsx""}",PROVISIONAL_AUDIT_NOT_FINAL,0.238095238095238,0.238095238095238,0.238095238095238,0.238095238095238,0.238095238095238,0.238095238095238,0.238095238095238,
4640,399041,Residential advisors,39-9041,"[""39-9041""]",[503],[],503,"[""39-9041""]","[""39-9041""]","[""39-9041""]",[],[],[],[],1,1,1,COMPLETE_DOCUMENTED,detailed,covered,"Equal rated O*NET children within detailed SOC, then equal detailed SOC members; fully rated groups only",SINGLE_RATED_MEMBER,39,[],[],"{""pums_url"": ""https://www2.census.gov/programs-surveys/demo/guidance/industry-occupation/2018-ACS-PUMS-and-2018-SIPP-Public-Use-Occupation-Code-List.xlsx"", ""pums_sheet"": ""ACS"", ""bls_url"": ""https://www.bls.gov/soc/2018/soc_structure_2018.pdf"", ""onet_url"": ""https://www.onetcenter.org/taxonomy/2019/soc/2019_to_SOC_Crosswalk.xlsx?fmt=xlsx""}",PROVISIONAL_AUDIT_NOT_FINAL,0.24,0.24,0.24,0.24,0.24,0.24,0.24,
4655,399099,"Personal care and service workers, all other",39-9099,"[""39-9099""]",[504],[],504,"[""39-9099""]",[],[],"[""39-9099""]",[],"[""39-9099""]",[],1,0,0,COMPLETE_DOCUMENTED,detailed,B_unrated_detailed_or_child,"Equal rated O*NET children within detailed SOC, then equal detailed SOC members; fully rated groups only",SINGLE_RATED_MEMBER,39,"[""39-9099""]","[""39-9099.00""]","{""pums_url"": ""https://www2.census.gov/programs-surveys/demo/guidance/industry-occupation/2018-ACS-PUMS-and-2018-SIPP-Public-Use-Occupation-Code-List.xlsx"", ""pums_sheet"": ""ACS"", ""bls_url"": ""https://www.bls.gov/soc/2018/soc_structure_2018.pdf"", ""onet_url"": ""https://www.onetcenter.org/taxonomy/2019/soc/2019_to_SOC_Crosswalk.xlsx?fmt=xlsx""}",PROVISIONAL_AUDIT_NOT_FINAL,,,,,,0.0,1.0,
4700,411011,First-line supervisors of retail sales workers,41-1011,"[""41-1011""]",[510],[],510,"[""41-1011""]","[""41-1011""]","[""41-1011""]",[],[],[],[],1,1,1,COMPLETE_DOCUMENTED,detailed,covered,"Equal rated O*NET children within detailed SOC, then equal detailed SOC members; fully rated groups only",SINGLE_RATED_MEMBER,41,[],[],"{""pums_url"": ""https://www2.census.gov/programs-surveys/demo/guidance/industry-occupation/2018-ACS-PUMS-and-2018-SIPP-Public-Use-Occupation-Code-List.xlsx"", ""pums_sheet"": ""ACS"", ""bls_url"": ""https://www.bls.gov/soc/2018/soc_structure_2018.pdf"", ""onet_url"": ""https://www.onetcenter.org/taxonomy/2019/soc/2019_to_SOC_Crosswalk.xlsx?fmt=xlsx""}",PROVISIONAL_AUDIT_NOT_FINAL,0.4864864864864865,0.4864864864864865,0.4864864864864865,0.4864864864864865,0.4864864864864865,0.4864864864864865,0.4864864864864865,
4710,411012,First-line supervisors of non-retail sales workers,41-1012,"[""41-1012""]",[511],[],511,"[""41-1012""]","[""41-1012""]","[""41-1012""]",[],[],[],[],1,1,1,COMPLETE_DOCUMENTED,detailed,covered,"Equal rated O*NET children within detailed SOC, then equal detailed SOC members; fully rated groups only",SINGLE_RATED_MEMBER,41,[],[],"{""pums_url"": ""https://www2.census.gov/programs-surveys/demo/guidance/industry-occupation/2018-ACS-PUMS-and-2018-SIPP-Public-Use-Occupation-Code-List.xlsx"", ""pums_sheet"": ""ACS"", ""bls_url"": ""https://www.bls.gov/soc/2018/soc_structure_2018.pdf"", ""onet_url"": ""https://www.onetcenter.org/taxonomy/2019/soc/2019_to_SOC_Crosswalk.xlsx?fmt=xlsx""}",PROVISIONAL_AUDIT_NOT_FINAL,0.537037037037037,0.537037037037037,0.537037037037037,0.537037037037037,0.537037037037037,0.537037037037037,0.537037037037037,
4720,412010,Cashiers,41-2010,"[""41-2010""]",[512],[],512,"[""41-2011"", ""41-2012""]","[""41-2011"", ""41-2012""]","[""41-2011"", ""41-2012""]",[],[],[],[],2,2,2,COMPLETE_DOCUMENTED,broad,covered,"Equal rated O*NET children within detailed SOC, then equal detailed SOC members; fully rated groups only",UNKNOWN_INTERNAL_EMPLOYMENT_SHARES,41,[],[],"{""pums_url"": ""https://www2.census.gov/programs-surveys/demo/guidance/industry-occupation/2018-ACS-PUMS-and-2018-SIPP-Public-Use-Occupation-Code-List.xlsx"", ""pums_sheet"": ""ACS"", ""bls_url"": ""https://www.bls.gov/soc/2018/soc_structure_2018.pdf"", ""onet_url"": ""https://www.onetcenter.org/taxonomy/2019/soc/2019_to_SOC_Crosswalk.xlsx?fmt=xlsx""}",PROVISIONAL_AUDIT_NOT_FINAL,0.23560354374307857,0.23560354374307857,0.23560354374307857,0.2093023255813953,0.2619047619047618,0.23560354374307857,0.23560354374307857,
4740,412021,Counter and rental clerks,41-2021,"[""41-2021""]",[513],[],513,"[""41-2021""]","[""41-2021""]","[""41-2021""]",[],[],[],[],1,1,1,COMPLETE_DOCUMENTED,detailed,covered,"Equal rated O*NET children within detailed SOC, then equal detailed SOC members; fully rated groups only",SINGLE_RATED_MEMBER,41,[],[],"{""pums_url"": ""https://www2.census.gov/programs-surveys/demo/guidance/industry-occupation/2018-ACS-PUMS-and-2018-SIPP-Public-Use-Occupation-Code-List.xlsx"", ""pums_sheet"": ""ACS"", ""bls_url"": ""https://www.bls.gov/soc/2018/soc_structure_2018.pdf"", ""onet_url"": ""https://www.onetcenter.org/taxonomy/2019/soc/2019_to_SOC_Crosswalk.xlsx?fmt=xlsx""}",PROVISIONAL_AUDIT_NOT_FINAL,0.532258064516129,0.532258064516129,0.532258064516129,0.532258064516129,0.532258064516129,0.532258064516129,0.532258064516129,
4750,412022,Parts salespersons,41-2022,"[""41-2022""]",[514],[],514,"[""41-2022""]","[""41-2022""]","[""41-2022""]",[],[],[],[],1,1,1,COMPLETE_DOCUMENTED,detailed,covered,"Equal rated O*NET children within detailed SOC, then equal detailed SOC members; fully rated groups only",SINGLE_RATED_MEMBER,41,[],[],"{""pums_url"": ""https://www2.census.gov/programs-surveys/demo/guidance/industry-occupation/2018-ACS-PUMS-and-2018-SIPP-Public-Use-Occupation-Code-List.xlsx"", ""pums_sheet"": ""ACS"", ""bls_url"": ""https://www.bls.gov/soc/2018/soc_structure_2018.pdf"", ""onet_url"": ""https://www.onetcenter.org/taxonomy/2019/soc/2019_to_SOC_Crosswalk.xlsx?fmt=xlsx""}",PROVISIONAL_AUDIT_NOT_FINAL,0.3428571428571428,0.3428571428571428,0.3428571428571428,0.3428571428571428,0.3428571428571428,0.3428571428571428,0.3428571428571428,
4760,412031,Retail salespersons,41-2031,"[""41-2031""]",[515],[],515,"[""41-2031""]","[""41-2031""]","[""41-2031""]",[],[],[],[],1,1,1,COMPLETE_DOCUMENTED,detailed,covered,"Equal rated O*NET children within detailed SOC, then equal detailed SOC members; fully rated groups only",SINGLE_RATED_MEMBER,41,[],[],"{""pums_url"": ""https://www2.census.gov/programs-surveys/demo/guidance/industry-occupation/2018-ACS-PUMS-and-2018-SIPP-Public-Use-Occupation-Code-List.xlsx"", ""pums_sheet"": ""ACS"", ""bls_url"": ""https://www.bls.gov/soc/2018/soc_structure_2018.pdf"", ""onet_url"": ""https://www.onetcenter.org/taxonomy/2019/soc/2019_to_SOC_Crosswalk.xlsx?fmt=xlsx""}",PROVISIONAL_AUDIT_NOT_FINAL,0.3421052631578947,0.3421052631578947,0.3421052631578947,0.3421052631578947,0.3421052631578947,0.3421052631578947,0.3421052631578947,
4800,413011,Advertising sales agents,41-3011,"[""41-3011""]",[516],[],516,"[""41-3011""]","[""41-3011""]","[""41-3011""]",[],[],[],[],1,1,1,COMPLETE_DOCUMENTED,detailed,covered,"Equal rated O*NET children within detailed SOC, then equal detailed SOC members; fully rated groups only",SINGLE_RATED_MEMBER,41,[],[],"{""pums_url"": ""https://www2.census.gov/programs-surveys/demo/guidance/industry-occupation/2018-ACS-PUMS-and-2018-SIPP-Public-Use-Occupation-Code-List.xlsx"", ""pums_sheet"": ""ACS"", ""bls_url"": ""https://www.bls.gov/soc/2018/soc_structure_2018.pdf"", ""onet_url"": ""https://www.onetcenter.org/taxonomy/2019/soc/2019_to_SOC_Crosswalk.xlsx?fmt=xlsx""}",PROVISIONAL_AUDIT_NOT_FINAL,0.5384615384615384,0.5384615384615384,0.5384615384615384,0.5384615384615384,0.5384615384615384,0.5384615384615384,0.5384615384615384,
4810,413021,Insurance sales agents,41-3021,"[""41-3021""]",[517],[],517,"[""41-3021""]","[""41-3021""]","[""41-3021""]",[],[],[],[],1,1,1,COMPLETE_DOCUMENTED,detailed,covered,"Equal rated O*NET children within detailed SOC, then equal detailed SOC members; fully rated groups only",SINGLE_RATED_MEMBER,41,[],[],"{""pums_url"": ""https://www2.census.gov/programs-surveys/demo/guidance/industry-occupation/2018-ACS-PUMS-and-2018-SIPP-Public-Use-Occupation-Code-List.xlsx"", ""pums_sheet"": ""ACS"", ""bls_url"": ""https://www.bls.gov/soc/2018/soc_structure_2018.pdf"", ""onet_url"": ""https://www.onetcenter.org/taxonomy/2019/soc/2019_to_SOC_Crosswalk.xlsx?fmt=xlsx""}",PROVISIONAL_AUDIT_NOT_FINAL,0.5757575757575758,0.5757575757575758,0.5757575757575758,0.5757575757575758,0.5757575757575758,0.5757575757575758,0.5757575757575758,
4820,413031,"Securities, commodities, and financial services sales agents",41-3031,"[""41-3031""]",[518],[],518,"[""41-3031""]","[""41-3031""]","[""41-3031""]",[],[],[],[],1,1,1,COMPLETE_DOCUMENTED,detailed,covered,"Equal rated O*NET children within detailed SOC, then equal detailed SOC members; fully rated groups only",SINGLE_RATED_MEMBER,41,[],[],"{""pums_url"": ""https://www2.census.gov/programs-surveys/demo/guidance/industry-occupation/2018-ACS-PUMS-and-2018-SIPP-Public-Use-Occupation-Code-List.xlsx"", ""pums_sheet"": ""ACS"", ""bls_url"": ""https://www.bls.gov/soc/2018/soc_structure_2018.pdf"", ""onet_url"": ""https://www.onetcenter.org/taxonomy/2019/soc/2019_to_SOC_Crosswalk.xlsx?fmt=xlsx""}",PROVISIONAL_AUDIT_NOT_FINAL,0.6057692307692308,0.6057692307692308,0.6057692307692308,0.6057692307692308,0.6057692307692308,0.6057692307692308,0.6057692307692308,
4830,413041,Travel agents,41-3041,"[""41-3041""]",[519],[],519,"[""41-3041""]","[""41-3041""]","[""41-3041""]",[],[],[],[],1,1,1,COMPLETE_DOCUMENTED,detailed,covered,"Equal rated O*NET children within detailed SOC, then equal detailed SOC members; fully rated groups only",SINGLE_RATED_MEMBER,41,[],[],"{""pums_url"": ""https://www2.census.gov/programs-surveys/demo/guidance/industry-occupation/2018-ACS-PUMS-and-2018-SIPP-Public-Use-Occupation-Code-List.xlsx"", ""pums_sheet"": ""ACS"", ""bls_url"": ""https://www.bls.gov/soc/2018/soc_structure_2018.pdf"", ""onet_url"": ""https://www.onetcenter.org/taxonomy/2019/soc/2019_to_SOC_Crosswalk.xlsx?fmt=xlsx""}",PROVISIONAL_AUDIT_NOT_FINAL,0.5625,0.5625,0.5625,0.5625,0.5625,0.5625,0.5625,
4840,413091,"Sales representatives of services, except advertising, insurance, financial services, and travel",41-3091,"[""41-3091""]",[520],[],520,"[""41-3091""]","[""41-3091""]","[""41-3091""]",[],[],[],[],1,1,1,COMPLETE_DOCUMENTED,detailed,covered,"Equal rated O*NET children within detailed SOC, then equal detailed SOC members; fully rated groups only",SINGLE_RATED_MEMBER,41,[],[],"{""pums_url"": ""https://www2.census.gov/programs-surveys/demo/guidance/industry-occupation/2018-ACS-PUMS-and-2018-SIPP-Public-Use-Occupation-Code-List.xlsx"", ""pums_sheet"": ""ACS"", ""bls_url"": ""https://www.bls.gov/soc/2018/soc_structure_2018.pdf"", ""onet_url"": ""https://www.onetcenter.org/taxonomy/2019/soc/2019_to_SOC_Crosswalk.xlsx?fmt=xlsx""}",PROVISIONAL_AUDIT_NOT_FINAL,0.6333333333333333,0.6333333333333333,0.6333333333333333,0.6333333333333333,0.6333333333333333,0.6333333333333333,0.6333333333333333,
4850,414010,"Sales representatives, wholesale and manufacturing",41-4010,"[""41-4010""]",[521],[],521,"[""41-4011"", ""41-4012""]","[""41-4011"", ""41-4012""]","[""41-4011"", ""41-4012""]",[],[],[],[],2,2,2,COMPLETE_DOCUMENTED,broad,covered,"Equal rated O*NET children within detailed SOC, then equal detailed SOC members; fully rated groups only",UNKNOWN_INTERNAL_EMPLOYMENT_SHARES,41,[],[],"{""pums_url"": ""https://www2.census.gov/programs-surveys/demo/guidance/industry-occupation/2018-ACS-PUMS-and-2018-SIPP-Public-Use-Occupation-Code-List.xlsx"", ""pums_sheet"": ""ACS"", ""bls_url"": ""https://www.bls.gov/soc/2018/soc_structure_2018.pdf"", ""onet_url"": ""https://www.onetcenter.org/taxonomy/2019/soc/2019_to_SOC_Crosswalk.xlsx?fmt=xlsx""}",PROVISIONAL_AUDIT_NOT_FINAL,0.5595013727953837,0.5595013727953837,0.539105278669707,0.4615384615384615,0.6206896551724138,0.5595013727953837,0.5595013727953837,
4900,419010,"Models, demonstrators, and product promoters",41-9010,"[""41-9010""]",[522],[],522,"[""41-9011"", ""41-9012""]","[""41-9011"", ""41-9012""]","[""41-9011"", ""41-9012""]",[],[],[],[],2,2,2,COMPLETE_DOCUMENTED,broad,covered,"Equal rated O*NET children within detailed SOC, then equal detailed SOC members; fully rated groups only",UNKNOWN_INTERNAL_EMPLOYMENT_SHARES,41,[],[],"{""pums_url"": ""https://www2.census.gov/programs-surveys/demo/guidance/industry-occupation/2018-ACS-PUMS-and-2018-SIPP-Public-Use-Occupation-Code-List.xlsx"", ""pums_sheet"": ""ACS"", ""bls_url"": ""https://www.bls.gov/soc/2018/soc_structure_2018.pdf"", ""onet_url"": ""https://www.onetcenter.org/taxonomy/2019/soc/2019_to_SOC_Crosswalk.xlsx?fmt=xlsx""}",PROVISIONAL_AUDIT_NOT_FINAL,0.18076923076923074,0.18076923076923074,0.18076923076923074,0.1282051282051282,0.2333333333333333,0.18076923076923074,0.18076923076923074,
4920,419020,Real estate brokers and sales agents,41-9020,"[""41-9020""]",[523],[],523,"[""41-9021"", ""41-9022""]","[""41-9021"", ""41-9022""]","[""41-9021"", ""41-9022""]",[],[],[],[],2,2,2,COMPLETE_DOCUMENTED,broad,covered,"Equal rated O*NET children within detailed SOC, then equal detailed SOC members; fully rated groups only",UNKNOWN_INTERNAL_EMPLOYMENT_SHARES,41,[],[],"{""pums_url"": ""https://www2.census.gov/programs-surveys/demo/guidance/industry-occupation/2018-ACS-PUMS-and-2018-SIPP-Public-Use-Occupation-Code-List.xlsx"", ""pums_sheet"": ""ACS"", ""bls_url"": ""https://www.bls.gov/soc/2018/soc_structure_2018.pdf"", ""onet_url"": ""https://www.onetcenter.org/taxonomy/2019/soc/2019_to_SOC_Crosswalk.xlsx?fmt=xlsx""}",PROVISIONAL_AUDIT_NOT_FINAL,0.46875,0.46875,0.46875,0.4375,0.5,0.46875,0.46875,
4930,419031,Sales engineers,41-9031,"[""41-9031""]",[524],[],524,"[""41-9031""]","[""41-9031""]","[""41-9031""]",[],[],[],[],1,1,1,COMPLETE_DOCUMENTED,detailed,covered,"Equal rated O*NET children within detailed SOC, then equal detailed SOC members; fully rated groups only",SINGLE_RATED_MEMBER,41,[],[],"{""pums_url"": ""https://www2.census.gov/programs-surveys/demo/guidance/industry-occupation/2018-ACS-PUMS-and-2018-SIPP-Public-Use-Occupation-Code-List.xlsx"", ""pums_sheet"": ""ACS"", ""bls_url"": ""https://www.bls.gov/soc/2018/soc_structure_2018.pdf"", ""onet_url"": ""https://www.onetcenter.org/taxonomy/2019/soc/2019_to_SOC_Crosswalk.xlsx?fmt=xlsx""}",PROVISIONAL_AUDIT_NOT_FINAL,0.5113636363636364,0.5113636363636364,0.5113636363636364,0.5113636363636364,0.5113636363636364,0.5113636363636364,0.5113636363636364,
4940,419041,Telemarketers,41-9041,"[""41-9041""]",[525],[],525,"[""41-9041""]","[""41-9041""]","[""41-9041""]",[],[],[],[],1,1,1,COMPLETE_DOCUMENTED,detailed,covered,"Equal rated O*NET children within detailed SOC, then equal detailed SOC members; fully rated groups only",SINGLE_RATED_MEMBER,41,[],[],"{""pums_url"": ""https://www2.census.gov/programs-surveys/demo/guidance/industry-occupation/2018-ACS-PUMS-and-2018-SIPP-Public-Use-Occupation-Code-List.xlsx"", ""pums_sheet"": ""ACS"", ""bls_url"": ""https://www.bls.gov/soc/2018/soc_structure_2018.pdf"", ""onet_url"": ""https://www.onetcenter.org/taxonomy/2019/soc/2019_to_SOC_Crosswalk.xlsx?fmt=xlsx""}",PROVISIONAL_AUDIT_NOT_FINAL,0.8055555555555555,0.8055555555555555,0.8055555555555555,0.8055555555555555,0.8055555555555555,0.8055555555555555,0.8055555555555555,
4950,419091,"Door-to-door sales workers, news and street vendors, and related workers",41-9091,"[""41-9091""]",[526],[],526,"[""41-9091""]","[""41-9091""]","[""41-9091""]",[],[],[],[],1,1,1,COMPLETE_DOCUMENTED,detailed,covered,"Equal rated O*NET children within detailed SOC, then equal detailed SOC members; fully rated groups only",SINGLE_RATED_MEMBER,41,[],[],"{""pums_url"": ""https://www2.census.gov/programs-surveys/demo/guidance/industry-occupation/2018-ACS-PUMS-and-2018-SIPP-Public-Use-Occupation-Code-List.xlsx"", ""pums_sheet"": ""ACS"", ""bls_url"": ""https://www.bls.gov/soc/2018/soc_structure_2018.pdf"", ""onet_url"": ""https://www.onetcenter.org/taxonomy/2019/soc/2019_to_SOC_Crosswalk.xlsx?fmt=xlsx""}",PROVISIONAL_AUDIT_NOT_FINAL,0.2608695652173913,0.2608695652173913,0.2608695652173913,0.2608695652173913,0.2608695652173913,0.2608695652173913,0.2608695652173913,
4965,419099,"Sales and related workers, all other",41-9099,"[""41-9099""]",[527],[],527,"[""41-9099""]",[],[],"[""41-9099""]",[],"[""41-9099""]",[],1,0,0,COMPLETE_DOCUMENTED,detailed,B_unrated_detailed_or_child,"Equal rated O*NET children within detailed SOC, then equal detailed SOC members; fully rated groups only",SINGLE_RATED_MEMBER,41,"[""41-9099""]","[""41-9099.00""]","{""pums_url"": ""https://www2.census.gov/programs-surveys/demo/guidance/industry-occupation/2018-ACS-PUMS-and-2018-SIPP-Public-Use-Occupation-Code-List.xlsx"", ""pums_sheet"": ""ACS"", ""bls_url"": ""https://www.bls.gov/soc/2018/soc_structure_2018.pdf"", ""onet_url"": ""https://www.onetcenter.org/taxonomy/2019/soc/2019_to_SOC_Crosswalk.xlsx?fmt=xlsx""}",PROVISIONAL_AUDIT_NOT_FINAL,,,,,,0.0,1.0,
5000,431011,First-line supervisors of office and administrative support workers,43-1011,"[""43-1011""]",[531],[],531,"[""43-1011""]","[""43-1011""]","[""43-1011""]",[],[],[],[],1,1,1,COMPLETE_DOCUMENTED,detailed,covered,"Equal rated O*NET children within detailed SOC, then equal detailed SOC members; fully rated groups only",SINGLE_RATED_MEMBER,43,[],[],"{""pums_url"": ""https://www2.census.gov/programs-surveys/demo/guidance/industry-occupation/2018-ACS-PUMS-and-2018-SIPP-Public-Use-Occupation-Code-List.xlsx"", ""pums_sheet"": ""ACS"", ""bls_url"": ""https://www.bls.gov/soc/2018/soc_structure_2018.pdf"", ""onet_url"": ""https://www.onetcenter.org/taxonomy/2019/soc/2019_to_SOC_Crosswalk.xlsx?fmt=xlsx""}",PROVISIONAL_AUDIT_NOT_FINAL,0.4895833333333333,0.4895833333333333,0.4895833333333333,0.4895833333333333,0.4895833333333333,0.4895833333333333,0.4895833333333333,
5010,432011,"Switchboard operators, including answering service",43-2011,"[""43-2011""]",[532],[],532,"[""43-2011""]","[""43-2011""]","[""43-2011""]",[],[],[],[],1,1,1,COMPLETE_DOCUMENTED,detailed,covered,"Equal rated O*NET children within detailed SOC, then equal detailed SOC members; fully rated groups only",SINGLE_RATED_MEMBER,43,[],[],"{""pums_url"": ""https://www2.census.gov/programs-surveys/demo/guidance/industry-occupation/2018-ACS-PUMS-and-2018-SIPP-Public-Use-Occupation-Code-List.xlsx"", ""pums_sheet"": ""ACS"", ""bls_url"": ""https://www.bls.gov/soc/2018/soc_structure_2018.pdf"", ""onet_url"": ""https://www.onetcenter.org/taxonomy/2019/soc/2019_to_SOC_Crosswalk.xlsx?fmt=xlsx""}",PROVISIONAL_AUDIT_NOT_FINAL,0.6290322580645161,0.6290322580645161,0.6290322580645161,0.6290322580645161,0.6290322580645161,0.6290322580645161,0.6290322580645161,
5020,432021,Telephone operators,43-2021,"[""43-2021""]",[533],[],533,"[""43-2021""]","[""43-2021""]","[""43-2021""]",[],[],[],[],1,1,1,COMPLETE_DOCUMENTED,detailed,covered,"Equal rated O*NET children within detailed SOC, then equal detailed SOC members; fully rated groups only",SINGLE_RATED_MEMBER,43,[],[],"{""pums_url"": ""https://www2.census.gov/programs-surveys/demo/guidance/industry-occupation/2018-ACS-PUMS-and-2018-SIPP-Public-Use-Occupation-Code-List.xlsx"", ""pums_sheet"": ""ACS"", ""bls_url"": ""https://www.bls.gov/soc/2018/soc_structure_2018.pdf"", ""onet_url"": ""https://www.onetcenter.org/taxonomy/2019/soc/2019_to_SOC_Crosswalk.xlsx?fmt=xlsx""}",PROVISIONAL_AUDIT_NOT_FINAL,0.894736842105263,0.894736842105263,0.894736842105263,0.894736842105263,0.894736842105263,0.894736842105263,0.894736842105263,
5040,432099,"Communications equipment operators, all other",43-2099,"[""43-2099""]",[534],[],534,"[""43-2099""]",[],[],"[""43-2099""]",[],"[""43-2099""]",[],1,0,0,COMPLETE_DOCUMENTED,detailed,B_unrated_detailed_or_child,"Equal rated O*NET children within detailed SOC, then equal detailed SOC members; fully rated groups only",SINGLE_RATED_MEMBER,43,"[""43-2099""]","[""43-2099.00""]","{""pums_url"": ""https://www2.census.gov/programs-surveys/demo/guidance/industry-occupation/2018-ACS-PUMS-and-2018-SIPP-Public-Use-Occupation-Code-List.xlsx"", ""pums_sheet"": ""ACS"", ""bls_url"": ""https://www.bls.gov/soc/2018/soc_structure_2018.pdf"", ""onet_url"": ""https://www.onetcenter.org/taxonomy/2019/soc/2019_to_SOC_Crosswalk.xlsx?fmt=xlsx""}",PROVISIONAL_AUDIT_NOT_FINAL,,,,,,0.0,1.0,
5100,433011,Bill and account collectors,43-3011,"[""43-3011""]",[535],[],535,"[""43-3011""]","[""43-3011""]","[""43-3011""]",[],[],[],[],1,1,1,COMPLETE_DOCUMENTED,detailed,covered,"Equal rated O*NET children within detailed SOC, then equal detailed SOC members; fully rated groups only",SINGLE_RATED_MEMBER,43,[],[],"{""pums_url"": ""https://www2.census.gov/programs-surveys/demo/guidance/industry-occupation/2018-ACS-PUMS-and-2018-SIPP-Public-Use-Occupation-Code-List.xlsx"", ""pums_sheet"": ""ACS"", ""bls_url"": ""https://www.bls.gov/soc/2018/soc_structure_2018.pdf"", ""onet_url"": ""https://www.onetcenter.org/taxonomy/2019/soc/2019_to_SOC_Crosswalk.xlsx?fmt=xlsx""}",PROVISIONAL_AUDIT_NOT_FINAL,0.6964285714285714,0.6964285714285714,0.6964285714285714,0.6964285714285714,0.6964285714285714,0.6964285714285714,0.6964285714285714,
5110,433021,Billing and posting clerks,43-3021,"[""43-3021""]",[536],[],536,"[""43-3021""]","[""43-3021""]","[""43-3021""]",[],[],[],[],1,1,1,COMPLETE_DOCUMENTED,detailed,covered,"Equal rated O*NET children within detailed SOC, then equal detailed SOC members; fully rated groups only",SINGLE_RATED_MEMBER,43,[],[],"{""pums_url"": ""https://www2.census.gov/programs-surveys/demo/guidance/industry-occupation/2018-ACS-PUMS-and-2018-SIPP-Public-Use-Occupation-Code-List.xlsx"", ""pums_sheet"": ""ACS"", ""bls_url"": ""https://www.bls.gov/soc/2018/soc_structure_2018.pdf"", ""onet_url"": ""https://www.onetcenter.org/taxonomy/2019/soc/2019_to_SOC_Crosswalk.xlsx?fmt=xlsx""}",PROVISIONAL_AUDIT_NOT_FINAL,0.7738095238095237,0.7738095238095237,0.7738095238095237,0.7738095238095237,0.7738095238095237,0.7738095238095237,0.7738095238095237,
5120,433031,"Bookkeeping, accounting, and auditing clerks",43-3031,"[""43-3031""]",[537],[],537,"[""43-3031""]","[""43-3031""]","[""43-3031""]",[],[],[],[],1,1,1,COMPLETE_DOCUMENTED,detailed,covered,"Equal rated O*NET children within detailed SOC, then equal detailed SOC members; fully rated groups only",SINGLE_RATED_MEMBER,43,[],[],"{""pums_url"": ""https://www2.census.gov/programs-surveys/demo/guidance/industry-occupation/2018-ACS-PUMS-and-2018-SIPP-Public-Use-Occupation-Code-List.xlsx"", ""pums_sheet"": ""ACS"", ""bls_url"": ""https://www.bls.gov/soc/2018/soc_structure_2018.pdf"", ""onet_url"": ""https://www.onetcenter.org/taxonomy/2019/soc/2019_to_SOC_Crosswalk.xlsx?fmt=xlsx""}",PROVISIONAL_AUDIT_NOT_FINAL,0.8023255813953488,0.8023255813953488,0.8023255813953488,0.8023255813953488,0.8023255813953488,0.8023255813953488,0.8023255813953488,
5140,433051,Payroll and timekeeping clerks,43-3051,"[""43-3051""]",[538],[],538,"[""43-3051""]","[""43-3051""]","[""43-3051""]",[],[],[],[],1,1,1,COMPLETE_DOCUMENTED,detailed,covered,"Equal rated O*NET children within detailed SOC, then equal detailed SOC members; fully rated groups only",SINGLE_RATED_MEMBER,43,[],[],"{""pums_url"": ""https://www2.census.gov/programs-surveys/demo/guidance/industry-occupation/2018-ACS-PUMS-and-2018-SIPP-Public-Use-Occupation-Code-List.xlsx"", ""pums_sheet"": ""ACS"", ""bls_url"": ""https://www.bls.gov/soc/2018/soc_structure_2018.pdf"", ""onet_url"": ""https://www.onetcenter.org/taxonomy/2019/soc/2019_to_SOC_Crosswalk.xlsx?fmt=xlsx""}",PROVISIONAL_AUDIT_NOT_FINAL,0.8378378378378379,0.8378378378378379,0.8378378378378379,0.8378378378378379,0.8378378378378379,0.8378378378378379,0.8378378378378379,
5150,433061,Procurement clerks,43-3061,"[""43-3061""]",[539],[],539,"[""43-3061""]","[""43-3061""]","[""43-3061""]",[],[],[],[],1,1,1,COMPLETE_DOCUMENTED,detailed,covered,"Equal rated O*NET children within detailed SOC, then equal detailed SOC members; fully rated groups only",SINGLE_RATED_MEMBER,43,[],[],"{""pums_url"": ""https://www2.census.gov/programs-surveys/demo/guidance/industry-occupation/2018-ACS-PUMS-and-2018-SIPP-Public-Use-Occupation-Code-List.xlsx"", ""pums_sheet"": ""ACS"", ""bls_url"": ""https://www.bls.gov/soc/2018/soc_structure_2018.pdf"", ""onet_url"": ""https://www.onetcenter.org/taxonomy/2019/soc/2019_to_SOC_Crosswalk.xlsx?fmt=xlsx""}",PROVISIONAL_AUDIT_NOT_FINAL,0.6142857142857142,0.6142857142857142,0.6142857142857142,0.6142857142857142,0.6142857142857142,0.6142857142857142,0.6142857142857142,
5160,433071,Tellers,43-3071,"[""43-3071""]",[540],[],540,"[""43-3071""]","[""43-3071""]","[""43-3071""]",[],[],[],[],1,1,1,COMPLETE_DOCUMENTED,detailed,covered,"Equal rated O*NET children within detailed SOC, then equal detailed SOC members; fully rated groups only",SINGLE_RATED_MEMBER,43,[],[],"{""pums_url"": ""https://www2.census.gov/programs-surveys/demo/guidance/industry-occupation/2018-ACS-PUMS-and-2018-SIPP-Public-Use-Occupation-Code-List.xlsx"", ""pums_sheet"": ""ACS"", ""bls_url"": ""https://www.bls.gov/soc/2018/soc_structure_2018.pdf"", ""onet_url"": ""https://www.onetcenter.org/taxonomy/2019/soc/2019_to_SOC_Crosswalk.xlsx?fmt=xlsx""}",PROVISIONAL_AUDIT_NOT_FINAL,0.5416666666666666,0.5416666666666666,0.5416666666666666,0.5416666666666666,0.5416666666666666,0.5416666666666666,0.5416666666666666,
5165,4330XX,Other financial clerks,43-30XX,"[""43-3041"", ""43-3099""]","[543, 544]",[],541,"[""43-3041"", ""43-3099""]","[""43-3041""]","[""43-3041""]","[""43-3099""]",[],"[""43-3099""]",[],2,1,1,COMPLETE_DOCUMENTED,Census composite X/Y,B_unrated_detailed_or_child,"Equal rated O*NET children within detailed SOC, then equal detailed SOC members; fully rated groups only",UNKNOWN_INTERNAL_EMPLOYMENT_SHARES,43,"[""43-3099""]","[""43-3099.00""]","{""pums_url"": ""https://www2.census.gov/programs-surveys/demo/guidance/industry-occupation/2018-ACS-PUMS-and-2018-SIPP-Public-Use-Occupation-Code-List.xlsx"", ""pums_sheet"": ""ACS"", ""bls_url"": ""https://www.bls.gov/soc/2018/soc_structure_2018.pdf"", ""onet_url"": ""https://www.onetcenter.org/taxonomy/2019/soc/2019_to_SOC_Crosswalk.xlsx?fmt=xlsx""}",PROVISIONAL_AUDIT_NOT_FINAL,,,,,,0.0,1.0,
5220,434031,"Court, municipal, and license clerks",43-4031,"[""43-4031""]",[545],[],545,"[""43-4031""]","[""43-4031""]","[""43-4031""]",[],[],[],[],1,1,1,COMPLETE_DOCUMENTED,detailed,covered,"Equal rated O*NET children within detailed SOC, then equal detailed SOC members; fully rated groups only",SINGLE_RATED_MEMBER,43,[],[],"{""pums_url"": ""https://www2.census.gov/programs-surveys/demo/guidance/industry-occupation/2018-ACS-PUMS-and-2018-SIPP-Public-Use-Occupation-Code-List.xlsx"", ""pums_sheet"": ""ACS"", ""bls_url"": ""https://www.bls.gov/soc/2018/soc_structure_2018.pdf"", ""onet_url"": ""https://www.onetcenter.org/taxonomy/2019/soc/2019_to_SOC_Crosswalk.xlsx?fmt=xlsx""}",PROVISIONAL_AUDIT_NOT_FINAL,0.7,0.7,0.7,0.7,0.7,0.7,0.7,
5230,434041,"Credit authorizers, checkers, and clerks",43-4041,"[""43-4041""]",[546],[],546,"[""43-4041""]","[""43-4041""]","[""43-4041""]",[],[],[],[],1,1,1,COMPLETE_DOCUMENTED,detailed,covered,"Equal rated O*NET children within detailed SOC, then equal detailed SOC members; fully rated groups only",SINGLE_RATED_MEMBER,43,[],[],"{""pums_url"": ""https://www2.census.gov/programs-surveys/demo/guidance/industry-occupation/2018-ACS-PUMS-and-2018-SIPP-Public-Use-Occupation-Code-List.xlsx"", ""pums_sheet"": ""ACS"", ""bls_url"": ""https://www.bls.gov/soc/2018/soc_structure_2018.pdf"", ""onet_url"": ""https://www.onetcenter.org/taxonomy/2019/soc/2019_to_SOC_Crosswalk.xlsx?fmt=xlsx""}",PROVISIONAL_AUDIT_NOT_FINAL,0.65,0.65,0.65,0.65,0.65,0.65,0.65,
5240,434051,Customer service representatives,43-4051,"[""43-4051""]",[547],[],547,"[""43-4051""]","[""43-4051""]","[""43-4051""]",[],[],[],[],1,1,1,COMPLETE_DOCUMENTED,detailed,covered,"Equal rated O*NET children within detailed SOC, then equal detailed SOC members; fully rated groups only",SINGLE_RATED_MEMBER,43,[],[],"{""pums_url"": ""https://www2.census.gov/programs-surveys/demo/guidance/industry-occupation/2018-ACS-PUMS-and-2018-SIPP-Public-Use-Occupation-Code-List.xlsx"", ""pums_sheet"": ""ACS"", ""bls_url"": ""https://www.bls.gov/soc/2018/soc_structure_2018.pdf"", ""onet_url"": ""https://www.onetcenter.org/taxonomy/2019/soc/2019_to_SOC_Crosswalk.xlsx?fmt=xlsx""}",PROVISIONAL_AUDIT_NOT_FINAL,0.5681818181818182,0.5681818181818182,0.5681818181818182,0.5681818181818182,0.5681818181818182,0.5681818181818182,0.5681818181818182,
5250,434061,"Eligibility interviewers, government programs",43-4061,"[""43-4061""]",[548],[],548,"[""43-4061""]","[""43-4061""]","[""43-4061""]",[],[],[],[],1,1,1,COMPLETE_DOCUMENTED,detailed,covered,"Equal rated O*NET children within detailed SOC, then equal detailed SOC members; fully rated groups only",SINGLE_RATED_MEMBER,43,[],[],"{""pums_url"": ""https://www2.census.gov/programs-surveys/demo/guidance/industry-occupation/2018-ACS-PUMS-and-2018-SIPP-Public-Use-Occupation-Code-List.xlsx"", ""pums_sheet"": ""ACS"", ""bls_url"": ""https://www.bls.gov/soc/2018/soc_structure_2018.pdf"", ""onet_url"": ""https://www.onetcenter.org/taxonomy/2019/soc/2019_to_SOC_Crosswalk.xlsx?fmt=xlsx""}",PROVISIONAL_AUDIT_NOT_FINAL,0.68,0.68,0.68,0.68,0.68,0.68,0.68,
5260,434071,File clerks,43-4071,"[""43-4071""]",[549],[],549,"[""43-4071""]","[""43-4071""]","[""43-4071""]",[],[],[],[],1,1,1,COMPLETE_DOCUMENTED,detailed,covered,"Equal rated O*NET children within detailed SOC, then equal detailed SOC members; fully rated groups only",SINGLE_RATED_MEMBER,43,[],[],"{""pums_url"": ""https://www2.census.gov/programs-surveys/demo/guidance/industry-occupation/2018-ACS-PUMS-and-2018-SIPP-Public-Use-Occupation-Code-List.xlsx"", ""pums_sheet"": ""ACS"", ""bls_url"": ""https://www.bls.gov/soc/2018/soc_structure_2018.pdf"", ""onet_url"": ""https://www.onetcenter.org/taxonomy/2019/soc/2019_to_SOC_Crosswalk.xlsx?fmt=xlsx""}",PROVISIONAL_AUDIT_NOT_FINAL,0.7941176470588235,0.7941176470588235,0.7941176470588235,0.7941176470588235,0.7941176470588235,0.7941176470588235,0.7941176470588235,
5300,434081,"Hotel, motel, and resort desk clerks",43-4081,"[""43-4081""]",[550],[],550,"[""43-4081""]","[""43-4081""]","[""43-4081""]",[],[],[],[],1,1,1,COMPLETE_DOCUMENTED,detailed,covered,"Equal rated O*NET children within detailed SOC, then equal detailed SOC members; fully rated groups only",SINGLE_RATED_MEMBER,43,[],[],"{""pums_url"": ""https://www2.census.gov/programs-surveys/demo/guidance/industry-occupation/2018-ACS-PUMS-and-2018-SIPP-Public-Use-Occupation-Code-List.xlsx"", ""pums_sheet"": ""ACS"", ""bls_url"": ""https://www.bls.gov/soc/2018/soc_structure_2018.pdf"", ""onet_url"": ""https://www.onetcenter.org/taxonomy/2019/soc/2019_to_SOC_Crosswalk.xlsx?fmt=xlsx""}",PROVISIONAL_AUDIT_NOT_FINAL,0.5,0.5,0.5,0.5,0.5,0.5,0.5,
5310,434111,"Interviewers, except eligibility and loan",43-4111,"[""43-4111""]",[551],[],551,"[""43-4111""]","[""43-4111""]","[""43-4111""]",[],[],[],[],1,1,1,COMPLETE_DOCUMENTED,detailed,covered,"Equal rated O*NET children within detailed SOC, then equal detailed SOC members; fully rated groups only",SINGLE_RATED_MEMBER,43,[],[],"{""pums_url"": ""https://www2.census.gov/programs-surveys/demo/guidance/industry-occupation/2018-ACS-PUMS-and-2018-SIPP-Public-Use-Occupation-Code-List.xlsx"", ""pums_sheet"": ""ACS"", ""bls_url"": ""https://www.bls.gov/soc/2018/soc_structure_2018.pdf"", ""onet_url"": ""https://www.onetcenter.org/taxonomy/2019/soc/2019_to_SOC_Crosswalk.xlsx?fmt=xlsx""}",PROVISIONAL_AUDIT_NOT_FINAL,0.6724137931034483,0.6724137931034483,0.6724137931034483,0.6724137931034483,0.6724137931034483,0.6724137931034483,0.6724137931034483,
5320,434121,"Library assistants, clerical",43-4121,"[""43-4121""]",[552],[],552,"[""43-4121""]","[""43-4121""]","[""43-4121""]",[],[],[],[],1,1,1,COMPLETE_DOCUMENTED,detailed,covered,"Equal rated O*NET children within detailed SOC, then equal detailed SOC members; fully rated groups only",SINGLE_RATED_MEMBER,43,[],[],"{""pums_url"": ""https://www2.census.gov/programs-surveys/demo/guidance/industry-occupation/2018-ACS-PUMS-and-2018-SIPP-Public-Use-Occupation-Code-List.xlsx"", ""pums_sheet"": ""ACS"", ""bls_url"": ""https://www.bls.gov/soc/2018/soc_structure_2018.pdf"", ""onet_url"": ""https://www.onetcenter.org/taxonomy/2019/soc/2019_to_SOC_Crosswalk.xlsx?fmt=xlsx""}",PROVISIONAL_AUDIT_NOT_FINAL,0.5344827586206896,0.5344827586206896,0.5344827586206896,0.5344827586206896,0.5344827586206896,0.5344827586206896,0.5344827586206896,
5330,434131,Loan interviewers and clerks,43-4131,"[""43-4131""]",[553],[],553,"[""43-4131""]","[""43-4131""]","[""43-4131""]",[],[],[],[],1,1,1,COMPLETE_DOCUMENTED,detailed,covered,"Equal rated O*NET children within detailed SOC, then equal detailed SOC members; fully rated groups only",SINGLE_RATED_MEMBER,43,[],[],"{""pums_url"": ""https://www2.census.gov/programs-surveys/demo/guidance/industry-occupation/2018-ACS-PUMS-and-2018-SIPP-Public-Use-Occupation-Code-List.xlsx"", ""pums_sheet"": ""ACS"", ""bls_url"": ""https://www.bls.gov/soc/2018/soc_structure_2018.pdf"", ""onet_url"": ""https://www.onetcenter.org/taxonomy/2019/soc/2019_to_SOC_Crosswalk.xlsx?fmt=xlsx""}",PROVISIONAL_AUDIT_NOT_FINAL,0.59375,0.59375,0.59375,0.59375,0.59375,0.59375,0.59375,
5340,434141,New accounts clerks,43-4141,"[""43-4141""]",[554],[],554,"[""43-4141""]","[""43-4141""]","[""43-4141""]",[],[],[],[],1,1,1,COMPLETE_DOCUMENTED,detailed,covered,"Equal rated O*NET children within detailed SOC, then equal detailed SOC members; fully rated groups only",SINGLE_RATED_MEMBER,43,[],[],"{""pums_url"": ""https://www2.census.gov/programs-surveys/demo/guidance/industry-occupation/2018-ACS-PUMS-and-2018-SIPP-Public-Use-Occupation-Code-List.xlsx"", ""pums_sheet"": ""ACS"", ""bls_url"": ""https://www.bls.gov/soc/2018/soc_structure_2018.pdf"", ""onet_url"": ""https://www.onetcenter.org/taxonomy/2019/soc/2019_to_SOC_Crosswalk.xlsx?fmt=xlsx""}",PROVISIONAL_AUDIT_NOT_FINAL,0.56,0.56,0.56,0.56,0.56,0.56,0.56,
5350,434XXX,Correspondence clerks and order clerks,43-4XXX,"[""43-4021"", ""43-4151""]","[557, 558]",[],555,"[""43-4021"", ""43-4151""]","[""43-4021"", ""43-4151""]","[""43-4021"", ""43-4151""]",[],[],[],[],2,2,2,COMPLETE_DOCUMENTED,Census composite X/Y,covered,"Equal rated O*NET children within detailed SOC, then equal detailed SOC members; fully rated groups only",UNKNOWN_INTERNAL_EMPLOYMENT_SHARES,43,[],[],"{""pums_url"": ""https://www2.census.gov/programs-surveys/demo/guidance/industry-occupation/2018-ACS-PUMS-and-2018-SIPP-Public-Use-Occupation-Code-List.xlsx"", ""pums_sheet"": ""ACS"", ""bls_url"": ""https://www.bls.gov/soc/2018/soc_structure_2018.pdf"", ""onet_url"": ""https://www.onetcenter.org/taxonomy/2019/soc/2019_to_SOC_Crosswalk.xlsx?fmt=xlsx""}",PROVISIONAL_AUDIT_NOT_FINAL,0.8392857142857142,0.8392857142857142,0.8392857142857142,0.7142857142857143,0.9642857142857142,0.8392857142857142,0.8392857142857142,
5360,434161,"Human resources assistants, except payroll and timekeeping",43-4161,"[""43-4161""]",[559],[],559,"[""43-4161""]","[""43-4161""]","[""43-4161""]",[],[],[],[],1,1,1,COMPLETE_DOCUMENTED,detailed,covered,"Equal rated O*NET children within detailed SOC, then equal detailed SOC members; fully rated groups only",SINGLE_RATED_MEMBER,43,[],[],"{""pums_url"": ""https://www2.census.gov/programs-surveys/demo/guidance/industry-occupation/2018-ACS-PUMS-and-2018-SIPP-Public-Use-Occupation-Code-List.xlsx"", ""pums_sheet"": ""ACS"", ""bls_url"": ""https://www.bls.gov/soc/2018/soc_structure_2018.pdf"", ""onet_url"": ""https://www.onetcenter.org/taxonomy/2019/soc/2019_to_SOC_Crosswalk.xlsx?fmt=xlsx""}",PROVISIONAL_AUDIT_NOT_FINAL,0.6206896551724138,0.6206896551724138,0.6206896551724138,0.6206896551724138,0.6206896551724138,0.6206896551724138,0.6206896551724138,
5400,434171,Receptionists and information clerks,43-4171,"[""43-4171""]",[560],[],560,"[""43-4171""]","[""43-4171""]","[""43-4171""]",[],[],[],[],1,1,1,COMPLETE_DOCUMENTED,detailed,covered,"Equal rated O*NET children within detailed SOC, then equal detailed SOC members; fully rated groups only",SINGLE_RATED_MEMBER,43,[],[],"{""pums_url"": ""https://www2.census.gov/programs-surveys/demo/guidance/industry-occupation/2018-ACS-PUMS-and-2018-SIPP-Public-Use-Occupation-Code-List.xlsx"", ""pums_sheet"": ""ACS"", ""bls_url"": ""https://www.bls.gov/soc/2018/soc_structure_2018.pdf"", ""onet_url"": ""https://www.onetcenter.org/taxonomy/2019/soc/2019_to_SOC_Crosswalk.xlsx?fmt=xlsx""}",PROVISIONAL_AUDIT_NOT_FINAL,0.5333333333333333,0.5333333333333333,0.5333333333333333,0.5333333333333333,0.5333333333333333,0.5333333333333333,0.5333333333333333,
5410,434181,Reservation and transportation ticket agents and travel clerks,43-4181,"[""43-4181""]",[561],[],561,"[""43-4181""]","[""43-4181""]","[""43-4181""]",[],[],[],[],1,1,1,COMPLETE_DOCUMENTED,detailed,covered,"Equal rated O*NET children within detailed SOC, then equal detailed SOC members; fully rated groups only",SINGLE_RATED_MEMBER,43,[],[],"{""pums_url"": ""https://www2.census.gov/programs-surveys/demo/guidance/industry-occupation/2018-ACS-PUMS-and-2018-SIPP-Public-Use-Occupation-Code-List.xlsx"", ""pums_sheet"": ""ACS"", ""bls_url"": ""https://www.bls.gov/soc/2018/soc_structure_2018.pdf"", ""onet_url"": ""https://www.onetcenter.org/taxonomy/2019/soc/2019_to_SOC_Crosswalk.xlsx?fmt=xlsx""}",PROVISIONAL_AUDIT_NOT_FINAL,0.4571428571428571,0.4571428571428571,0.4571428571428571,0.4571428571428571,0.4571428571428571,0.4571428571428571,0.4571428571428571,
5420,434YYY,Other information and records clerks,43-4YYY,"[""43-4011"", ""43-4199""]","[564, 565]",[],562,"[""43-4011"", ""43-4199""]","[""43-4011""]","[""43-4011""]","[""43-4199""]",[],"[""43-4199""]",[],2,1,1,COMPLETE_DOCUMENTED,Census composite X/Y,B_unrated_detailed_or_child,"Equal rated O*NET children within detailed SOC, then equal detailed SOC members; fully rated groups only",UNKNOWN_INTERNAL_EMPLOYMENT_SHARES,43,"[""43-4199""]","[""43-4199.00""]","{""pums_url"": ""https://www2.census.gov/programs-surveys/demo/guidance/industry-occupation/2018-ACS-PUMS-and-2018-SIPP-Public-Use-Occupation-Code-List.xlsx"", ""pums_sheet"": ""ACS"", ""bls_url"": ""https://www.bls.gov/soc/2018/soc_structure_2018.pdf"", ""onet_url"": ""https://www.onetcenter.org/taxonomy/2019/soc/2019_to_SOC_Crosswalk.xlsx?fmt=xlsx""}",PROVISIONAL_AUDIT_NOT_FINAL,,,,,,0.0,1.0,
5500,435011,Cargo and freight agents,43-5011,"[""43-5011""]",[566],[],566,"[""43-5011""]","[""43-5011""]","[""43-5011""]",[],[],[],[],1,1,1,COMPLETE_DOCUMENTED,detailed,covered,"Equal rated O*NET children within detailed SOC, then equal detailed SOC members; fully rated groups only",UNKNOWN_INTERNAL_EMPLOYMENT_SHARES,43,[],[],"{""pums_url"": ""https://www2.census.gov/programs-surveys/demo/guidance/industry-occupation/2018-ACS-PUMS-and-2018-SIPP-Public-Use-Occupation-Code-List.xlsx"", ""pums_sheet"": ""ACS"", ""bls_url"": ""https://www.bls.gov/soc/2018/soc_structure_2018.pdf"", ""onet_url"": ""https://www.onetcenter.org/taxonomy/2019/soc/2019_to_SOC_Crosswalk.xlsx?fmt=xlsx""}",PROVISIONAL_AUDIT_NOT_FINAL,0.5273013150371642,0.5273013150371642,0.5273013150371642,0.4696969696969697,0.5849056603773585,0.5273013150371642,0.5273013150371642,
5510,435021,Couriers and messengers,43-5021,"[""43-5021""]",[567],[],567,"[""43-5021""]","[""43-5021""]","[""43-5021""]",[],[],[],[],1,1,1,COMPLETE_DOCUMENTED,detailed,covered,"Equal rated O*NET children within detailed SOC, then equal detailed SOC members; fully rated groups only",SINGLE_RATED_MEMBER,43,[],[],"{""pums_url"": ""https://www2.census.gov/programs-surveys/demo/guidance/industry-occupation/2018-ACS-PUMS-and-2018-SIPP-Public-Use-Occupation-Code-List.xlsx"", ""pums_sheet"": ""ACS"", ""bls_url"": ""https://www.bls.gov/soc/2018/soc_structure_2018.pdf"", ""onet_url"": ""https://www.onetcenter.org/taxonomy/2019/soc/2019_to_SOC_Crosswalk.xlsx?fmt=xlsx""}",PROVISIONAL_AUDIT_NOT_FINAL,0.3103448275862069,0.3103448275862069,0.3103448275862069,0.3103448275862069,0.3103448275862069,0.3103448275862069,0.3103448275862069,
5521,435031,Public safety telecommunicators,43-5031,"[""43-5031""]",[568],[],568,"[""43-5031""]","[""43-5031""]","[""43-5031""]",[],[],[],[],1,1,1,COMPLETE_DOCUMENTED,detailed,covered,"Equal rated O*NET children within detailed SOC, then equal detailed SOC members; fully rated groups only",SINGLE_RATED_MEMBER,43,[],[],"{""pums_url"": ""https://www2.census.gov/programs-surveys/demo/guidance/industry-occupation/2018-ACS-PUMS-and-2018-SIPP-Public-Use-Occupation-Code-List.xlsx"", ""pums_sheet"": ""ACS"", ""bls_url"": ""https://www.bls.gov/soc/2018/soc_structure_2018.pdf"", ""onet_url"": ""https://www.onetcenter.org/taxonomy/2019/soc/2019_to_SOC_Crosswalk.xlsx?fmt=xlsx""}",PROVISIONAL_AUDIT_NOT_FINAL,0.65625,0.65625,0.65625,0.65625,0.65625,0.65625,0.65625,
5522,435032,"Dispatchers, except police, fire, and ambulance",43-5032,"[""43-5032""]",[569],[],569,"[""43-5032""]","[""43-5032""]","[""43-5032""]",[],[],[],[],1,1,1,COMPLETE_DOCUMENTED,detailed,covered,"Equal rated O*NET children within detailed SOC, then equal detailed SOC members; fully rated groups only",SINGLE_RATED_MEMBER,43,[],[],"{""pums_url"": ""https://www2.census.gov/programs-surveys/demo/guidance/industry-occupation/2018-ACS-PUMS-and-2018-SIPP-Public-Use-Occupation-Code-List.xlsx"", ""pums_sheet"": ""ACS"", ""bls_url"": ""https://www.bls.gov/soc/2018/soc_structure_2018.pdf"", ""onet_url"": ""https://www.onetcenter.org/taxonomy/2019/soc/2019_to_SOC_Crosswalk.xlsx?fmt=xlsx""}",PROVISIONAL_AUDIT_NOT_FINAL,0.6739130434782609,0.6739130434782609,0.6739130434782609,0.6739130434782609,0.6739130434782609,0.6739130434782609,0.6739130434782609,
5530,435041,"Meter readers, utilities",43-5041,"[""43-5041""]",[570],[],570,"[""43-5041""]","[""43-5041""]","[""43-5041""]",[],[],[],[],1,1,1,COMPLETE_DOCUMENTED,detailed,covered,"Equal rated O*NET children within detailed SOC, then equal detailed SOC members; fully rated groups only",SINGLE_RATED_MEMBER,43,[],[],"{""pums_url"": ""https://www2.census.gov/programs-surveys/demo/guidance/industry-occupation/2018-ACS-PUMS-and-2018-SIPP-Public-Use-Occupation-Code-List.xlsx"", ""pums_sheet"": ""ACS"", ""bls_url"": ""https://www.bls.gov/soc/2018/soc_structure_2018.pdf"", ""onet_url"": ""https://www.onetcenter.org/taxonomy/2019/soc/2019_to_SOC_Crosswalk.xlsx?fmt=xlsx""}",PROVISIONAL_AUDIT_NOT_FINAL,0.4374999999999999,0.4374999999999999,0.4374999999999999,0.4374999999999999,0.4374999999999999,0.4374999999999999,0.4374999999999999,
5540,435051,Postal service clerks,43-5051,"[""43-5051""]",[571],[],571,"[""43-5051""]","[""43-5051""]","[""43-5051""]",[],[],[],[],1,1,1,COMPLETE_DOCUMENTED,detailed,covered,"Equal rated O*NET children within detailed SOC, then equal detailed SOC members; fully rated groups only",SINGLE_RATED_MEMBER,43,[],[],"{""pums_url"": ""https://www2.census.gov/programs-surveys/demo/guidance/industry-occupation/2018-ACS-PUMS-and-2018-SIPP-Public-Use-Occupation-Code-List.xlsx"", ""pums_sheet"": ""ACS"", ""bls_url"": ""https://www.bls.gov/soc/2018/soc_structure_2018.pdf"", ""onet_url"": ""https://www.onetcenter.org/taxonomy/2019/soc/2019_to_SOC_Crosswalk.xlsx?fmt=xlsx""}",PROVISIONAL_AUDIT_NOT_FINAL,0.3148148148148147,0.3148148148148147,0.3148148148148147,0.3148148148148147,0.3148148148148147,0.3148148148148147,0.3148148148148147,
5550,435052,Postal service mail carriers,43-5052,"[""43-5052""]",[572],[],572,"[""43-5052""]","[""43-5052""]","[""43-5052""]",[],[],[],[],1,1,1,COMPLETE_DOCUMENTED,detailed,covered,"Equal rated O*NET children within detailed SOC, then equal detailed SOC members; fully rated groups only",SINGLE_RATED_MEMBER,43,[],[],"{""pums_url"": ""https://www2.census.gov/programs-surveys/demo/guidance/industry-occupation/2018-ACS-PUMS-and-2018-SIPP-Public-Use-Occupation-Code-List.xlsx"", ""pums_sheet"": ""ACS"", ""bls_url"": ""https://www.bls.gov/soc/2018/soc_structure_2018.pdf"", ""onet_url"": ""https://www.onetcenter.org/taxonomy/2019/soc/2019_to_SOC_Crosswalk.xlsx?fmt=xlsx""}",PROVISIONAL_AUDIT_NOT_FINAL,0.2307692307692307,0.2307692307692307,0.2307692307692307,0.2307692307692307,0.2307692307692307,0.2307692307692307,0.2307692307692307,
5560,435053,"Postal service mail sorters, processors, and processing machine operators",43-5053,"[""43-5053""]",[573],[],573,"[""43-5053""]","[""43-5053""]","[""43-5053""]",[],[],[],[],1,1,1,COMPLETE_DOCUMENTED,detailed,covered,"Equal rated O*NET children within detailed SOC, then equal detailed SOC members; fully rated groups only",SINGLE_RATED_MEMBER,43,[],[],"{""pums_url"": ""https://www2.census.gov/programs-surveys/demo/guidance/industry-occupation/2018-ACS-PUMS-and-2018-SIPP-Public-Use-Occupation-Code-List.xlsx"", ""pums_sheet"": ""ACS"", ""bls_url"": ""https://www.bls.gov/soc/2018/soc_structure_2018.pdf"", ""onet_url"": ""https://www.onetcenter.org/taxonomy/2019/soc/2019_to_SOC_Crosswalk.xlsx?fmt=xlsx""}",PROVISIONAL_AUDIT_NOT_FINAL,0.1,0.1,0.1,0.1,0.1,0.1,0.1,
5600,435061,"Production, planning, and expediting clerks",43-5061,"[""43-5061""]",[574],[],574,"[""43-5061""]","[""43-5061""]","[""43-5061""]",[],[],[],[],1,1,1,COMPLETE_DOCUMENTED,detailed,covered,"Equal rated O*NET children within detailed SOC, then equal detailed SOC members; fully rated groups only",SINGLE_RATED_MEMBER,43,[],[],"{""pums_url"": ""https://www2.census.gov/programs-surveys/demo/guidance/industry-occupation/2018-ACS-PUMS-and-2018-SIPP-Public-Use-Occupation-Code-List.xlsx"", ""pums_sheet"": ""ACS"", ""bls_url"": ""https://www.bls.gov/soc/2018/soc_structure_2018.pdf"", ""onet_url"": ""https://www.onetcenter.org/taxonomy/2019/soc/2019_to_SOC_Crosswalk.xlsx?fmt=xlsx""}",PROVISIONAL_AUDIT_NOT_FINAL,0.5961538461538461,0.5961538461538461,0.5961538461538461,0.5961538461538461,0.5961538461538461,0.5961538461538461,0.5961538461538461,
5610,435071,"Shipping, receiving, and inventory clerks",43-5071,"[""43-5071""]",[575],[],575,"[""43-5071""]","[""43-5071""]","[""43-5071""]",[],[],[],[],1,1,1,COMPLETE_DOCUMENTED,detailed,covered,"Equal rated O*NET children within detailed SOC, then equal detailed SOC members; fully rated groups only",SINGLE_RATED_MEMBER,43,[],[],"{""pums_url"": ""https://www2.census.gov/programs-surveys/demo/guidance/industry-occupation/2018-ACS-PUMS-and-2018-SIPP-Public-Use-Occupation-Code-List.xlsx"", ""pums_sheet"": ""ACS"", ""bls_url"": ""https://www.bls.gov/soc/2018/soc_structure_2018.pdf"", ""onet_url"": ""https://www.onetcenter.org/taxonomy/2019/soc/2019_to_SOC_Crosswalk.xlsx?fmt=xlsx""}",PROVISIONAL_AUDIT_NOT_FINAL,0.5,0.5,0.5,0.5,0.5,0.5,0.5,
5630,435111,"Weighers, measurers, checkers, and samplers, recordkeeping",43-5111,"[""43-5111""]",[576],[],576,"[""43-5111""]","[""43-5111""]","[""43-5111""]",[],[],[],[],1,1,1,COMPLETE_DOCUMENTED,detailed,covered,"Equal rated O*NET children within detailed SOC, then equal detailed SOC members; fully rated groups only",SINGLE_RATED_MEMBER,43,[],[],"{""pums_url"": ""https://www2.census.gov/programs-surveys/demo/guidance/industry-occupation/2018-ACS-PUMS-and-2018-SIPP-Public-Use-Occupation-Code-List.xlsx"", ""pums_sheet"": ""ACS"", ""bls_url"": ""https://www.bls.gov/soc/2018/soc_structure_2018.pdf"", ""onet_url"": ""https://www.onetcenter.org/taxonomy/2019/soc/2019_to_SOC_Crosswalk.xlsx?fmt=xlsx""}",PROVISIONAL_AUDIT_NOT_FINAL,0.293103448275862,0.293103448275862,0.293103448275862,0.293103448275862,0.293103448275862,0.293103448275862,0.293103448275862,
5710,436011,Executive secretaries and executive administrative assistants,43-6011,"[""43-6011""]",[577],[],577,"[""43-6011""]","[""43-6011""]","[""43-6011""]",[],[],[],[],1,1,1,COMPLETE_DOCUMENTED,detailed,covered,"Equal rated O*NET children within detailed SOC, then equal detailed SOC members; fully rated groups only",SINGLE_RATED_MEMBER,43,[],[],"{""pums_url"": ""https://www2.census.gov/programs-surveys/demo/guidance/industry-occupation/2018-ACS-PUMS-and-2018-SIPP-Public-Use-Occupation-Code-List.xlsx"", ""pums_sheet"": ""ACS"", ""bls_url"": ""https://www.bls.gov/soc/2018/soc_structure_2018.pdf"", ""onet_url"": ""https://www.onetcenter.org/taxonomy/2019/soc/2019_to_SOC_Crosswalk.xlsx?fmt=xlsx""}",PROVISIONAL_AUDIT_NOT_FINAL,0.6486486486486487,0.6486486486486487,0.6486486486486487,0.6486486486486487,0.6486486486486487,0.6486486486486487,0.6486486486486487,
5720,436012,Legal secretaries and administrative assistants,43-6012,"[""43-6012""]",[578],[],578,"[""43-6012""]","[""43-6012""]","[""43-6012""]",[],[],[],[],1,1,1,COMPLETE_DOCUMENTED,detailed,covered,"Equal rated O*NET children within detailed SOC, then equal detailed SOC members; fully rated groups only",SINGLE_RATED_MEMBER,43,[],[],"{""pums_url"": ""https://www2.census.gov/programs-surveys/demo/guidance/industry-occupation/2018-ACS-PUMS-and-2018-SIPP-Public-Use-Occupation-Code-List.xlsx"", ""pums_sheet"": ""ACS"", ""bls_url"": ""https://www.bls.gov/soc/2018/soc_structure_2018.pdf"", ""onet_url"": ""https://www.onetcenter.org/taxonomy/2019/soc/2019_to_SOC_Crosswalk.xlsx?fmt=xlsx""}",PROVISIONAL_AUDIT_NOT_FINAL,0.6956521739130435,0.6956521739130435,0.6956521739130435,0.6956521739130435,0.6956521739130435,0.6956521739130435,0.6956521739130435,
5730,436013,Medical secretaries and administrative assistants,43-6013,"[""43-6013""]",[579],[],579,"[""43-6013""]","[""43-6013""]","[""43-6013""]",[],[],[],[],1,1,1,COMPLETE_DOCUMENTED,detailed,covered,"Equal rated O*NET children within detailed SOC, then equal detailed SOC members; fully rated groups only",SINGLE_RATED_MEMBER,43,[],[],"{""pums_url"": ""https://www2.census.gov/programs-surveys/demo/guidance/industry-occupation/2018-ACS-PUMS-and-2018-SIPP-Public-Use-Occupation-Code-List.xlsx"", ""pums_sheet"": ""ACS"", ""bls_url"": ""https://www.bls.gov/soc/2018/soc_structure_2018.pdf"", ""onet_url"": ""https://www.onetcenter.org/taxonomy/2019/soc/2019_to_SOC_Crosswalk.xlsx?fmt=xlsx""}",PROVISIONAL_AUDIT_NOT_FINAL,0.6666666666666666,0.6666666666666666,0.6666666666666666,0.6666666666666666,0.6666666666666666,0.6666666666666666,0.6666666666666666,
5740,436014,"Secretaries and administrative assistants, except legal, medical, and executive",43-6014,"[""43-6014""]",[580],[],580,"[""43-6014""]","[""43-6014""]","[""43-6014""]",[],[],[],[],1,1,1,COMPLETE_DOCUMENTED,detailed,covered,"Equal rated O*NET children within detailed SOC, then equal detailed SOC members; fully rated groups only",SINGLE_RATED_MEMBER,43,[],[],"{""pums_url"": ""https://www2.census.gov/programs-surveys/demo/guidance/industry-occupation/2018-ACS-PUMS-and-2018-SIPP-Public-Use-Occupation-Code-List.xlsx"", ""pums_sheet"": ""ACS"", ""bls_url"": ""https://www.bls.gov/soc/2018/soc_structure_2018.pdf"", ""onet_url"": ""https://www.onetcenter.org/taxonomy/2019/soc/2019_to_SOC_Crosswalk.xlsx?fmt=xlsx""}",PROVISIONAL_AUDIT_NOT_FINAL,0.6442307692307693,0.6442307692307693,0.6442307692307693,0.6442307692307693,0.6442307692307693,0.6442307692307693,0.6442307692307693,
5810,439021,Data entry keyers,43-9021,"[""43-9021""]",[581],[],581,"[""43-9021""]","[""43-9021""]","[""43-9021""]",[],[],[],[],1,1,1,COMPLETE_DOCUMENTED,detailed,covered,"Equal rated O*NET children within detailed SOC, then equal detailed SOC members; fully rated groups only",SINGLE_RATED_MEMBER,43,[],[],"{""pums_url"": ""https://www2.census.gov/programs-surveys/demo/guidance/industry-occupation/2018-ACS-PUMS-and-2018-SIPP-Public-Use-Occupation-Code-List.xlsx"", ""pums_sheet"": ""ACS"", ""bls_url"": ""https://www.bls.gov/soc/2018/soc_structure_2018.pdf"", ""onet_url"": ""https://www.onetcenter.org/taxonomy/2019/soc/2019_to_SOC_Crosswalk.xlsx?fmt=xlsx""}",PROVISIONAL_AUDIT_NOT_FINAL,0.8928571428571428,0.8928571428571428,0.8928571428571428,0.8928571428571428,0.8928571428571428,0.8928571428571428,0.8928571428571428,
5820,439022,Word processors and typists,43-9022,"[""43-9022""]",[582],[],582,"[""43-9022""]","[""43-9022""]","[""43-9022""]",[],[],[],[],1,1,1,COMPLETE_DOCUMENTED,detailed,covered,"Equal rated O*NET children within detailed SOC, then equal detailed SOC members; fully rated groups only",SINGLE_RATED_MEMBER,43,[],[],"{""pums_url"": ""https://www2.census.gov/programs-surveys/demo/guidance/industry-occupation/2018-ACS-PUMS-and-2018-SIPP-Public-Use-Occupation-Code-List.xlsx"", ""pums_sheet"": ""ACS"", ""bls_url"": ""https://www.bls.gov/soc/2018/soc_structure_2018.pdf"", ""onet_url"": ""https://www.onetcenter.org/taxonomy/2019/soc/2019_to_SOC_Crosswalk.xlsx?fmt=xlsx""}",PROVISIONAL_AUDIT_NOT_FINAL,0.7432432432432433,0.7432432432432433,0.7432432432432433,0.7432432432432433,0.7432432432432433,0.7432432432432433,0.7432432432432433,
5840,439041,Insurance claims and policy processing clerks,43-9041,"[""43-9041""]",[583],[],583,"[""43-9041""]","[""43-9041""]","[""43-9041""]",[],[],[],[],1,1,1,COMPLETE_DOCUMENTED,detailed,covered,"Equal rated O*NET children within detailed SOC, then equal detailed SOC members; fully rated groups only",SINGLE_RATED_MEMBER,43,[],[],"{""pums_url"": ""https://www2.census.gov/programs-surveys/demo/guidance/industry-occupation/2018-ACS-PUMS-and-2018-SIPP-Public-Use-Occupation-Code-List.xlsx"", ""pums_sheet"": ""ACS"", ""bls_url"": ""https://www.bls.gov/soc/2018/soc_structure_2018.pdf"", ""onet_url"": ""https://www.onetcenter.org/taxonomy/2019/soc/2019_to_SOC_Crosswalk.xlsx?fmt=xlsx""}",PROVISIONAL_AUDIT_NOT_FINAL,0.8333333333333333,0.8333333333333333,0.8333333333333333,0.8333333333333333,0.8333333333333333,0.8333333333333333,0.8333333333333333,
5850,439051,"Mail clerks and mail machine operators, except postal service",43-9051,"[""43-9051""]",[584],[],584,"[""43-9051""]","[""43-9051""]","[""43-9051""]",[],[],[],[],1,1,1,COMPLETE_DOCUMENTED,detailed,covered,"Equal rated O*NET children within detailed SOC, then equal detailed SOC members; fully rated groups only",SINGLE_RATED_MEMBER,43,[],[],"{""pums_url"": ""https://www2.census.gov/programs-surveys/demo/guidance/industry-occupation/2018-ACS-PUMS-and-2018-SIPP-Public-Use-Occupation-Code-List.xlsx"", ""pums_sheet"": ""ACS"", ""bls_url"": ""https://www.bls.gov/soc/2018/soc_structure_2018.pdf"", ""onet_url"": ""https://www.onetcenter.org/taxonomy/2019/soc/2019_to_SOC_Crosswalk.xlsx?fmt=xlsx""}",PROVISIONAL_AUDIT_NOT_FINAL,0.2162162162162162,0.2162162162162162,0.2162162162162162,0.2162162162162162,0.2162162162162162,0.2162162162162162,0.2162162162162162,
5860,439061,"Office clerks, general",43-9061,"[""43-9061""]",[585],[],585,"[""43-9061""]","[""43-9061""]","[""43-9061""]",[],[],[],[],1,1,1,COMPLETE_DOCUMENTED,detailed,covered,"Equal rated O*NET children within detailed SOC, then equal detailed SOC members; fully rated groups only",SINGLE_RATED_MEMBER,43,[],[],"{""pums_url"": ""https://www2.census.gov/programs-surveys/demo/guidance/industry-occupation/2018-ACS-PUMS-and-2018-SIPP-Public-Use-Occupation-Code-List.xlsx"", ""pums_sheet"": ""ACS"", ""bls_url"": ""https://www.bls.gov/soc/2018/soc_structure_2018.pdf"", ""onet_url"": ""https://www.onetcenter.org/taxonomy/2019/soc/2019_to_SOC_Crosswalk.xlsx?fmt=xlsx""}",PROVISIONAL_AUDIT_NOT_FINAL,0.5757575757575758,0.5757575757575758,0.5757575757575758,0.5757575757575758,0.5757575757575758,0.5757575757575758,0.5757575757575758,
5900,439071,"Office machine operators, except computer",43-9071,"[""43-9071""]",[586],[],586,"[""43-9071""]","[""43-9071""]","[""43-9071""]",[],[],[],[],1,1,1,COMPLETE_DOCUMENTED,detailed,covered,"Equal rated O*NET children within detailed SOC, then equal detailed SOC members; fully rated groups only",SINGLE_RATED_MEMBER,43,[],[],"{""pums_url"": ""https://www2.census.gov/programs-surveys/demo/guidance/industry-occupation/2018-ACS-PUMS-and-2018-SIPP-Public-Use-Occupation-Code-List.xlsx"", ""pums_sheet"": ""ACS"", ""bls_url"": ""https://www.bls.gov/soc/2018/soc_structure_2018.pdf"", ""onet_url"": ""https://www.onetcenter.org/taxonomy/2019/soc/2019_to_SOC_Crosswalk.xlsx?fmt=xlsx""}",PROVISIONAL_AUDIT_NOT_FINAL,0.3970588235294117,0.3970588235294117,0.3970588235294117,0.3970588235294117,0.3970588235294117,0.3970588235294117,0.3970588235294117,
5910,439081,Proofreaders and copy markers,43-9081,"[""43-9081""]",[587],[],587,"[""43-9081""]","[""43-9081""]","[""43-9081""]",[],[],[],[],1,1,1,COMPLETE_DOCUMENTED,detailed,covered,"Equal rated O*NET children within detailed SOC, then equal detailed SOC members; fully rated groups only",SINGLE_RATED_MEMBER,43,[],[],"{""pums_url"": ""https://www2.census.gov/programs-surveys/demo/guidance/industry-occupation/2018-ACS-PUMS-and-2018-SIPP-Public-Use-Occupation-Code-List.xlsx"", ""pums_sheet"": ""ACS"", ""bls_url"": ""https://www.bls.gov/soc/2018/soc_structure_2018.pdf"", ""onet_url"": ""https://www.onetcenter.org/taxonomy/2019/soc/2019_to_SOC_Crosswalk.xlsx?fmt=xlsx""}",PROVISIONAL_AUDIT_NOT_FINAL,0.975,0.975,0.975,0.975,0.975,0.975,0.975,
5920,439111,Statistical assistants,43-9111,"[""43-9111""]",[588],[],588,"[""43-9111""]","[""43-9111""]","[""43-9111""]",[],[],[],[],1,1,1,COMPLETE_DOCUMENTED,detailed,covered,"Equal rated O*NET children within detailed SOC, then equal detailed SOC members; fully rated groups only",SINGLE_RATED_MEMBER,43,[],[],"{""pums_url"": ""https://www2.census.gov/programs-surveys/demo/guidance/industry-occupation/2018-ACS-PUMS-and-2018-SIPP-Public-Use-Occupation-Code-List.xlsx"", ""pums_sheet"": ""ACS"", ""bls_url"": ""https://www.bls.gov/soc/2018/soc_structure_2018.pdf"", ""onet_url"": ""https://www.onetcenter.org/taxonomy/2019/soc/2019_to_SOC_Crosswalk.xlsx?fmt=xlsx""}",PROVISIONAL_AUDIT_NOT_FINAL,0.8913043478260869,0.8913043478260869,0.8913043478260869,0.8913043478260869,0.8913043478260869,0.8913043478260869,0.8913043478260869,
5940,439XXX,Other office and administrative support workers,43-9XXX,"[""43-9031"", ""43-9199""]","[591, 592]",[],589,"[""43-9031"", ""43-9199""]","[""43-9031""]","[""43-9031""]","[""43-9199""]",[],"[""43-9199""]",[],2,1,1,COMPLETE_DOCUMENTED,Census composite X/Y,B_unrated_detailed_or_child,"Equal rated O*NET children within detailed SOC, then equal detailed SOC members; fully rated groups only",UNKNOWN_INTERNAL_EMPLOYMENT_SHARES,43,"[""43-9199""]","[""43-9199.00""]","{""pums_url"": ""https://www2.census.gov/programs-surveys/demo/guidance/industry-occupation/2018-ACS-PUMS-and-2018-SIPP-Public-Use-Occupation-Code-List.xlsx"", ""pums_sheet"": ""ACS"", ""bls_url"": ""https://www.bls.gov/soc/2018/soc_structure_2018.pdf"", ""onet_url"": ""https://www.onetcenter.org/taxonomy/2019/soc/2019_to_SOC_Crosswalk.xlsx?fmt=xlsx""}",PROVISIONAL_AUDIT_NOT_FINAL,,,,,,0.0,1.0,
6005,451011,"First-line supervisors of farming, fishing, and forestry workers",45-1011,"[""45-1011""]",[598],[],598,"[""45-1011""]","[""45-1011""]","[""45-1011""]",[],[],[],[],1,1,1,COMPLETE_DOCUMENTED,detailed,covered,"Equal rated O*NET children within detailed SOC, then equal detailed SOC members; fully rated groups only",SINGLE_RATED_MEMBER,45,[],[],"{""pums_url"": ""https://www2.census.gov/programs-surveys/demo/guidance/industry-occupation/2018-ACS-PUMS-and-2018-SIPP-Public-Use-Occupation-Code-List.xlsx"", ""pums_sheet"": ""ACS"", ""bls_url"": ""https://www.bls.gov/soc/2018/soc_structure_2018.pdf"", ""onet_url"": ""https://www.onetcenter.org/taxonomy/2019/soc/2019_to_SOC_Crosswalk.xlsx?fmt=xlsx""}",PROVISIONAL_AUDIT_NOT_FINAL,0.2807017543859649,0.2807017543859649,0.2807017543859649,0.2807017543859649,0.2807017543859649,0.2807017543859649,0.2807017543859649,
6010,452011,Agricultural inspectors,45-2011,"[""45-2011""]",[599],[],599,"[""45-2011""]","[""45-2011""]","[""45-2011""]",[],[],[],[],1,1,1,COMPLETE_DOCUMENTED,detailed,covered,"Equal rated O*NET children within detailed SOC, then equal detailed SOC members; fully rated groups only",SINGLE_RATED_MEMBER,45,[],[],"{""pums_url"": ""https://www2.census.gov/programs-surveys/demo/guidance/industry-occupation/2018-ACS-PUMS-and-2018-SIPP-Public-Use-Occupation-Code-List.xlsx"", ""pums_sheet"": ""ACS"", ""bls_url"": ""https://www.bls.gov/soc/2018/soc_structure_2018.pdf"", ""onet_url"": ""https://www.onetcenter.org/taxonomy/2019/soc/2019_to_SOC_Crosswalk.xlsx?fmt=xlsx""}",PROVISIONAL_AUDIT_NOT_FINAL,0.2916666666666666,0.2916666666666666,0.2916666666666666,0.2916666666666666,0.2916666666666666,0.2916666666666666,0.2916666666666666,
6040,452041,"Graders and sorters, agricultural products",45-2041,"[""45-2041""]",[600],[],600,"[""45-2041""]","[""45-2041""]","[""45-2041""]",[],[],[],[],1,1,1,COMPLETE_DOCUMENTED,detailed,covered,"Equal rated O*NET children within detailed SOC, then equal detailed SOC members; fully rated groups only",SINGLE_RATED_MEMBER,45,[],[],"{""pums_url"": ""https://www2.census.gov/programs-surveys/demo/guidance/industry-occupation/2018-ACS-PUMS-and-2018-SIPP-Public-Use-Occupation-Code-List.xlsx"", ""pums_sheet"": ""ACS"", ""bls_url"": ""https://www.bls.gov/soc/2018/soc_structure_2018.pdf"", ""onet_url"": ""https://www.onetcenter.org/taxonomy/2019/soc/2019_to_SOC_Crosswalk.xlsx?fmt=xlsx""}",PROVISIONAL_AUDIT_NOT_FINAL,0.1,0.1,0.1,0.1,0.1,0.1,0.1,
6050,4520XX,Other agricultural workers,45-20XX,"[""45-2021"", ""45-2090""]","[603, 604]",[],601,"[""45-2021"", ""45-2091"", ""45-2092"", ""45-2093"", ""45-2099""]","[""45-2021"", ""45-2091"", ""45-2092"", ""45-2093""]","[""45-2021"", ""45-2091"", ""45-2092"", ""45-2093""]","[""45-2099""]",[],"[""45-2099""]",[],5,4,4,COMPLETE_DOCUMENTED,Census composite X/Y,B_unrated_detailed_or_child,"Equal rated O*NET children within detailed SOC, then equal detailed SOC members; fully rated groups only",UNKNOWN_INTERNAL_EMPLOYMENT_SHARES,45,"[""45-2099""]","[""45-2099.00""]","{""pums_url"": ""https://www2.census.gov/programs-surveys/demo/guidance/industry-occupation/2018-ACS-PUMS-and-2018-SIPP-Public-Use-Occupation-Code-List.xlsx"", ""pums_sheet"": ""ACS"", ""bls_url"": ""https://www.bls.gov/soc/2018/soc_structure_2018.pdf"", ""onet_url"": ""https://www.onetcenter.org/taxonomy/2019/soc/2019_to_SOC_Crosswalk.xlsx?fmt=xlsx""}",PROVISIONAL_AUDIT_NOT_FINAL,,,,,,0.0,1.0,
6115,453031,Fishing and hunting workers,45-3031,"[""45-3031""]",[605],[],605,"[""45-3031""]","[""45-3031""]","[""45-3031""]",[],[],[],[],1,1,1,COMPLETE_DOCUMENTED,detailed,covered,"Equal rated O*NET children within detailed SOC, then equal detailed SOC members; fully rated groups only",SINGLE_RATED_MEMBER,45,[],[],"{""pums_url"": ""https://www2.census.gov/programs-surveys/demo/guidance/industry-occupation/2018-ACS-PUMS-and-2018-SIPP-Public-Use-Occupation-Code-List.xlsx"", ""pums_sheet"": ""ACS"", ""bls_url"": ""https://www.bls.gov/soc/2018/soc_structure_2018.pdf"", ""onet_url"": ""https://www.onetcenter.org/taxonomy/2019/soc/2019_to_SOC_Crosswalk.xlsx?fmt=xlsx""}",PROVISIONAL_AUDIT_NOT_FINAL,0.043859649122807,0.043859649122807,0.043859649122807,0.043859649122807,0.043859649122807,0.043859649122807,0.043859649122807,
6120,454011,Forest and conservation workers,45-4011,"[""45-4011""]",[606],[],606,"[""45-4011""]","[""45-4011""]","[""45-4011""]",[],[],[],[],1,1,1,COMPLETE_DOCUMENTED,detailed,covered,"Equal rated O*NET children within detailed SOC, then equal detailed SOC members; fully rated groups only",SINGLE_RATED_MEMBER,45,[],[],"{""pums_url"": ""https://www2.census.gov/programs-surveys/demo/guidance/industry-occupation/2018-ACS-PUMS-and-2018-SIPP-Public-Use-Occupation-Code-List.xlsx"", ""pums_sheet"": ""ACS"", ""bls_url"": ""https://www.bls.gov/soc/2018/soc_structure_2018.pdf"", ""onet_url"": ""https://www.onetcenter.org/taxonomy/2019/soc/2019_to_SOC_Crosswalk.xlsx?fmt=xlsx""}",PROVISIONAL_AUDIT_NOT_FINAL,0.0434782608695652,0.0434782608695652,0.0434782608695652,0.0434782608695652,0.0434782608695652,0.0434782608695652,0.0434782608695652,
6130,454020,Logging workers,45-4020,"[""45-4020""]",[607],[],607,"[""45-4021"", ""45-4022"", ""45-4023"", ""45-4029""]","[""45-4021"", ""45-4022"", ""45-4023""]","[""45-4021"", ""45-4022"", ""45-4023""]","[""45-4029""]",[],"[""45-4029""]",[],4,3,3,COMPLETE_DOCUMENTED,broad,B_unrated_detailed_or_child,"Equal rated O*NET children within detailed SOC, then equal detailed SOC members; fully rated groups only",UNKNOWN_INTERNAL_EMPLOYMENT_SHARES,45,"[""45-4029""]","[""45-4029.00""]","{""pums_url"": ""https://www2.census.gov/programs-surveys/demo/guidance/industry-occupation/2018-ACS-PUMS-and-2018-SIPP-Public-Use-Occupation-Code-List.xlsx"", ""pums_sheet"": ""ACS"", ""bls_url"": ""https://www.bls.gov/soc/2018/soc_structure_2018.pdf"", ""onet_url"": ""https://www.onetcenter.org/taxonomy/2019/soc/2019_to_SOC_Crosswalk.xlsx?fmt=xlsx""}",PROVISIONAL_AUDIT_NOT_FINAL,,,,,,0.0,1.0,
6200,471011,First-line supervisors of construction trades and extraction workers,47-1011,"[""47-1011""]",[611],[],611,"[""47-1011""]","[""47-1011""]","[""47-1011""]",[],[],[],[],1,1,1,COMPLETE_DOCUMENTED,detailed,covered,"Equal rated O*NET children within detailed SOC, then equal detailed SOC members; fully rated groups only",UNKNOWN_INTERNAL_EMPLOYMENT_SHARES,47,[],[],"{""pums_url"": ""https://www2.census.gov/programs-surveys/demo/guidance/industry-occupation/2018-ACS-PUMS-and-2018-SIPP-Public-Use-Occupation-Code-List.xlsx"", ""pums_sheet"": ""ACS"", ""bls_url"": ""https://www.bls.gov/soc/2018/soc_structure_2018.pdf"", ""onet_url"": ""https://www.onetcenter.org/taxonomy/2019/soc/2019_to_SOC_Crosswalk.xlsx?fmt=xlsx""}",PROVISIONAL_AUDIT_NOT_FINAL,0.41666666666666663,0.41666666666666663,0.41666666666666663,0.4,0.4333333333333333,0.41666666666666663,0.41666666666666663,
6210,472011,Boilermakers,47-2011,"[""47-2011""]",[612],[],612,"[""47-2011""]","[""47-2011""]","[""47-2011""]",[],[],[],[],1,1,1,COMPLETE_DOCUMENTED,detailed,covered,"Equal rated O*NET children within detailed SOC, then equal detailed SOC members; fully rated groups only",SINGLE_RATED_MEMBER,47,[],[],"{""pums_url"": ""https://www2.census.gov/programs-surveys/demo/guidance/industry-occupation/2018-ACS-PUMS-and-2018-SIPP-Public-Use-Occupation-Code-List.xlsx"", ""pums_sheet"": ""ACS"", ""bls_url"": ""https://www.bls.gov/soc/2018/soc_structure_2018.pdf"", ""onet_url"": ""https://www.onetcenter.org/taxonomy/2019/soc/2019_to_SOC_Crosswalk.xlsx?fmt=xlsx""}",PROVISIONAL_AUDIT_NOT_FINAL,0.0303030303030303,0.0303030303030303,0.0303030303030303,0.0303030303030303,0.0303030303030303,0.0303030303030303,0.0303030303030303,
6220,472XXX,"Brickmasons, blockmasons, stonemasons, and reinforcing iron and rebar workers",47-2XXX,"[""47-2020"", ""47-2171""]","[615, 616]",[],613,"[""47-2021"", ""47-2022"", ""47-2171""]","[""47-2021"", ""47-2022"", ""47-2171""]","[""47-2021"", ""47-2022"", ""47-2171""]",[],[],[],[],3,3,3,COMPLETE_DOCUMENTED,Census composite X/Y,covered,"Equal rated O*NET children within detailed SOC, then equal detailed SOC members; fully rated groups only",UNKNOWN_INTERNAL_EMPLOYMENT_SHARES,47,[],[],"{""pums_url"": ""https://www2.census.gov/programs-surveys/demo/guidance/industry-occupation/2018-ACS-PUMS-and-2018-SIPP-Public-Use-Occupation-Code-List.xlsx"", ""pums_sheet"": ""ACS"", ""bls_url"": ""https://www.bls.gov/soc/2018/soc_structure_2018.pdf"", ""onet_url"": ""https://www.onetcenter.org/taxonomy/2019/soc/2019_to_SOC_Crosswalk.xlsx?fmt=xlsx""}",PROVISIONAL_AUDIT_NOT_FINAL,0.036630036630036604,0.036630036630036604,0.036630036630036604,0.0,0.0714285714285714,0.036630036630036604,0.036630036630036604,
6230,472031,Carpenters,47-2031,"[""47-2031""]",[617],[],617,"[""47-2031""]","[""47-2031""]","[""47-2031""]",[],[],[],[],1,1,1,COMPLETE_DOCUMENTED,detailed,covered,"Equal rated O*NET children within detailed SOC, then equal detailed SOC members; fully rated groups only",SINGLE_RATED_MEMBER,47,[],[],"{""pums_url"": ""https://www2.census.gov/programs-surveys/demo/guidance/industry-occupation/2018-ACS-PUMS-and-2018-SIPP-Public-Use-Occupation-Code-List.xlsx"", ""pums_sheet"": ""ACS"", ""bls_url"": ""https://www.bls.gov/soc/2018/soc_structure_2018.pdf"", ""onet_url"": ""https://www.onetcenter.org/taxonomy/2019/soc/2019_to_SOC_Crosswalk.xlsx?fmt=xlsx""}",PROVISIONAL_AUDIT_NOT_FINAL,0.1444444444444444,0.1444444444444444,0.1444444444444444,0.1444444444444444,0.1444444444444444,0.1444444444444444,0.1444444444444444,
6240,472040,"Carpet, floor, and tile installers and finishers",47-2040,"[""47-2040""]",[618],[],618,"[""47-2041"", ""47-2042"", ""47-2043"", ""47-2044""]","[""47-2041"", ""47-2042"", ""47-2043"", ""47-2044""]","[""47-2041"", ""47-2042"", ""47-2043"", ""47-2044""]",[],[],[],[],4,4,4,COMPLETE_DOCUMENTED,broad,covered,"Equal rated O*NET children within detailed SOC, then equal detailed SOC members; fully rated groups only",UNKNOWN_INTERNAL_EMPLOYMENT_SHARES,47,[],[],"{""pums_url"": ""https://www2.census.gov/programs-surveys/demo/guidance/industry-occupation/2018-ACS-PUMS-and-2018-SIPP-Public-Use-Occupation-Code-List.xlsx"", ""pums_sheet"": ""ACS"", ""bls_url"": ""https://www.bls.gov/soc/2018/soc_structure_2018.pdf"", ""onet_url"": ""https://www.onetcenter.org/taxonomy/2019/soc/2019_to_SOC_Crosswalk.xlsx?fmt=xlsx""}",PROVISIONAL_AUDIT_NOT_FINAL,0.05535714285714285,0.05535714285714285,0.05535714285714285,0.0,0.0875,0.05535714285714285,0.05535714285714285,
6250,472050,"Cement masons, concrete finishers, and terrazzo workers",47-2050,"[""47-2050""]",[619],[],619,"[""47-2051"", ""47-2053""]","[""47-2051"", ""47-2053""]","[""47-2051"", ""47-2053""]",[],[],[],[],2,2,2,COMPLETE_DOCUMENTED,broad,covered,"Equal rated O*NET children within detailed SOC, then equal detailed SOC members; fully rated groups only",UNKNOWN_INTERNAL_EMPLOYMENT_SHARES,47,[],[],"{""pums_url"": ""https://www2.census.gov/programs-surveys/demo/guidance/industry-occupation/2018-ACS-PUMS-and-2018-SIPP-Public-Use-Occupation-Code-List.xlsx"", ""pums_sheet"": ""ACS"", ""bls_url"": ""https://www.bls.gov/soc/2018/soc_structure_2018.pdf"", ""onet_url"": ""https://www.onetcenter.org/taxonomy/2019/soc/2019_to_SOC_Crosswalk.xlsx?fmt=xlsx""}",PROVISIONAL_AUDIT_NOT_FINAL,0.0,0.0,0.0,0.0,0.0,0.0,0.0,
6260,472061,Construction laborers,47-2061,"[""47-2061""]",[620],[],620,"[""47-2061""]","[""47-2061""]","[""47-2061""]",[],[],[],[],1,1,1,COMPLETE_DOCUMENTED,detailed,covered,"Equal rated O*NET children within detailed SOC, then equal detailed SOC members; fully rated groups only",SINGLE_RATED_MEMBER,47,[],[],"{""pums_url"": ""https://www2.census.gov/programs-surveys/demo/guidance/industry-occupation/2018-ACS-PUMS-and-2018-SIPP-Public-Use-Occupation-Code-List.xlsx"", ""pums_sheet"": ""ACS"", ""bls_url"": ""https://www.bls.gov/soc/2018/soc_structure_2018.pdf"", ""onet_url"": ""https://www.onetcenter.org/taxonomy/2019/soc/2019_to_SOC_Crosswalk.xlsx?fmt=xlsx""}",PROVISIONAL_AUDIT_NOT_FINAL,0.05,0.05,0.05,0.05,0.05,0.05,0.05,
6305,472070,Construction equipment operators,47-2070,"[""47-2070""]",[621],[],621,"[""47-2071"", ""47-2072"", ""47-2073""]","[""47-2071"", ""47-2072"", ""47-2073""]","[""47-2071"", ""47-2072"", ""47-2073""]",[],[],[],[],3,3,3,COMPLETE_DOCUMENTED,broad,covered,"Equal rated O*NET children within detailed SOC, then equal detailed SOC members; fully rated groups only",UNKNOWN_INTERNAL_EMPLOYMENT_SHARES,47,[],[],"{""pums_url"": ""https://www2.census.gov/programs-surveys/demo/guidance/industry-occupation/2018-ACS-PUMS-and-2018-SIPP-Public-Use-Occupation-Code-List.xlsx"", ""pums_sheet"": ""ACS"", ""bls_url"": ""https://www.bls.gov/soc/2018/soc_structure_2018.pdf"", ""onet_url"": ""https://www.onetcenter.org/taxonomy/2019/soc/2019_to_SOC_Crosswalk.xlsx?fmt=xlsx""}",PROVISIONAL_AUDIT_NOT_FINAL,0.0181159420289855,0.0181159420289855,0.0181159420289855,0.0,0.0543478260869565,0.0181159420289855,0.0181159420289855,
6330,472080,"Drywall installers, ceiling tile installers, and tapers",47-2080,"[""47-2080""]",[622],[],622,"[""47-2081"", ""47-2082""]","[""47-2081"", ""47-2082""]","[""47-2081"", ""47-2082""]",[],[],[],[],2,2,2,COMPLETE_DOCUMENTED,broad,covered,"Equal rated O*NET children within detailed SOC, then equal detailed SOC members; fully rated groups only",UNKNOWN_INTERNAL_EMPLOYMENT_SHARES,47,[],[],"{""pums_url"": ""https://www2.census.gov/programs-surveys/demo/guidance/industry-occupation/2018-ACS-PUMS-and-2018-SIPP-Public-Use-Occupation-Code-List.xlsx"", ""pums_sheet"": ""ACS"", ""bls_url"": ""https://www.bls.gov/soc/2018/soc_structure_2018.pdf"", ""onet_url"": ""https://www.onetcenter.org/taxonomy/2019/soc/2019_to_SOC_Crosswalk.xlsx?fmt=xlsx""}",PROVISIONAL_AUDIT_NOT_FINAL,0.0208333333333333,0.0208333333333333,0.0208333333333333,0.0,0.0416666666666666,0.0208333333333333,0.0208333333333333,
6355,472111,Electricians,47-2111,"[""47-2111""]",[623],[],623,"[""47-2111""]","[""47-2111""]","[""47-2111""]",[],[],[],[],1,1,1,COMPLETE_DOCUMENTED,detailed,covered,"Equal rated O*NET children within detailed SOC, then equal detailed SOC members; fully rated groups only",SINGLE_RATED_MEMBER,47,[],[],"{""pums_url"": ""https://www2.census.gov/programs-surveys/demo/guidance/industry-occupation/2018-ACS-PUMS-and-2018-SIPP-Public-Use-Occupation-Code-List.xlsx"", ""pums_sheet"": ""ACS"", ""bls_url"": ""https://www.bls.gov/soc/2018/soc_structure_2018.pdf"", ""onet_url"": ""https://www.onetcenter.org/taxonomy/2019/soc/2019_to_SOC_Crosswalk.xlsx?fmt=xlsx""}",PROVISIONAL_AUDIT_NOT_FINAL,0.1463414634146341,0.1463414634146341,0.1463414634146341,0.1463414634146341,0.1463414634146341,0.1463414634146341,0.1463414634146341,
6360,472121,Glaziers,47-2121,"[""47-2121""]",[624],[],624,"[""47-2121""]","[""47-2121""]","[""47-2121""]",[],[],[],[],1,1,1,COMPLETE_DOCUMENTED,detailed,covered,"Equal rated O*NET children within detailed SOC, then equal detailed SOC members; fully rated groups only",SINGLE_RATED_MEMBER,47,[],[],"{""pums_url"": ""https://www2.census.gov/programs-surveys/demo/guidance/industry-occupation/2018-ACS-PUMS-and-2018-SIPP-Public-Use-Occupation-Code-List.xlsx"", ""pums_sheet"": ""ACS"", ""bls_url"": ""https://www.bls.gov/soc/2018/soc_structure_2018.pdf"", ""onet_url"": ""https://www.onetcenter.org/taxonomy/2019/soc/2019_to_SOC_Crosswalk.xlsx?fmt=xlsx""}",PROVISIONAL_AUDIT_NOT_FINAL,0.0833333333333333,0.0833333333333333,0.0833333333333333,0.0833333333333333,0.0833333333333333,0.0833333333333333,0.0833333333333333,
6400,472130,Insulation workers,47-2130,"[""47-2130""]",[625],[],625,"[""47-2131"", ""47-2132""]","[""47-2131"", ""47-2132""]","[""47-2131"", ""47-2132""]",[],[],[],[],2,2,2,COMPLETE_DOCUMENTED,broad,covered,"Equal rated O*NET children within detailed SOC, then equal detailed SOC members; fully rated groups only",UNKNOWN_INTERNAL_EMPLOYMENT_SHARES,47,[],[],"{""pums_url"": ""https://www2.census.gov/programs-surveys/demo/guidance/industry-occupation/2018-ACS-PUMS-and-2018-SIPP-Public-Use-Occupation-Code-List.xlsx"", ""pums_sheet"": ""ACS"", ""bls_url"": ""https://www.bls.gov/soc/2018/soc_structure_2018.pdf"", ""onet_url"": ""https://www.onetcenter.org/taxonomy/2019/soc/2019_to_SOC_Crosswalk.xlsx?fmt=xlsx""}",PROVISIONAL_AUDIT_NOT_FINAL,0.0477272727272727,0.0477272727272727,0.0477272727272727,0.0454545454545454,0.05,0.0477272727272727,0.0477272727272727,
6410,472140,Painters and paperhangers,47-2140,"[""47-2140""]",[626],[],626,"[""47-2141"", ""47-2142""]","[""47-2141"", ""47-2142""]","[""47-2141"", ""47-2142""]",[],[],[],[],2,2,2,COMPLETE_DOCUMENTED,broad,covered,"Equal rated O*NET children within detailed SOC, then equal detailed SOC members; fully rated groups only",UNKNOWN_INTERNAL_EMPLOYMENT_SHARES,47,[],[],"{""pums_url"": ""https://www2.census.gov/programs-surveys/demo/guidance/industry-occupation/2018-ACS-PUMS-and-2018-SIPP-Public-Use-Occupation-Code-List.xlsx"", ""pums_sheet"": ""ACS"", ""bls_url"": ""https://www.bls.gov/soc/2018/soc_structure_2018.pdf"", ""onet_url"": ""https://www.onetcenter.org/taxonomy/2019/soc/2019_to_SOC_Crosswalk.xlsx?fmt=xlsx""}",PROVISIONAL_AUDIT_NOT_FINAL,0.042084942084942054,0.042084942084942054,0.042084942084942054,0.027027027027027,0.0571428571428571,0.042084942084942054,0.042084942084942054,
6441,472151,Pipelayers,47-2151,"[""47-2151""]",[627],[],627,"[""47-2151""]","[""47-2151""]","[""47-2151""]",[],[],[],[],1,1,1,COMPLETE_DOCUMENTED,detailed,covered,"Equal rated O*NET children within detailed SOC, then equal detailed SOC members; fully rated groups only",SINGLE_RATED_MEMBER,47,[],[],"{""pums_url"": ""https://www2.census.gov/programs-surveys/demo/guidance/industry-occupation/2018-ACS-PUMS-and-2018-SIPP-Public-Use-Occupation-Code-List.xlsx"", ""pums_sheet"": ""ACS"", ""bls_url"": ""https://www.bls.gov/soc/2018/soc_structure_2018.pdf"", ""onet_url"": ""https://www.onetcenter.org/taxonomy/2019/soc/2019_to_SOC_Crosswalk.xlsx?fmt=xlsx""}",PROVISIONAL_AUDIT_NOT_FINAL,0.0357142857142857,0.0357142857142857,0.0357142857142857,0.0357142857142857,0.0357142857142857,0.0357142857142857,0.0357142857142857,
6442,472152,"Plumbers, pipefitters, and steamfitters",47-2152,"[""47-2152""]",[628],[],628,"[""47-2152""]","[""47-2152""]","[""47-2152""]",[],[],[],[],1,1,1,COMPLETE_DOCUMENTED,detailed,covered,"Equal rated O*NET children within detailed SOC, then equal detailed SOC members; fully rated groups only",UNKNOWN_INTERNAL_EMPLOYMENT_SHARES,47,[],[],"{""pums_url"": ""https://www2.census.gov/programs-surveys/demo/guidance/industry-occupation/2018-ACS-PUMS-and-2018-SIPP-Public-Use-Occupation-Code-List.xlsx"", ""pums_sheet"": ""ACS"", ""bls_url"": ""https://www.bls.gov/soc/2018/soc_structure_2018.pdf"", ""onet_url"": ""https://www.onetcenter.org/taxonomy/2019/soc/2019_to_SOC_Crosswalk.xlsx?fmt=xlsx""}",PROVISIONAL_AUDIT_NOT_FINAL,0.0753161698283649,0.0753161698283649,0.0753161698283649,0.048780487804878,0.1018518518518518,0.0753161698283649,0.0753161698283649,
6460,472161,Plasterers and stucco masons,47-2161,"[""47-2161""]",[629],[],629,"[""47-2161""]","[""47-2161""]","[""47-2161""]",[],[],[],[],1,1,1,COMPLETE_DOCUMENTED,detailed,covered,"Equal rated O*NET children within detailed SOC, then equal detailed SOC members; fully rated groups only",SINGLE_RATED_MEMBER,47,[],[],"{""pums_url"": ""https://www2.census.gov/programs-surveys/demo/guidance/industry-occupation/2018-ACS-PUMS-and-2018-SIPP-Public-Use-Occupation-Code-List.xlsx"", ""pums_sheet"": ""ACS"", ""bls_url"": ""https://www.bls.gov/soc/2018/soc_structure_2018.pdf"", ""onet_url"": ""https://www.onetcenter.org/taxonomy/2019/soc/2019_to_SOC_Crosswalk.xlsx?fmt=xlsx""}",PROVISIONAL_AUDIT_NOT_FINAL,0.0769230769230769,0.0769230769230769,0.0769230769230769,0.0769230769230769,0.0769230769230769,0.0769230769230769,0.0769230769230769,
6515,472181,Roofers,47-2181,"[""47-2181""]",[630],[],630,"[""47-2181""]","[""47-2181""]","[""47-2181""]",[],[],[],[],1,1,1,COMPLETE_DOCUMENTED,detailed,covered,"Equal rated O*NET children within detailed SOC, then equal detailed SOC members; fully rated groups only",SINGLE_RATED_MEMBER,47,[],[],"{""pums_url"": ""https://www2.census.gov/programs-surveys/demo/guidance/industry-occupation/2018-ACS-PUMS-and-2018-SIPP-Public-Use-Occupation-Code-List.xlsx"", ""pums_sheet"": ""ACS"", ""bls_url"": ""https://www.bls.gov/soc/2018/soc_structure_2018.pdf"", ""onet_url"": ""https://www.onetcenter.org/taxonomy/2019/soc/2019_to_SOC_Crosswalk.xlsx?fmt=xlsx""}",PROVISIONAL_AUDIT_NOT_FINAL,0.04,0.04,0.04,0.04,0.04,0.04,0.04,
6520,472211,Sheet metal workers,47-2211,"[""47-2211""]",[631],[],631,"[""47-2211""]","[""47-2211""]","[""47-2211""]",[],[],[],[],1,1,1,COMPLETE_DOCUMENTED,detailed,covered,"Equal rated O*NET children within detailed SOC, then equal detailed SOC members; fully rated groups only",SINGLE_RATED_MEMBER,47,[],[],"{""pums_url"": ""https://www2.census.gov/programs-surveys/demo/guidance/industry-occupation/2018-ACS-PUMS-and-2018-SIPP-Public-Use-Occupation-Code-List.xlsx"", ""pums_sheet"": ""ACS"", ""bls_url"": ""https://www.bls.gov/soc/2018/soc_structure_2018.pdf"", ""onet_url"": ""https://www.onetcenter.org/taxonomy/2019/soc/2019_to_SOC_Crosswalk.xlsx?fmt=xlsx""}",PROVISIONAL_AUDIT_NOT_FINAL,0.0657894736842105,0.0657894736842105,0.0657894736842105,0.0657894736842105,0.0657894736842105,0.0657894736842105,0.0657894736842105,
6530,472221,Structural iron and steel workers,47-2221,"[""47-2221""]",[632],[],632,"[""47-2221""]","[""47-2221""]","[""47-2221""]",[],[],[],[],1,1,1,COMPLETE_DOCUMENTED,detailed,covered,"Equal rated O*NET children within detailed SOC, then equal detailed SOC members; fully rated groups only",SINGLE_RATED_MEMBER,47,[],[],"{""pums_url"": ""https://www2.census.gov/programs-surveys/demo/guidance/industry-occupation/2018-ACS-PUMS-and-2018-SIPP-Public-Use-Occupation-Code-List.xlsx"", ""pums_sheet"": ""ACS"", ""bls_url"": ""https://www.bls.gov/soc/2018/soc_structure_2018.pdf"", ""onet_url"": ""https://www.onetcenter.org/taxonomy/2019/soc/2019_to_SOC_Crosswalk.xlsx?fmt=xlsx""}",PROVISIONAL_AUDIT_NOT_FINAL,0.0285714285714285,0.0285714285714285,0.0285714285714285,0.0285714285714285,0.0285714285714285,0.0285714285714285,0.0285714285714285,
6540,472231,Solar photovoltaic installers,47-2231,"[""47-2231""]",[633],[],633,"[""47-2231""]","[""47-2231""]","[""47-2231""]",[],[],[],[],1,1,1,COMPLETE_DOCUMENTED,detailed,covered,"Equal rated O*NET children within detailed SOC, then equal detailed SOC members; fully rated groups only",SINGLE_RATED_MEMBER,47,[],[],"{""pums_url"": ""https://www2.census.gov/programs-surveys/demo/guidance/industry-occupation/2018-ACS-PUMS-and-2018-SIPP-Public-Use-Occupation-Code-List.xlsx"", ""pums_sheet"": ""ACS"", ""bls_url"": ""https://www.bls.gov/soc/2018/soc_structure_2018.pdf"", ""onet_url"": ""https://www.onetcenter.org/taxonomy/2019/soc/2019_to_SOC_Crosswalk.xlsx?fmt=xlsx""}",PROVISIONAL_AUDIT_NOT_FINAL,0.11,0.11,0.11,0.11,0.11,0.11,0.11,
6600,473010,"Helpers, construction trades",47-3010,"[""47-3010""]",[634],[],634,"[""47-3011"", ""47-3012"", ""47-3013"", ""47-3014"", ""47-3015"", ""47-3016"", ""47-3019""]","[""47-3011"", ""47-3012"", ""47-3013"", ""47-3014"", ""47-3015"", ""47-3016""]","[""47-3011"", ""47-3012"", ""47-3013"", ""47-3014"", ""47-3015"", ""47-3016""]","[""47-3019""]",[],"[""47-3019""]",[],7,6,6,COMPLETE_DOCUMENTED,broad,B_unrated_detailed_or_child,"Equal rated O*NET children within detailed SOC, then equal detailed SOC members; fully rated groups only",UNKNOWN_INTERNAL_EMPLOYMENT_SHARES,47,"[""47-3019""]","[""47-3019.00""]","{""pums_url"": ""https://www2.census.gov/programs-surveys/demo/guidance/industry-occupation/2018-ACS-PUMS-and-2018-SIPP-Public-Use-Occupation-Code-List.xlsx"", ""pums_sheet"": ""ACS"", ""bls_url"": ""https://www.bls.gov/soc/2018/soc_structure_2018.pdf"", ""onet_url"": ""https://www.onetcenter.org/taxonomy/2019/soc/2019_to_SOC_Crosswalk.xlsx?fmt=xlsx""}",PROVISIONAL_AUDIT_NOT_FINAL,,,,,,0.0,1.0,
6660,474011,Construction and building inspectors,47-4011,"[""47-4011""]",[635],[],635,"[""47-4011""]","[""47-4011""]","[""47-4011""]",[],[],[],[],1,1,1,COMPLETE_DOCUMENTED,detailed,covered,"Equal rated O*NET children within detailed SOC, then equal detailed SOC members; fully rated groups only",UNKNOWN_INTERNAL_EMPLOYMENT_SHARES,47,[],[],"{""pums_url"": ""https://www2.census.gov/programs-surveys/demo/guidance/industry-occupation/2018-ACS-PUMS-and-2018-SIPP-Public-Use-Occupation-Code-List.xlsx"", ""pums_sheet"": ""ACS"", ""bls_url"": ""https://www.bls.gov/soc/2018/soc_structure_2018.pdf"", ""onet_url"": ""https://www.onetcenter.org/taxonomy/2019/soc/2019_to_SOC_Crosswalk.xlsx?fmt=xlsx""}",PROVISIONAL_AUDIT_NOT_FINAL,0.33410428931875524,0.33410428931875524,0.33410428931875524,0.2413793103448275,0.4268292682926829,0.33410428931875524,0.33410428931875524,
6700,474021,Elevator And Escalator installers and repairers,47-4021,"[""47-4021""]",[636],[],636,"[""47-4021""]","[""47-4021""]","[""47-4021""]",[],[],[],[],1,1,1,COMPLETE_DOCUMENTED,detailed,covered,"Equal rated O*NET children within detailed SOC, then equal detailed SOC members; fully rated groups only",SINGLE_RATED_MEMBER,47,[],[],"{""pums_url"": ""https://www2.census.gov/programs-surveys/demo/guidance/industry-occupation/2018-ACS-PUMS-and-2018-SIPP-Public-Use-Occupation-Code-List.xlsx"", ""pums_sheet"": ""ACS"", ""bls_url"": ""https://www.bls.gov/soc/2018/soc_structure_2018.pdf"", ""onet_url"": ""https://www.onetcenter.org/taxonomy/2019/soc/2019_to_SOC_Crosswalk.xlsx?fmt=xlsx""}",PROVISIONAL_AUDIT_NOT_FINAL,0.1842105263157894,0.1842105263157894,0.1842105263157894,0.1842105263157894,0.1842105263157894,0.1842105263157894,0.1842105263157894,
6710,474031,Fence erectors,47-4031,"[""47-4031""]",[637],[],637,"[""47-4031""]","[""47-4031""]","[""47-4031""]",[],[],[],[],1,1,1,COMPLETE_DOCUMENTED,detailed,covered,"Equal rated O*NET children within detailed SOC, then equal detailed SOC members; fully rated groups only",SINGLE_RATED_MEMBER,47,[],[],"{""pums_url"": ""https://www2.census.gov/programs-surveys/demo/guidance/industry-occupation/2018-ACS-PUMS-and-2018-SIPP-Public-Use-Occupation-Code-List.xlsx"", ""pums_sheet"": ""ACS"", ""bls_url"": ""https://www.bls.gov/soc/2018/soc_structure_2018.pdf"", ""onet_url"": ""https://www.onetcenter.org/taxonomy/2019/soc/2019_to_SOC_Crosswalk.xlsx?fmt=xlsx""}",PROVISIONAL_AUDIT_NOT_FINAL,0.0512820512820512,0.0512820512820512,0.0512820512820512,0.0512820512820512,0.0512820512820512,0.0512820512820512,0.0512820512820512,
6720,474041,Hazardous materials removal workers,47-4041,"[""47-4041""]",[638],[],638,"[""47-4041""]","[""47-4041""]","[""47-4041""]",[],[],[],[],1,1,1,COMPLETE_DOCUMENTED,detailed,covered,"Equal rated O*NET children within detailed SOC, then equal detailed SOC members; fully rated groups only",SINGLE_RATED_MEMBER,47,[],[],"{""pums_url"": ""https://www2.census.gov/programs-surveys/demo/guidance/industry-occupation/2018-ACS-PUMS-and-2018-SIPP-Public-Use-Occupation-Code-List.xlsx"", ""pums_sheet"": ""ACS"", ""bls_url"": ""https://www.bls.gov/soc/2018/soc_structure_2018.pdf"", ""onet_url"": ""https://www.onetcenter.org/taxonomy/2019/soc/2019_to_SOC_Crosswalk.xlsx?fmt=xlsx""}",PROVISIONAL_AUDIT_NOT_FINAL,0.0806451612903225,0.0806451612903225,0.0806451612903225,0.0806451612903225,0.0806451612903225,0.0806451612903225,0.0806451612903225,
6730,474051,Highway maintenance workers,47-4051,"[""47-4051""]",[639],[],639,"[""47-4051""]","[""47-4051""]","[""47-4051""]",[],[],[],[],1,1,1,COMPLETE_DOCUMENTED,detailed,covered,"Equal rated O*NET children within detailed SOC, then equal detailed SOC members; fully rated groups only",SINGLE_RATED_MEMBER,47,[],[],"{""pums_url"": ""https://www2.census.gov/programs-surveys/demo/guidance/industry-occupation/2018-ACS-PUMS-and-2018-SIPP-Public-Use-Occupation-Code-List.xlsx"", ""pums_sheet"": ""ACS"", ""bls_url"": ""https://www.bls.gov/soc/2018/soc_structure_2018.pdf"", ""onet_url"": ""https://www.onetcenter.org/taxonomy/2019/soc/2019_to_SOC_Crosswalk.xlsx?fmt=xlsx""}",PROVISIONAL_AUDIT_NOT_FINAL,0.0161290322580645,0.0161290322580645,0.0161290322580645,0.0161290322580645,0.0161290322580645,0.0161290322580645,0.0161290322580645,
6740,474061,Rail-track laying and maintenance equipment operators,47-4061,"[""47-4061""]",[640],[],640,"[""47-4061""]","[""47-4061""]","[""47-4061""]",[],[],[],[],1,1,1,COMPLETE_DOCUMENTED,detailed,covered,"Equal rated O*NET children within detailed SOC, then equal detailed SOC members; fully rated groups only",SINGLE_RATED_MEMBER,47,[],[],"{""pums_url"": ""https://www2.census.gov/programs-surveys/demo/guidance/industry-occupation/2018-ACS-PUMS-and-2018-SIPP-Public-Use-Occupation-Code-List.xlsx"", ""pums_sheet"": ""ACS"", ""bls_url"": ""https://www.bls.gov/soc/2018/soc_structure_2018.pdf"", ""onet_url"": ""https://www.onetcenter.org/taxonomy/2019/soc/2019_to_SOC_Crosswalk.xlsx?fmt=xlsx""}",PROVISIONAL_AUDIT_NOT_FINAL,0.0,0.0,0.0,0.0,0.0,0.0,0.0,
6765,4740XX,Other construction and related workers,47-40XX,"[""47-4071"", ""47-4090""]","[643, 644]",[],641,"[""47-4071"", ""47-4091"", ""47-4099""]","[""47-4071"", ""47-4091"", ""47-4099""]","[""47-4071"", ""47-4091""]",[],"[""47-4099""]","[""47-4099""]",[],3,3,2,COMPLETE_DOCUMENTED,Census composite X/Y,B_unrated_detailed_or_child,"Equal rated O*NET children within detailed SOC, then equal detailed SOC members; fully rated groups only",UNKNOWN_INTERNAL_EMPLOYMENT_SHARES,47,"[""47-4099""]","[""47-4099.00""]","{""pums_url"": ""https://www2.census.gov/programs-surveys/demo/guidance/industry-occupation/2018-ACS-PUMS-and-2018-SIPP-Public-Use-Occupation-Code-List.xlsx"", ""pums_sheet"": ""ACS"", ""bls_url"": ""https://www.bls.gov/soc/2018/soc_structure_2018.pdf"", ""onet_url"": ""https://www.onetcenter.org/taxonomy/2019/soc/2019_to_SOC_Crosswalk.xlsx?fmt=xlsx""}",PROVISIONAL_AUDIT_NOT_FINAL,0.10659722222222219,,,,,0.0,1.0,
6800,4750YY,"Derrick, rotary drill, and service unit operators, and roustabouts, oil and gas",47-50YY,"[""47-5010"", ""47-5071""]","[647, 648]",[],645,"[""47-5011"", ""47-5012"", ""47-5013"", ""47-5071""]","[""47-5011"", ""47-5012"", ""47-5013"", ""47-5071""]","[""47-5011"", ""47-5012"", ""47-5013"", ""47-5071""]",[],[],[],[],4,4,4,COMPLETE_DOCUMENTED,Census composite X/Y,covered,"Equal rated O*NET children within detailed SOC, then equal detailed SOC members; fully rated groups only",UNKNOWN_INTERNAL_EMPLOYMENT_SHARES,47,[],[],"{""pums_url"": ""https://www2.census.gov/programs-surveys/demo/guidance/industry-occupation/2018-ACS-PUMS-and-2018-SIPP-Public-Use-Occupation-Code-List.xlsx"", ""pums_sheet"": ""ACS"", ""bls_url"": ""https://www.bls.gov/soc/2018/soc_structure_2018.pdf"", ""onet_url"": ""https://www.onetcenter.org/taxonomy/2019/soc/2019_to_SOC_Crosswalk.xlsx?fmt=xlsx""}",PROVISIONAL_AUDIT_NOT_FINAL,0.0292869269949066,0.0292869269949066,0.0292869269949066,0.0,0.064516129032258,0.0292869269949066,0.0292869269949066,
6825,475020,Surface mining machine operators and earth drillers,47-5020,"[""47-5020"", ""47-5022"", ""47-5023""]","[649, 651, 652]",[],649,"[""47-5022"", ""47-5023""]","[""47-5022"", ""47-5023""]","[""47-5022"", ""47-5023""]",[],[],[],[],2,2,2,COMPLETE_DOCUMENTED,broad,covered,"Equal rated O*NET children within detailed SOC, then equal detailed SOC members; fully rated groups only",UNKNOWN_INTERNAL_EMPLOYMENT_SHARES,47,[],[],"{""pums_url"": ""https://www2.census.gov/programs-surveys/demo/guidance/industry-occupation/2018-ACS-PUMS-and-2018-SIPP-Public-Use-Occupation-Code-List.xlsx"", ""pums_sheet"": ""ACS"", ""bls_url"": ""https://www.bls.gov/soc/2018/soc_structure_2018.pdf"", ""onet_url"": ""https://www.onetcenter.org/taxonomy/2019/soc/2019_to_SOC_Crosswalk.xlsx?fmt=xlsx""}",PROVISIONAL_AUDIT_NOT_FINAL,0.06818181818181815,0.06818181818181815,0.06818181818181815,0.0,0.1363636363636363,0.06818181818181815,0.06818181818181815,
6835,475032,"Explosives workers, ordnance handling experts, and blasters",47-5032,"[""47-5032""]",[653],[],653,"[""47-5032""]","[""47-5032""]","[""47-5032""]",[],[],[],[],1,1,1,COMPLETE_DOCUMENTED,detailed,covered,"Equal rated O*NET children within detailed SOC, then equal detailed SOC members; fully rated groups only",SINGLE_RATED_MEMBER,47,[],[],"{""pums_url"": ""https://www2.census.gov/programs-surveys/demo/guidance/industry-occupation/2018-ACS-PUMS-and-2018-SIPP-Public-Use-Occupation-Code-List.xlsx"", ""pums_sheet"": ""ACS"", ""bls_url"": ""https://www.bls.gov/soc/2018/soc_structure_2018.pdf"", ""onet_url"": ""https://www.onetcenter.org/taxonomy/2019/soc/2019_to_SOC_Crosswalk.xlsx?fmt=xlsx""}",PROVISIONAL_AUDIT_NOT_FINAL,0.1354166666666666,0.1354166666666666,0.1354166666666666,0.1354166666666666,0.1354166666666666,0.1354166666666666,0.1354166666666666,
6850,475040,Underground mining machine operators,47-5040,"[""47-5040""]",[654],[],654,"[""47-5041"", ""47-5043"", ""47-5044"", ""47-5049""]","[""47-5041"", ""47-5043"", ""47-5044""]","[""47-5041"", ""47-5043"", ""47-5044""]","[""47-5049""]",[],"[""47-5049""]",[],4,3,3,COMPLETE_DOCUMENTED,broad,B_unrated_detailed_or_child,"Equal rated O*NET children within detailed SOC, then equal detailed SOC members; fully rated groups only",UNKNOWN_INTERNAL_EMPLOYMENT_SHARES,47,"[""47-5049""]","[""47-5049.00""]","{""pums_url"": ""https://www2.census.gov/programs-surveys/demo/guidance/industry-occupation/2018-ACS-PUMS-and-2018-SIPP-Public-Use-Occupation-Code-List.xlsx"", ""pums_sheet"": ""ACS"", ""bls_url"": ""https://www.bls.gov/soc/2018/soc_structure_2018.pdf"", ""onet_url"": ""https://www.onetcenter.org/taxonomy/2019/soc/2019_to_SOC_Crosswalk.xlsx?fmt=xlsx""}",PROVISIONAL_AUDIT_NOT_FINAL,,,,,,0.0,1.0,
6950,4750XX,Other extraction workers,47-50XX,"[""47-5051"", ""47-5081"", ""47-5099""]","[657, 658, 659]",[],655,"[""47-5051"", ""47-5081"", ""47-5099""]","[""47-5051"", ""47-5081""]","[""47-5051"", ""47-5081""]","[""47-5099""]",[],"[""47-5099""]",[],3,2,2,COMPLETE_DOCUMENTED,Census composite X/Y,B_unrated_detailed_or_child,"Equal rated O*NET children within detailed SOC, then equal detailed SOC members; fully rated groups only",UNKNOWN_INTERNAL_EMPLOYMENT_SHARES,47,"[""47-5099""]","[""47-5099.00""]","{""pums_url"": ""https://www2.census.gov/programs-surveys/demo/guidance/industry-occupation/2018-ACS-PUMS-and-2018-SIPP-Public-Use-Occupation-Code-List.xlsx"", ""pums_sheet"": ""ACS"", ""bls_url"": ""https://www.bls.gov/soc/2018/soc_structure_2018.pdf"", ""onet_url"": ""https://www.onetcenter.org/taxonomy/2019/soc/2019_to_SOC_Crosswalk.xlsx?fmt=xlsx""}",PROVISIONAL_AUDIT_NOT_FINAL,,,,,,0.0,1.0,
7000,491011,"First-line supervisors of mechanics, installers, and repairers",49-1011,"[""49-1011""]",[663],[],663,"[""49-1011""]","[""49-1011""]","[""49-1011""]",[],[],[],[],1,1,1,COMPLETE_DOCUMENTED,detailed,covered,"Equal rated O*NET children within detailed SOC, then equal detailed SOC members; fully rated groups only",SINGLE_RATED_MEMBER,49,[],[],"{""pums_url"": ""https://www2.census.gov/programs-surveys/demo/guidance/industry-occupation/2018-ACS-PUMS-and-2018-SIPP-Public-Use-Occupation-Code-List.xlsx"", ""pums_sheet"": ""ACS"", ""bls_url"": ""https://www.bls.gov/soc/2018/soc_structure_2018.pdf"", ""onet_url"": ""https://www.onetcenter.org/taxonomy/2019/soc/2019_to_SOC_Crosswalk.xlsx?fmt=xlsx""}",PROVISIONAL_AUDIT_NOT_FINAL,0.4102564102564102,0.4102564102564102,0.4102564102564102,0.4102564102564102,0.4102564102564102,0.4102564102564102,0.4102564102564102,
7010,492011,"Computer, automated teller, and office machine repairers",49-2011,"[""49-2011""]",[664],[],664,"[""49-2011""]","[""49-2011""]","[""49-2011""]",[],[],[],[],1,1,1,COMPLETE_DOCUMENTED,detailed,covered,"Equal rated O*NET children within detailed SOC, then equal detailed SOC members; fully rated groups only",SINGLE_RATED_MEMBER,49,[],[],"{""pums_url"": ""https://www2.census.gov/programs-surveys/demo/guidance/industry-occupation/2018-ACS-PUMS-and-2018-SIPP-Public-Use-Occupation-Code-List.xlsx"", ""pums_sheet"": ""ACS"", ""bls_url"": ""https://www.bls.gov/soc/2018/soc_structure_2018.pdf"", ""onet_url"": ""https://www.onetcenter.org/taxonomy/2019/soc/2019_to_SOC_Crosswalk.xlsx?fmt=xlsx""}",PROVISIONAL_AUDIT_NOT_FINAL,0.3673469387755101,0.3673469387755101,0.3673469387755101,0.3673469387755101,0.3673469387755101,0.3673469387755101,0.3673469387755101,
7020,492020,Radio and telecommunications equipment installers and repairers,49-2020,"[""49-2020""]",[665],[],665,"[""49-2021"", ""49-2022""]","[""49-2021"", ""49-2022""]","[""49-2021"", ""49-2022""]",[],[],[],[],2,2,2,COMPLETE_DOCUMENTED,broad,covered,"Equal rated O*NET children within detailed SOC, then equal detailed SOC members; fully rated groups only",UNKNOWN_INTERNAL_EMPLOYMENT_SHARES,49,[],[],"{""pums_url"": ""https://www2.census.gov/programs-surveys/demo/guidance/industry-occupation/2018-ACS-PUMS-and-2018-SIPP-Public-Use-Occupation-Code-List.xlsx"", ""pums_sheet"": ""ACS"", ""bls_url"": ""https://www.bls.gov/soc/2018/soc_structure_2018.pdf"", ""onet_url"": ""https://www.onetcenter.org/taxonomy/2019/soc/2019_to_SOC_Crosswalk.xlsx?fmt=xlsx""}",PROVISIONAL_AUDIT_NOT_FINAL,0.19419642857142855,0.19419642857142855,0.19419642857142855,0.1071428571428571,0.28125,0.19419642857142855,0.19419642857142855,
7030,492091,Avionics technicians,49-2091,"[""49-2091""]",[666],[],666,"[""49-2091""]","[""49-2091""]","[""49-2091""]",[],[],[],[],1,1,1,COMPLETE_DOCUMENTED,detailed,covered,"Equal rated O*NET children within detailed SOC, then equal detailed SOC members; fully rated groups only",SINGLE_RATED_MEMBER,49,[],[],"{""pums_url"": ""https://www2.census.gov/programs-surveys/demo/guidance/industry-occupation/2018-ACS-PUMS-and-2018-SIPP-Public-Use-Occupation-Code-List.xlsx"", ""pums_sheet"": ""ACS"", ""bls_url"": ""https://www.bls.gov/soc/2018/soc_structure_2018.pdf"", ""onet_url"": ""https://www.onetcenter.org/taxonomy/2019/soc/2019_to_SOC_Crosswalk.xlsx?fmt=xlsx""}",PROVISIONAL_AUDIT_NOT_FINAL,0.24,0.24,0.24,0.24,0.24,0.24,0.24,
7040,492092,"Electric motor, power tool, and related repairers",49-2092,"[""49-2092""]",[667],[],667,"[""49-2092""]","[""49-2092""]","[""49-2092""]",[],[],[],[],1,1,1,COMPLETE_DOCUMENTED,detailed,covered,"Equal rated O*NET children within detailed SOC, then equal detailed SOC members; fully rated groups only",SINGLE_RATED_MEMBER,49,[],[],"{""pums_url"": ""https://www2.census.gov/programs-surveys/demo/guidance/industry-occupation/2018-ACS-PUMS-and-2018-SIPP-Public-Use-Occupation-Code-List.xlsx"", ""pums_sheet"": ""ACS"", ""bls_url"": ""https://www.bls.gov/soc/2018/soc_structure_2018.pdf"", ""onet_url"": ""https://www.onetcenter.org/taxonomy/2019/soc/2019_to_SOC_Crosswalk.xlsx?fmt=xlsx""}",PROVISIONAL_AUDIT_NOT_FINAL,0.1057692307692307,0.1057692307692307,0.1057692307692307,0.1057692307692307,0.1057692307692307,0.1057692307692307,0.1057692307692307,
7100,49209X,"Other electrical and electronic equipment mechanics, installers, and repairers",49-209X,"[""49-2093"", ""49-2094"", ""49-2095"", ""49-2096""]","[670, 673, 674, 675]","[""49-209X""]",668,"[""49-2093"", ""49-2094"", ""49-2095"", ""49-2096""]","[""49-2093"", ""49-2094"", ""49-2095"", ""49-2096""]","[""49-2093"", ""49-2094"", ""49-2095"", ""49-2096""]",[],[],[],[],4,4,4,COMPLETE_DOCUMENTED,Census composite X/Y,covered,"Equal rated O*NET children within detailed SOC, then equal detailed SOC members; fully rated groups only",UNKNOWN_INTERNAL_EMPLOYMENT_SHARES,49,[],[],"{""pums_url"": ""https://www2.census.gov/programs-surveys/demo/guidance/industry-occupation/2018-ACS-PUMS-and-2018-SIPP-Public-Use-Occupation-Code-List.xlsx"", ""pums_sheet"": ""ACS"", ""bls_url"": ""https://www.bls.gov/soc/2018/soc_structure_2018.pdf"", ""onet_url"": ""https://www.onetcenter.org/taxonomy/2019/soc/2019_to_SOC_Crosswalk.xlsx?fmt=xlsx""}",PROVISIONAL_AUDIT_NOT_FINAL,0.2635897435897436,0.2635897435897436,0.2635897435897436,0.1666666666666666,0.34,0.2635897435897436,0.2635897435897436,
7120,492097,Audiovisual equipment installers and repairers,49-2097,"[""49-2097""]",[676],[],676,"[""49-2097""]","[""49-2097""]","[""49-2097""]",[],[],[],[],1,1,1,COMPLETE_DOCUMENTED,detailed,covered,"Equal rated O*NET children within detailed SOC, then equal detailed SOC members; fully rated groups only",SINGLE_RATED_MEMBER,49,[],[],"{""pums_url"": ""https://www2.census.gov/programs-surveys/demo/guidance/industry-occupation/2018-ACS-PUMS-and-2018-SIPP-Public-Use-Occupation-Code-List.xlsx"", ""pums_sheet"": ""ACS"", ""bls_url"": ""https://www.bls.gov/soc/2018/soc_structure_2018.pdf"", ""onet_url"": ""https://www.onetcenter.org/taxonomy/2019/soc/2019_to_SOC_Crosswalk.xlsx?fmt=xlsx""}",PROVISIONAL_AUDIT_NOT_FINAL,0.238095238095238,0.238095238095238,0.238095238095238,0.238095238095238,0.238095238095238,0.238095238095238,0.238095238095238,
7130,492098,Security and fire alarm systems installers,49-2098,"[""49-2098""]",[677],[],677,"[""49-2098""]","[""49-2098""]","[""49-2098""]",[],[],[],[],1,1,1,COMPLETE_DOCUMENTED,detailed,covered,"Equal rated O*NET children within detailed SOC, then equal detailed SOC members; fully rated groups only",SINGLE_RATED_MEMBER,49,[],[],"{""pums_url"": ""https://www2.census.gov/programs-surveys/demo/guidance/industry-occupation/2018-ACS-PUMS-and-2018-SIPP-Public-Use-Occupation-Code-List.xlsx"", ""pums_sheet"": ""ACS"", ""bls_url"": ""https://www.bls.gov/soc/2018/soc_structure_2018.pdf"", ""onet_url"": ""https://www.onetcenter.org/taxonomy/2019/soc/2019_to_SOC_Crosswalk.xlsx?fmt=xlsx""}",PROVISIONAL_AUDIT_NOT_FINAL,0.1666666666666666,0.1666666666666666,0.1666666666666666,0.1666666666666666,0.1666666666666666,0.1666666666666666,0.1666666666666666,
7140,493011,Aircraft mechanics and service technicians,49-3011,"[""49-3011""]",[678],[],678,"[""49-3011""]","[""49-3011""]","[""49-3011""]",[],[],[],[],1,1,1,COMPLETE_DOCUMENTED,detailed,covered,"Equal rated O*NET children within detailed SOC, then equal detailed SOC members; fully rated groups only",SINGLE_RATED_MEMBER,49,[],[],"{""pums_url"": ""https://www2.census.gov/programs-surveys/demo/guidance/industry-occupation/2018-ACS-PUMS-and-2018-SIPP-Public-Use-Occupation-Code-List.xlsx"", ""pums_sheet"": ""ACS"", ""bls_url"": ""https://www.bls.gov/soc/2018/soc_structure_2018.pdf"", ""onet_url"": ""https://www.onetcenter.org/taxonomy/2019/soc/2019_to_SOC_Crosswalk.xlsx?fmt=xlsx""}",PROVISIONAL_AUDIT_NOT_FINAL,0.1343283582089552,0.1343283582089552,0.1343283582089552,0.1343283582089552,0.1343283582089552,0.1343283582089552,0.1343283582089552,
7150,493021,Automotive body and related repairers,49-3021,"[""49-3021""]",[679],[],679,"[""49-3021""]","[""49-3021""]","[""49-3021""]",[],[],[],[],1,1,1,COMPLETE_DOCUMENTED,detailed,covered,"Equal rated O*NET children within detailed SOC, then equal detailed SOC members; fully rated groups only",SINGLE_RATED_MEMBER,49,[],[],"{""pums_url"": ""https://www2.census.gov/programs-surveys/demo/guidance/industry-occupation/2018-ACS-PUMS-and-2018-SIPP-Public-Use-Occupation-Code-List.xlsx"", ""pums_sheet"": ""ACS"", ""bls_url"": ""https://www.bls.gov/soc/2018/soc_structure_2018.pdf"", ""onet_url"": ""https://www.onetcenter.org/taxonomy/2019/soc/2019_to_SOC_Crosswalk.xlsx?fmt=xlsx""}",PROVISIONAL_AUDIT_NOT_FINAL,0.0425531914893617,0.0425531914893617,0.0425531914893617,0.0425531914893617,0.0425531914893617,0.0425531914893617,0.0425531914893617,
7160,493022,Automotive glass installers and repairers,49-3022,"[""49-3022""]",[680],[],680,"[""49-3022""]","[""49-3022""]","[""49-3022""]",[],[],[],[],1,1,1,COMPLETE_DOCUMENTED,detailed,covered,"Equal rated O*NET children within detailed SOC, then equal detailed SOC members; fully rated groups only",SINGLE_RATED_MEMBER,49,[],[],"{""pums_url"": ""https://www2.census.gov/programs-surveys/demo/guidance/industry-occupation/2018-ACS-PUMS-and-2018-SIPP-Public-Use-Occupation-Code-List.xlsx"", ""pums_sheet"": ""ACS"", ""bls_url"": ""https://www.bls.gov/soc/2018/soc_structure_2018.pdf"", ""onet_url"": ""https://www.onetcenter.org/taxonomy/2019/soc/2019_to_SOC_Crosswalk.xlsx?fmt=xlsx""}",PROVISIONAL_AUDIT_NOT_FINAL,0.0,0.0,0.0,0.0,0.0,0.0,0.0,
7200,493023,Automotive service technicians and mechanics,49-3023,"[""49-3023""]",[681],[],681,"[""49-3023""]","[""49-3023""]","[""49-3023""]",[],[],[],[],1,1,1,COMPLETE_DOCUMENTED,detailed,covered,"Equal rated O*NET children within detailed SOC, then equal detailed SOC members; fully rated groups only",SINGLE_RATED_MEMBER,49,[],[],"{""pums_url"": ""https://www2.census.gov/programs-surveys/demo/guidance/industry-occupation/2018-ACS-PUMS-and-2018-SIPP-Public-Use-Occupation-Code-List.xlsx"", ""pums_sheet"": ""ACS"", ""bls_url"": ""https://www.bls.gov/soc/2018/soc_structure_2018.pdf"", ""onet_url"": ""https://www.onetcenter.org/taxonomy/2019/soc/2019_to_SOC_Crosswalk.xlsx?fmt=xlsx""}",PROVISIONAL_AUDIT_NOT_FINAL,0.0818181818181818,0.0818181818181818,0.0818181818181818,0.0818181818181818,0.0818181818181818,0.0818181818181818,0.0818181818181818,
7210,493031,Bus and truck mechanics and diesel engine specialists,49-3031,"[""49-3031""]",[682],[],682,"[""49-3031""]","[""49-3031""]","[""49-3031""]",[],[],[],[],1,1,1,COMPLETE_DOCUMENTED,detailed,covered,"Equal rated O*NET children within detailed SOC, then equal detailed SOC members; fully rated groups only",SINGLE_RATED_MEMBER,49,[],[],"{""pums_url"": ""https://www2.census.gov/programs-surveys/demo/guidance/industry-occupation/2018-ACS-PUMS-and-2018-SIPP-Public-Use-Occupation-Code-List.xlsx"", ""pums_sheet"": ""ACS"", ""bls_url"": ""https://www.bls.gov/soc/2018/soc_structure_2018.pdf"", ""onet_url"": ""https://www.onetcenter.org/taxonomy/2019/soc/2019_to_SOC_Crosswalk.xlsx?fmt=xlsx""}",PROVISIONAL_AUDIT_NOT_FINAL,0.0,0.0,0.0,0.0,0.0,0.0,0.0,
7220,493040,Heavy vehicle and mobile equipment service technicians and mechanics,49-3040,"[""49-3040""]",[683],[],683,"[""49-3041"", ""49-3042"", ""49-3043""]","[""49-3041"", ""49-3042"", ""49-3043""]","[""49-3041"", ""49-3042"", ""49-3043""]",[],[],[],[],3,3,3,COMPLETE_DOCUMENTED,broad,covered,"Equal rated O*NET children within detailed SOC, then equal detailed SOC members; fully rated groups only",UNKNOWN_INTERNAL_EMPLOYMENT_SHARES,49,[],[],"{""pums_url"": ""https://www2.census.gov/programs-surveys/demo/guidance/industry-occupation/2018-ACS-PUMS-and-2018-SIPP-Public-Use-Occupation-Code-List.xlsx"", ""pums_sheet"": ""ACS"", ""bls_url"": ""https://www.bls.gov/soc/2018/soc_structure_2018.pdf"", ""onet_url"": ""https://www.onetcenter.org/taxonomy/2019/soc/2019_to_SOC_Crosswalk.xlsx?fmt=xlsx""}",PROVISIONAL_AUDIT_NOT_FINAL,0.10405293631100081,0.10405293631100081,0.10405293631100081,0.0967741935483871,0.1153846153846153,0.10405293631100081,0.10405293631100081,
7240,493050,Small engine mechanics,49-3050,"[""49-3050""]",[684],[],684,"[""49-3051"", ""49-3052"", ""49-3053""]","[""49-3051"", ""49-3052"", ""49-3053""]","[""49-3051"", ""49-3052"", ""49-3053""]",[],[],[],[],3,3,3,COMPLETE_DOCUMENTED,broad,covered,"Equal rated O*NET children within detailed SOC, then equal detailed SOC members; fully rated groups only",UNKNOWN_INTERNAL_EMPLOYMENT_SHARES,49,[],[],"{""pums_url"": ""https://www2.census.gov/programs-surveys/demo/guidance/industry-occupation/2018-ACS-PUMS-and-2018-SIPP-Public-Use-Occupation-Code-List.xlsx"", ""pums_sheet"": ""ACS"", ""bls_url"": ""https://www.bls.gov/soc/2018/soc_structure_2018.pdf"", ""onet_url"": ""https://www.onetcenter.org/taxonomy/2019/soc/2019_to_SOC_Crosswalk.xlsx?fmt=xlsx""}",PROVISIONAL_AUDIT_NOT_FINAL,0.08516483516483513,0.08516483516483513,0.08516483516483513,0.0,0.1785714285714285,0.08516483516483513,0.08516483516483513,
7260,493090,"Miscellaneous vehicle and mobile equipment mechanics, installers, and repairers",49-3090,"[""49-3090""]",[685],[],685,"[""49-3091"", ""49-3092"", ""49-3093""]","[""49-3091"", ""49-3092"", ""49-3093""]","[""49-3091"", ""49-3092"", ""49-3093""]",[],[],[],[],3,3,3,COMPLETE_DOCUMENTED,broad,covered,"Equal rated O*NET children within detailed SOC, then equal detailed SOC members; fully rated groups only",UNKNOWN_INTERNAL_EMPLOYMENT_SHARES,49,[],[],"{""pums_url"": ""https://www2.census.gov/programs-surveys/demo/guidance/industry-occupation/2018-ACS-PUMS-and-2018-SIPP-Public-Use-Occupation-Code-List.xlsx"", ""pums_sheet"": ""ACS"", ""bls_url"": ""https://www.bls.gov/soc/2018/soc_structure_2018.pdf"", ""onet_url"": ""https://www.onetcenter.org/taxonomy/2019/soc/2019_to_SOC_Crosswalk.xlsx?fmt=xlsx""}",PROVISIONAL_AUDIT_NOT_FINAL,0.054684778822709834,0.054684778822709834,0.054684778822709834,0.0,0.1034482758620689,0.054684778822709834,0.054684778822709834,
7300,499010,Control and valve installers and repairers,49-9010,"[""49-9010""]",[686],[],686,"[""49-9011"", ""49-9012""]","[""49-9011"", ""49-9012""]","[""49-9011"", ""49-9012""]",[],[],[],[],2,2,2,COMPLETE_DOCUMENTED,broad,covered,"Equal rated O*NET children within detailed SOC, then equal detailed SOC members; fully rated groups only",UNKNOWN_INTERNAL_EMPLOYMENT_SHARES,49,[],[],"{""pums_url"": ""https://www2.census.gov/programs-surveys/demo/guidance/industry-occupation/2018-ACS-PUMS-and-2018-SIPP-Public-Use-Occupation-Code-List.xlsx"", ""pums_sheet"": ""ACS"", ""bls_url"": ""https://www.bls.gov/soc/2018/soc_structure_2018.pdf"", ""onet_url"": ""https://www.onetcenter.org/taxonomy/2019/soc/2019_to_SOC_Crosswalk.xlsx?fmt=xlsx""}",PROVISIONAL_AUDIT_NOT_FINAL,0.1336580086580086,0.1336580086580086,0.1336580086580086,0.1309523809523809,0.1363636363636363,0.1336580086580086,0.1336580086580086,
7315,499021,"Heating, air conditioning, and refrigeration mechanics and installers",49-9021,"[""49-9021""]",[687],[],687,"[""49-9021""]","[""49-9021""]","[""49-9021""]",[],[],[],[],1,1,1,COMPLETE_DOCUMENTED,detailed,covered,"Equal rated O*NET children within detailed SOC, then equal detailed SOC members; fully rated groups only",SINGLE_RATED_MEMBER,49,[],[],"{""pums_url"": ""https://www2.census.gov/programs-surveys/demo/guidance/industry-occupation/2018-ACS-PUMS-and-2018-SIPP-Public-Use-Occupation-Code-List.xlsx"", ""pums_sheet"": ""ACS"", ""bls_url"": ""https://www.bls.gov/soc/2018/soc_structure_2018.pdf"", ""onet_url"": ""https://www.onetcenter.org/taxonomy/2019/soc/2019_to_SOC_Crosswalk.xlsx?fmt=xlsx""}",PROVISIONAL_AUDIT_NOT_FINAL,0.1052631578947368,0.1052631578947368,0.1052631578947368,0.1052631578947368,0.1052631578947368,0.1052631578947368,0.1052631578947368,
7320,499031,Home appliance repairers,49-9031,"[""49-9031""]",[688],[],688,"[""49-9031""]","[""49-9031""]","[""49-9031""]",[],[],[],[],1,1,1,COMPLETE_DOCUMENTED,detailed,covered,"Equal rated O*NET children within detailed SOC, then equal detailed SOC members; fully rated groups only",SINGLE_RATED_MEMBER,49,[],[],"{""pums_url"": ""https://www2.census.gov/programs-surveys/demo/guidance/industry-occupation/2018-ACS-PUMS-and-2018-SIPP-Public-Use-Occupation-Code-List.xlsx"", ""pums_sheet"": ""ACS"", ""bls_url"": ""https://www.bls.gov/soc/2018/soc_structure_2018.pdf"", ""onet_url"": ""https://www.onetcenter.org/taxonomy/2019/soc/2019_to_SOC_Crosswalk.xlsx?fmt=xlsx""}",PROVISIONAL_AUDIT_NOT_FINAL,0.1454545454545454,0.1454545454545454,0.1454545454545454,0.1454545454545454,0.1454545454545454,0.1454545454545454,0.1454545454545454,
7330,49904X,Industrial and refractory machinery mechanics,49-904X,"[""49-9041"", ""49-9045""]","[691, 692]",[],689,"[""49-9041"", ""49-9045""]","[""49-9041"", ""49-9045""]","[""49-9041"", ""49-9045""]",[],[],[],[],2,2,2,COMPLETE_DOCUMENTED,Census composite X/Y,covered,"Equal rated O*NET children within detailed SOC, then equal detailed SOC members; fully rated groups only",UNKNOWN_INTERNAL_EMPLOYMENT_SHARES,49,[],[],"{""pums_url"": ""https://www2.census.gov/programs-surveys/demo/guidance/industry-occupation/2018-ACS-PUMS-and-2018-SIPP-Public-Use-Occupation-Code-List.xlsx"", ""pums_sheet"": ""ACS"", ""bls_url"": ""https://www.bls.gov/soc/2018/soc_structure_2018.pdf"", ""onet_url"": ""https://www.onetcenter.org/taxonomy/2019/soc/2019_to_SOC_Crosswalk.xlsx?fmt=xlsx""}",PROVISIONAL_AUDIT_NOT_FINAL,0.13709677419354835,0.13709677419354835,0.13709677419354835,0.0,0.2741935483870967,0.13709677419354835,0.13709677419354835,
7340,499071,"Maintenance and repair workers, general",49-9071,"[""49-9071""]",[693],[],693,"[""49-9071""]","[""49-9071""]","[""49-9071""]",[],[],[],[],1,1,1,COMPLETE_DOCUMENTED,detailed,covered,"Equal rated O*NET children within detailed SOC, then equal detailed SOC members; fully rated groups only",SINGLE_RATED_MEMBER,49,[],[],"{""pums_url"": ""https://www2.census.gov/programs-surveys/demo/guidance/industry-occupation/2018-ACS-PUMS-and-2018-SIPP-Public-Use-Occupation-Code-List.xlsx"", ""pums_sheet"": ""ACS"", ""bls_url"": ""https://www.bls.gov/soc/2018/soc_structure_2018.pdf"", ""onet_url"": ""https://www.onetcenter.org/taxonomy/2019/soc/2019_to_SOC_Crosswalk.xlsx?fmt=xlsx""}",PROVISIONAL_AUDIT_NOT_FINAL,0.1372549019607843,0.1372549019607843,0.1372549019607843,0.1372549019607843,0.1372549019607843,0.1372549019607843,0.1372549019607843,
7350,499043,"Maintenance workers, machinery",49-9043,"[""49-9043""]",[694],[],694,"[""49-9043""]","[""49-9043""]","[""49-9043""]",[],[],[],[],1,1,1,COMPLETE_DOCUMENTED,detailed,covered,"Equal rated O*NET children within detailed SOC, then equal detailed SOC members; fully rated groups only",SINGLE_RATED_MEMBER,49,[],[],"{""pums_url"": ""https://www2.census.gov/programs-surveys/demo/guidance/industry-occupation/2018-ACS-PUMS-and-2018-SIPP-Public-Use-Occupation-Code-List.xlsx"", ""pums_sheet"": ""ACS"", ""bls_url"": ""https://www.bls.gov/soc/2018/soc_structure_2018.pdf"", ""onet_url"": ""https://www.onetcenter.org/taxonomy/2019/soc/2019_to_SOC_Crosswalk.xlsx?fmt=xlsx""}",PROVISIONAL_AUDIT_NOT_FINAL,0.1428571428571428,0.1428571428571428,0.1428571428571428,0.1428571428571428,0.1428571428571428,0.1428571428571428,0.1428571428571428,
7360,499044,Millwrights,49-9044,"[""49-9044""]",[695],[],695,"[""49-9044""]","[""49-9044""]","[""49-9044""]",[],[],[],[],1,1,1,COMPLETE_DOCUMENTED,detailed,covered,"Equal rated O*NET children within detailed SOC, then equal detailed SOC members; fully rated groups only",SINGLE_RATED_MEMBER,49,[],[],"{""pums_url"": ""https://www2.census.gov/programs-surveys/demo/guidance/industry-occupation/2018-ACS-PUMS-and-2018-SIPP-Public-Use-Occupation-Code-List.xlsx"", ""pums_sheet"": ""ACS"", ""bls_url"": ""https://www.bls.gov/soc/2018/soc_structure_2018.pdf"", ""onet_url"": ""https://www.onetcenter.org/taxonomy/2019/soc/2019_to_SOC_Crosswalk.xlsx?fmt=xlsx""}",PROVISIONAL_AUDIT_NOT_FINAL,0.0217391304347826,0.0217391304347826,0.0217391304347826,0.0217391304347826,0.0217391304347826,0.0217391304347826,0.0217391304347826,
7410,499051,Electrical power-line installers and repairers,49-9051,"[""49-9051""]",[696],[],696,"[""49-9051""]","[""49-9051""]","[""49-9051""]",[],[],[],[],1,1,1,COMPLETE_DOCUMENTED,detailed,covered,"Equal rated O*NET children within detailed SOC, then equal detailed SOC members; fully rated groups only",SINGLE_RATED_MEMBER,49,[],[],"{""pums_url"": ""https://www2.census.gov/programs-surveys/demo/guidance/industry-occupation/2018-ACS-PUMS-and-2018-SIPP-Public-Use-Occupation-Code-List.xlsx"", ""pums_sheet"": ""ACS"", ""bls_url"": ""https://www.bls.gov/soc/2018/soc_structure_2018.pdf"", ""onet_url"": ""https://www.onetcenter.org/taxonomy/2019/soc/2019_to_SOC_Crosswalk.xlsx?fmt=xlsx""}",PROVISIONAL_AUDIT_NOT_FINAL,0.0,0.0,0.0,0.0,0.0,0.0,0.0,
7420,499052,Telecommunications line installers and repairers,49-9052,"[""49-9052""]",[697],[],697,"[""49-9052""]","[""49-9052""]","[""49-9052""]",[],[],[],[],1,1,1,COMPLETE_DOCUMENTED,detailed,covered,"Equal rated O*NET children within detailed SOC, then equal detailed SOC members; fully rated groups only",SINGLE_RATED_MEMBER,49,[],[],"{""pums_url"": ""https://www2.census.gov/programs-surveys/demo/guidance/industry-occupation/2018-ACS-PUMS-and-2018-SIPP-Public-Use-Occupation-Code-List.xlsx"", ""pums_sheet"": ""ACS"", ""bls_url"": ""https://www.bls.gov/soc/2018/soc_structure_2018.pdf"", ""onet_url"": ""https://www.onetcenter.org/taxonomy/2019/soc/2019_to_SOC_Crosswalk.xlsx?fmt=xlsx""}",PROVISIONAL_AUDIT_NOT_FINAL,0.03125,0.03125,0.03125,0.03125,0.03125,0.03125,0.03125,
7430,499060,Precision instrument and equipment repairers,49-9060,"[""49-9060""]",[698],[],698,"[""49-9061"", ""49-9062"", ""49-9063"", ""49-9064"", ""49-9069""]","[""49-9061"", ""49-9062"", ""49-9063"", ""49-9064""]","[""49-9061"", ""49-9062"", ""49-9063"", ""49-9064""]","[""49-9069""]",[],"[""49-9069""]",[],5,4,4,COMPLETE_DOCUMENTED,broad,B_unrated_detailed_or_child,"Equal rated O*NET children within detailed SOC, then equal detailed SOC members; fully rated groups only",UNKNOWN_INTERNAL_EMPLOYMENT_SHARES,49,"[""49-9069""]","[""49-9069.00""]","{""pums_url"": ""https://www2.census.gov/programs-surveys/demo/guidance/industry-occupation/2018-ACS-PUMS-and-2018-SIPP-Public-Use-Occupation-Code-List.xlsx"", ""pums_sheet"": ""ACS"", ""bls_url"": ""https://www.bls.gov/soc/2018/soc_structure_2018.pdf"", ""onet_url"": ""https://www.onetcenter.org/taxonomy/2019/soc/2019_to_SOC_Crosswalk.xlsx?fmt=xlsx""}",PROVISIONAL_AUDIT_NOT_FINAL,,,,,,0.0,1.0,
7510,499091,"Coin, vending, and amusement machine servicers and repairers",49-9091,"[""49-9091""]",[699],[],699,"[""49-9091""]","[""49-9091""]","[""49-9091""]",[],[],[],[],1,1,1,COMPLETE_DOCUMENTED,detailed,covered,"Equal rated O*NET children within detailed SOC, then equal detailed SOC members; fully rated groups only",SINGLE_RATED_MEMBER,49,[],[],"{""pums_url"": ""https://www2.census.gov/programs-surveys/demo/guidance/industry-occupation/2018-ACS-PUMS-and-2018-SIPP-Public-Use-Occupation-Code-List.xlsx"", ""pums_sheet"": ""ACS"", ""bls_url"": ""https://www.bls.gov/soc/2018/soc_structure_2018.pdf"", ""onet_url"": ""https://www.onetcenter.org/taxonomy/2019/soc/2019_to_SOC_Crosswalk.xlsx?fmt=xlsx""}",PROVISIONAL_AUDIT_NOT_FINAL,0.3214285714285714,0.3214285714285714,0.3214285714285714,0.3214285714285714,0.3214285714285714,0.3214285714285714,0.3214285714285714,
7540,499094,Locksmiths and safe repairers,49-9094,"[""49-9094""]",[700],[],700,"[""49-9094""]","[""49-9094""]","[""49-9094""]",[],[],[],[],1,1,1,COMPLETE_DOCUMENTED,detailed,covered,"Equal rated O*NET children within detailed SOC, then equal detailed SOC members; fully rated groups only",SINGLE_RATED_MEMBER,49,[],[],"{""pums_url"": ""https://www2.census.gov/programs-surveys/demo/guidance/industry-occupation/2018-ACS-PUMS-and-2018-SIPP-Public-Use-Occupation-Code-List.xlsx"", ""pums_sheet"": ""ACS"", ""bls_url"": ""https://www.bls.gov/soc/2018/soc_structure_2018.pdf"", ""onet_url"": ""https://www.onetcenter.org/taxonomy/2019/soc/2019_to_SOC_Crosswalk.xlsx?fmt=xlsx""}",PROVISIONAL_AUDIT_NOT_FINAL,0.08,0.08,0.08,0.08,0.08,0.08,0.08,
7560,499096,Riggers,49-9096,"[""49-9096""]",[701],[],701,"[""49-9096""]","[""49-9096""]","[""49-9096""]",[],[],[],[],1,1,1,COMPLETE_DOCUMENTED,detailed,covered,"Equal rated O*NET children within detailed SOC, then equal detailed SOC members; fully rated groups only",SINGLE_RATED_MEMBER,49,[],[],"{""pums_url"": ""https://www2.census.gov/programs-surveys/demo/guidance/industry-occupation/2018-ACS-PUMS-and-2018-SIPP-Public-Use-Occupation-Code-List.xlsx"", ""pums_sheet"": ""ACS"", ""bls_url"": ""https://www.bls.gov/soc/2018/soc_structure_2018.pdf"", ""onet_url"": ""https://www.onetcenter.org/taxonomy/2019/soc/2019_to_SOC_Crosswalk.xlsx?fmt=xlsx""}",PROVISIONAL_AUDIT_NOT_FINAL,0.0,0.0,0.0,0.0,0.0,0.0,0.0,
7610,499098,"Helpers--installation, maintenance, and repair workers",49-9098,"[""49-9098""]",[702],[],702,"[""49-9098""]","[""49-9098""]","[""49-9098""]",[],[],[],[],1,1,1,COMPLETE_DOCUMENTED,detailed,covered,"Equal rated O*NET children within detailed SOC, then equal detailed SOC members; fully rated groups only",SINGLE_RATED_MEMBER,49,[],[],"{""pums_url"": ""https://www2.census.gov/programs-surveys/demo/guidance/industry-occupation/2018-ACS-PUMS-and-2018-SIPP-Public-Use-Occupation-Code-List.xlsx"", ""pums_sheet"": ""ACS"", ""bls_url"": ""https://www.bls.gov/soc/2018/soc_structure_2018.pdf"", ""onet_url"": ""https://www.onetcenter.org/taxonomy/2019/soc/2019_to_SOC_Crosswalk.xlsx?fmt=xlsx""}",PROVISIONAL_AUDIT_NOT_FINAL,0.0333333333333333,0.0333333333333333,0.0333333333333333,0.0333333333333333,0.0333333333333333,0.0333333333333333,0.0333333333333333,
7640,4990XX,"Other installation, maintenance, and repair workers",49-90XX,"[""49-9081"", ""49-9092"", ""40-9095"", ""49-9097"", ""49-9099""]","[705, 706, 707, 710, 711]","[""49-909X""]",703,"[""49-9081"", ""49-9092"", ""49-9097"", ""49-9099""]","[""49-9081"", ""49-9092"", ""49-9097"", ""49-9099""]","[""49-9081"", ""49-9092"", ""49-9097""]",[],"[""49-9099""]","[""49-9099""]","[""40-9095""]",4,4,3,OPEN_SOURCE_INCONSISTENCY,Census composite X/Y,E_source_inconsistency,"Equal rated O*NET children within detailed SOC, then equal detailed SOC members; fully rated groups only",UNKNOWN_INTERNAL_EMPLOYMENT_SHARES,49,"[""49-9099""]","[""49-9099.00""]","{""pums_url"": ""https://www2.census.gov/programs-surveys/demo/guidance/industry-occupation/2018-ACS-PUMS-and-2018-SIPP-Public-Use-Occupation-Code-List.xlsx"", ""pums_sheet"": ""ACS"", ""bls_url"": ""https://www.bls.gov/soc/2018/soc_structure_2018.pdf"", ""onet_url"": ""https://www.onetcenter.org/taxonomy/2019/soc/2019_to_SOC_Crosswalk.xlsx?fmt=xlsx""}",PROVISIONAL_AUDIT_NOT_FINAL,,,,,,0.0,1.0,"{""original"": ""40-9095"", ""candidate"": ""49-9095"", ""basis"": ""Explicit component Census 7550; separate official Census occupation list row 547 and O*NET crosswalk both map 7550 title to 49-9095"", ""status"": ""DOCUMENTED_CANDIDATE_NO_PUMS_ERRATUM; not applied to primary""}"
7700,511011,First-line supervisors of production and operating workers,51-1011,"[""51-1011""]",[717],[],717,"[""51-1011""]","[""51-1011""]","[""51-1011""]",[],[],[],[],1,1,1,COMPLETE_DOCUMENTED,detailed,covered,"Equal rated O*NET children within detailed SOC, then equal detailed SOC members; fully rated groups only",SINGLE_RATED_MEMBER,51,[],[],"{""pums_url"": ""https://www2.census.gov/programs-surveys/demo/guidance/industry-occupation/2018-ACS-PUMS-and-2018-SIPP-Public-Use-Occupation-Code-List.xlsx"", ""pums_sheet"": ""ACS"", ""bls_url"": ""https://www.bls.gov/soc/2018/soc_structure_2018.pdf"", ""onet_url"": ""https://www.onetcenter.org/taxonomy/2019/soc/2019_to_SOC_Crosswalk.xlsx?fmt=xlsx""}",PROVISIONAL_AUDIT_NOT_FINAL,0.4,0.4,0.4,0.4,0.4,0.4,0.4,
7720,512020,"Electrical, electronics, and electromechanical assemblers",51-2020,"[""51-2020""]",[718],[],718,"[""51-2021"", ""51-2022"", ""51-2023""]","[""51-2021"", ""51-2022"", ""51-2023""]","[""51-2021"", ""51-2022"", ""51-2023""]",[],[],[],[],3,3,3,COMPLETE_DOCUMENTED,broad,covered,"Equal rated O*NET children within detailed SOC, then equal detailed SOC members; fully rated groups only",UNKNOWN_INTERNAL_EMPLOYMENT_SHARES,51,[],[],"{""pums_url"": ""https://www2.census.gov/programs-surveys/demo/guidance/industry-occupation/2018-ACS-PUMS-and-2018-SIPP-Public-Use-Occupation-Code-List.xlsx"", ""pums_sheet"": ""ACS"", ""bls_url"": ""https://www.bls.gov/soc/2018/soc_structure_2018.pdf"", ""onet_url"": ""https://www.onetcenter.org/taxonomy/2019/soc/2019_to_SOC_Crosswalk.xlsx?fmt=xlsx""}",PROVISIONAL_AUDIT_NOT_FINAL,0.12127687127687124,0.12127687127687124,0.12127687127687124,0.0454545454545454,0.2222222222222222,0.12127687127687124,0.12127687127687124,
7730,512031,Engine and other machine assemblers,51-2031,"[""51-2031""]",[719],[],719,"[""51-2031""]","[""51-2031""]","[""51-2031""]",[],[],[],[],1,1,1,COMPLETE_DOCUMENTED,detailed,covered,"Equal rated O*NET children within detailed SOC, then equal detailed SOC members; fully rated groups only",SINGLE_RATED_MEMBER,51,[],[],"{""pums_url"": ""https://www2.census.gov/programs-surveys/demo/guidance/industry-occupation/2018-ACS-PUMS-and-2018-SIPP-Public-Use-Occupation-Code-List.xlsx"", ""pums_sheet"": ""ACS"", ""bls_url"": ""https://www.bls.gov/soc/2018/soc_structure_2018.pdf"", ""onet_url"": ""https://www.onetcenter.org/taxonomy/2019/soc/2019_to_SOC_Crosswalk.xlsx?fmt=xlsx""}",PROVISIONAL_AUDIT_NOT_FINAL,0.0952380952380952,0.0952380952380952,0.0952380952380952,0.0952380952380952,0.0952380952380952,0.0952380952380952,0.0952380952380952,
7740,512041,Structural metal fabricators and fitters,51-2041,"[""51-2041""]",[720],[],720,"[""51-2041""]","[""51-2041""]","[""51-2041""]",[],[],[],[],1,1,1,COMPLETE_DOCUMENTED,detailed,covered,"Equal rated O*NET children within detailed SOC, then equal detailed SOC members; fully rated groups only",SINGLE_RATED_MEMBER,51,[],[],"{""pums_url"": ""https://www2.census.gov/programs-surveys/demo/guidance/industry-occupation/2018-ACS-PUMS-and-2018-SIPP-Public-Use-Occupation-Code-List.xlsx"", ""pums_sheet"": ""ACS"", ""bls_url"": ""https://www.bls.gov/soc/2018/soc_structure_2018.pdf"", ""onet_url"": ""https://www.onetcenter.org/taxonomy/2019/soc/2019_to_SOC_Crosswalk.xlsx?fmt=xlsx""}",PROVISIONAL_AUDIT_NOT_FINAL,0.0227272727272727,0.0227272727272727,0.0227272727272727,0.0227272727272727,0.0227272727272727,0.0227272727272727,0.0227272727272727,
7750,5120XX,Other assemblers and fabricators,51-20XX,"[""51-2011"", ""51-2051"", ""51-2061"", ""51-2092"", ""51-2099""]","[723, 726, 727, 728, 729]","[""51-20XX""]",721,"[""51-2011"", ""51-2051"", ""51-2061"", ""51-2092"", ""51-2099""]","[""51-2011"", ""51-2051"", ""51-2061"", ""51-2092""]","[""51-2011"", ""51-2051"", ""51-2061"", ""51-2092""]","[""51-2099""]",[],"[""51-2099""]",[],5,4,4,COMPLETE_DOCUMENTED,Census composite X/Y,B_unrated_detailed_or_child,"Equal rated O*NET children within detailed SOC, then equal detailed SOC members; fully rated groups only",UNKNOWN_INTERNAL_EMPLOYMENT_SHARES,51,"[""51-2099""]","[""51-2099.00""]","{""pums_url"": ""https://www2.census.gov/programs-surveys/demo/guidance/industry-occupation/2018-ACS-PUMS-and-2018-SIPP-Public-Use-Occupation-Code-List.xlsx"", ""pums_sheet"": ""ACS"", ""bls_url"": ""https://www.bls.gov/soc/2018/soc_structure_2018.pdf"", ""onet_url"": ""https://www.onetcenter.org/taxonomy/2019/soc/2019_to_SOC_Crosswalk.xlsx?fmt=xlsx""}",PROVISIONAL_AUDIT_NOT_FINAL,,,,,,0.0,1.0,
7800,513011,Bakers,51-3011,"[""51-3011""]",[730],[],730,"[""51-3011""]","[""51-3011""]","[""51-3011""]",[],[],[],[],1,1,1,COMPLETE_DOCUMENTED,detailed,covered,"Equal rated O*NET children within detailed SOC, then equal detailed SOC members; fully rated groups only",SINGLE_RATED_MEMBER,51,[],[],"{""pums_url"": ""https://www2.census.gov/programs-surveys/demo/guidance/industry-occupation/2018-ACS-PUMS-and-2018-SIPP-Public-Use-Occupation-Code-List.xlsx"", ""pums_sheet"": ""ACS"", ""bls_url"": ""https://www.bls.gov/soc/2018/soc_structure_2018.pdf"", ""onet_url"": ""https://www.onetcenter.org/taxonomy/2019/soc/2019_to_SOC_Crosswalk.xlsx?fmt=xlsx""}",PROVISIONAL_AUDIT_NOT_FINAL,0.2647058823529412,0.2647058823529412,0.2647058823529412,0.2647058823529412,0.2647058823529412,0.2647058823529412,0.2647058823529412,
7810,513020,"Butchers and other meat, poultry, and fish processing workers",51-3020,"[""51-3020""]",[731],[],731,"[""51-3021"", ""51-3022"", ""51-3023""]","[""51-3021"", ""51-3022"", ""51-3023""]","[""51-3021"", ""51-3022"", ""51-3023""]",[],[],[],[],3,3,3,COMPLETE_DOCUMENTED,broad,covered,"Equal rated O*NET children within detailed SOC, then equal detailed SOC members; fully rated groups only",UNKNOWN_INTERNAL_EMPLOYMENT_SHARES,51,[],[],"{""pums_url"": ""https://www2.census.gov/programs-surveys/demo/guidance/industry-occupation/2018-ACS-PUMS-and-2018-SIPP-Public-Use-Occupation-Code-List.xlsx"", ""pums_sheet"": ""ACS"", ""bls_url"": ""https://www.bls.gov/soc/2018/soc_structure_2018.pdf"", ""onet_url"": ""https://www.onetcenter.org/taxonomy/2019/soc/2019_to_SOC_Crosswalk.xlsx?fmt=xlsx""}",PROVISIONAL_AUDIT_NOT_FINAL,0.043859649122806994,0.043859649122806994,0.043859649122806994,0.0,0.131578947368421,0.043859649122806994,0.043859649122806994,
7830,513091,"Food and tobacco roasting, baking, and drying machine operators and tenders",51-3091,"[""51-3091""]",[732],[],732,"[""51-3091""]","[""51-3091""]","[""51-3091""]",[],[],[],[],1,1,1,COMPLETE_DOCUMENTED,detailed,covered,"Equal rated O*NET children within detailed SOC, then equal detailed SOC members; fully rated groups only",SINGLE_RATED_MEMBER,51,[],[],"{""pums_url"": ""https://www2.census.gov/programs-surveys/demo/guidance/industry-occupation/2018-ACS-PUMS-and-2018-SIPP-Public-Use-Occupation-Code-List.xlsx"", ""pums_sheet"": ""ACS"", ""bls_url"": ""https://www.bls.gov/soc/2018/soc_structure_2018.pdf"", ""onet_url"": ""https://www.onetcenter.org/taxonomy/2019/soc/2019_to_SOC_Crosswalk.xlsx?fmt=xlsx""}",PROVISIONAL_AUDIT_NOT_FINAL,0.0666666666666666,0.0666666666666666,0.0666666666666666,0.0666666666666666,0.0666666666666666,0.0666666666666666,0.0666666666666666,
7840,513092,Food batchmakers,51-3092,"[""51-3092""]",[733],[],733,"[""51-3092""]","[""51-3092""]","[""51-3092""]",[],[],[],[],1,1,1,COMPLETE_DOCUMENTED,detailed,covered,"Equal rated O*NET children within detailed SOC, then equal detailed SOC members; fully rated groups only",SINGLE_RATED_MEMBER,51,[],[],"{""pums_url"": ""https://www2.census.gov/programs-surveys/demo/guidance/industry-occupation/2018-ACS-PUMS-and-2018-SIPP-Public-Use-Occupation-Code-List.xlsx"", ""pums_sheet"": ""ACS"", ""bls_url"": ""https://www.bls.gov/soc/2018/soc_structure_2018.pdf"", ""onet_url"": ""https://www.onetcenter.org/taxonomy/2019/soc/2019_to_SOC_Crosswalk.xlsx?fmt=xlsx""}",PROVISIONAL_AUDIT_NOT_FINAL,0.1153846153846153,0.1153846153846153,0.1153846153846153,0.1153846153846153,0.1153846153846153,0.1153846153846153,0.1153846153846153,
7850,513093,Food cooking machine operators and tenders,51-3093,"[""51-3093""]",[734],[],734,"[""51-3093""]","[""51-3093""]","[""51-3093""]",[],[],[],[],1,1,1,COMPLETE_DOCUMENTED,detailed,covered,"Equal rated O*NET children within detailed SOC, then equal detailed SOC members; fully rated groups only",SINGLE_RATED_MEMBER,51,[],[],"{""pums_url"": ""https://www2.census.gov/programs-surveys/demo/guidance/industry-occupation/2018-ACS-PUMS-and-2018-SIPP-Public-Use-Occupation-Code-List.xlsx"", ""pums_sheet"": ""ACS"", ""bls_url"": ""https://www.bls.gov/soc/2018/soc_structure_2018.pdf"", ""onet_url"": ""https://www.onetcenter.org/taxonomy/2019/soc/2019_to_SOC_Crosswalk.xlsx?fmt=xlsx""}",PROVISIONAL_AUDIT_NOT_FINAL,0.1290322580645161,0.1290322580645161,0.1290322580645161,0.1290322580645161,0.1290322580645161,0.1290322580645161,0.1290322580645161,
7855,513099,"Food processing workers, all other",51-3099,"[""51-3099""]",[735],[],735,"[""51-3099""]",[],[],"[""51-3099""]",[],"[""51-3099""]",[],1,0,0,COMPLETE_DOCUMENTED,detailed,B_unrated_detailed_or_child,"Equal rated O*NET children within detailed SOC, then equal detailed SOC members; fully rated groups only",SINGLE_RATED_MEMBER,51,"[""51-3099""]","[""51-3099.00""]","{""pums_url"": ""https://www2.census.gov/programs-surveys/demo/guidance/industry-occupation/2018-ACS-PUMS-and-2018-SIPP-Public-Use-Occupation-Code-List.xlsx"", ""pums_sheet"": ""ACS"", ""bls_url"": ""https://www.bls.gov/soc/2018/soc_structure_2018.pdf"", ""onet_url"": ""https://www.onetcenter.org/taxonomy/2019/soc/2019_to_SOC_Crosswalk.xlsx?fmt=xlsx""}",PROVISIONAL_AUDIT_NOT_FINAL,,,,,,0.0,1.0,
7905,519160,Computer numerically controlled tool operators and programmers,51-9160,"[""51-9160""]",[736],[],736,"[""51-9161"", ""51-9162""]","[""51-9161"", ""51-9162""]","[""51-9161"", ""51-9162""]",[],[],[],[],2,2,2,COMPLETE_DOCUMENTED,broad,covered,"Equal rated O*NET children within detailed SOC, then equal detailed SOC members; fully rated groups only",UNKNOWN_INTERNAL_EMPLOYMENT_SHARES,51,[],[],"{""pums_url"": ""https://www2.census.gov/programs-surveys/demo/guidance/industry-occupation/2018-ACS-PUMS-and-2018-SIPP-Public-Use-Occupation-Code-List.xlsx"", ""pums_sheet"": ""ACS"", ""bls_url"": ""https://www.bls.gov/soc/2018/soc_structure_2018.pdf"", ""onet_url"": ""https://www.onetcenter.org/taxonomy/2019/soc/2019_to_SOC_Crosswalk.xlsx?fmt=xlsx""}",PROVISIONAL_AUDIT_NOT_FINAL,0.5267857142857142,0.5267857142857142,0.5267857142857142,0.25,0.8035714285714285,0.5267857142857142,0.5267857142857142,
7925,514020,"Forming machine setters, operators, and tenders, metal and plastic",51-4020,"[""51-4020""]",[737],[],737,"[""51-4021"", ""51-4022"", ""51-4023""]","[""51-4021"", ""51-4022"", ""51-4023""]","[""51-4021"", ""51-4022"", ""51-4023""]",[],[],[],[],3,3,3,COMPLETE_DOCUMENTED,broad,covered,"Equal rated O*NET children within detailed SOC, then equal detailed SOC members; fully rated groups only",UNKNOWN_INTERNAL_EMPLOYMENT_SHARES,51,[],[],"{""pums_url"": ""https://www2.census.gov/programs-surveys/demo/guidance/industry-occupation/2018-ACS-PUMS-and-2018-SIPP-Public-Use-Occupation-Code-List.xlsx"", ""pums_sheet"": ""ACS"", ""bls_url"": ""https://www.bls.gov/soc/2018/soc_structure_2018.pdf"", ""onet_url"": ""https://www.onetcenter.org/taxonomy/2019/soc/2019_to_SOC_Crosswalk.xlsx?fmt=xlsx""}",PROVISIONAL_AUDIT_NOT_FINAL,0.07965686274509799,0.07965686274509799,0.07965686274509799,0.0208333333333333,0.1764705882352941,0.07965686274509799,0.07965686274509799,
7950,514031,"Cutting, punching, and press machine setters, operators, and tenders, metal and plastic",51-4031,"[""51-4031""]",[738],[],738,"[""51-4031""]","[""51-4031""]","[""51-4031""]",[],[],[],[],1,1,1,COMPLETE_DOCUMENTED,detailed,covered,"Equal rated O*NET children within detailed SOC, then equal detailed SOC members; fully rated groups only",SINGLE_RATED_MEMBER,51,[],[],"{""pums_url"": ""https://www2.census.gov/programs-surveys/demo/guidance/industry-occupation/2018-ACS-PUMS-and-2018-SIPP-Public-Use-Occupation-Code-List.xlsx"", ""pums_sheet"": ""ACS"", ""bls_url"": ""https://www.bls.gov/soc/2018/soc_structure_2018.pdf"", ""onet_url"": ""https://www.onetcenter.org/taxonomy/2019/soc/2019_to_SOC_Crosswalk.xlsx?fmt=xlsx""}",PROVISIONAL_AUDIT_NOT_FINAL,0.01,0.01,0.01,0.01,0.01,0.01,0.01,
8000,514033,"Grinding, lapping, polishing, and buffing machine tool setters, operators, and tenders, metal and plastic",51-4033,"[""51-4033""]",[739],[],739,"[""51-4033""]","[""51-4033""]","[""51-4033""]",[],[],[],[],1,1,1,COMPLETE_DOCUMENTED,detailed,covered,"Equal rated O*NET children within detailed SOC, then equal detailed SOC members; fully rated groups only",SINGLE_RATED_MEMBER,51,[],[],"{""pums_url"": ""https://www2.census.gov/programs-surveys/demo/guidance/industry-occupation/2018-ACS-PUMS-and-2018-SIPP-Public-Use-Occupation-Code-List.xlsx"", ""pums_sheet"": ""ACS"", ""bls_url"": ""https://www.bls.gov/soc/2018/soc_structure_2018.pdf"", ""onet_url"": ""https://www.onetcenter.org/taxonomy/2019/soc/2019_to_SOC_Crosswalk.xlsx?fmt=xlsx""}",PROVISIONAL_AUDIT_NOT_FINAL,0.064516129032258,0.064516129032258,0.064516129032258,0.064516129032258,0.064516129032258,0.064516129032258,0.064516129032258,
8025,51403X,"Other machine tool setters, operators, and tenders, metal and plastic",51-403X,"[""51-4032"", ""51-4034"", ""51-4035""]","[742, 743, 744]",[],740,"[""51-4032"", ""51-4034"", ""51-4035""]","[""51-4032"", ""51-4034"", ""51-4035""]","[""51-4032"", ""51-4034"", ""51-4035""]",[],[],[],[],3,3,3,COMPLETE_DOCUMENTED,Census composite X/Y,covered,"Equal rated O*NET children within detailed SOC, then equal detailed SOC members; fully rated groups only",UNKNOWN_INTERNAL_EMPLOYMENT_SHARES,51,[],[],"{""pums_url"": ""https://www2.census.gov/programs-surveys/demo/guidance/industry-occupation/2018-ACS-PUMS-and-2018-SIPP-Public-Use-Occupation-Code-List.xlsx"", ""pums_sheet"": ""ACS"", ""bls_url"": ""https://www.bls.gov/soc/2018/soc_structure_2018.pdf"", ""onet_url"": ""https://www.onetcenter.org/taxonomy/2019/soc/2019_to_SOC_Crosswalk.xlsx?fmt=xlsx""}",PROVISIONAL_AUDIT_NOT_FINAL,0.14432422107616763,0.14432422107616763,0.14432422107616763,0.0303030303030303,0.2413793103448275,0.14432422107616763,0.14432422107616763,
8030,514041,Machinists,51-4041,"[""51-4041""]",[745],[],745,"[""51-4041""]","[""51-4041""]","[""51-4041""]",[],[],[],[],1,1,1,COMPLETE_DOCUMENTED,detailed,covered,"Equal rated O*NET children within detailed SOC, then equal detailed SOC members; fully rated groups only",SINGLE_RATED_MEMBER,51,[],[],"{""pums_url"": ""https://www2.census.gov/programs-surveys/demo/guidance/industry-occupation/2018-ACS-PUMS-and-2018-SIPP-Public-Use-Occupation-Code-List.xlsx"", ""pums_sheet"": ""ACS"", ""bls_url"": ""https://www.bls.gov/soc/2018/soc_structure_2018.pdf"", ""onet_url"": ""https://www.onetcenter.org/taxonomy/2019/soc/2019_to_SOC_Crosswalk.xlsx?fmt=xlsx""}",PROVISIONAL_AUDIT_NOT_FINAL,0.2346938775510204,0.2346938775510204,0.2346938775510204,0.2346938775510204,0.2346938775510204,0.2346938775510204,0.2346938775510204,
8040,514050,"Metal furnace operators, tenders, pourers, and casters",51-4050,"[""51-4050""]",[746],[],746,"[""51-4051"", ""51-4052""]","[""51-4051"", ""51-4052""]","[""51-4051"", ""51-4052""]",[],[],[],[],2,2,2,COMPLETE_DOCUMENTED,broad,covered,"Equal rated O*NET children within detailed SOC, then equal detailed SOC members; fully rated groups only",UNKNOWN_INTERNAL_EMPLOYMENT_SHARES,51,[],[],"{""pums_url"": ""https://www2.census.gov/programs-surveys/demo/guidance/industry-occupation/2018-ACS-PUMS-and-2018-SIPP-Public-Use-Occupation-Code-List.xlsx"", ""pums_sheet"": ""ACS"", ""bls_url"": ""https://www.bls.gov/soc/2018/soc_structure_2018.pdf"", ""onet_url"": ""https://www.onetcenter.org/taxonomy/2019/soc/2019_to_SOC_Crosswalk.xlsx?fmt=xlsx""}",PROVISIONAL_AUDIT_NOT_FINAL,0.0520833333333333,0.0520833333333333,0.0520833333333333,0.0,0.1041666666666666,0.0520833333333333,0.0520833333333333,
8100,5140XX,"Model makers, patternmakers, and molding machine setters, metal and plastic",51-40XX,"[""51-4060"", ""51-4070""]","[749, 750]",[],747,"[""51-4061"", ""51-4062"", ""51-4071"", ""51-4072""]","[""51-4061"", ""51-4062"", ""51-4071"", ""51-4072""]","[""51-4061"", ""51-4062"", ""51-4071"", ""51-4072""]",[],[],[],[],4,4,4,COMPLETE_DOCUMENTED,Census composite X/Y,covered,"Equal rated O*NET children within detailed SOC, then equal detailed SOC members; fully rated groups only",UNKNOWN_INTERNAL_EMPLOYMENT_SHARES,51,[],[],"{""pums_url"": ""https://www2.census.gov/programs-surveys/demo/guidance/industry-occupation/2018-ACS-PUMS-and-2018-SIPP-Public-Use-Occupation-Code-List.xlsx"", ""pums_sheet"": ""ACS"", ""bls_url"": ""https://www.bls.gov/soc/2018/soc_structure_2018.pdf"", ""onet_url"": ""https://www.onetcenter.org/taxonomy/2019/soc/2019_to_SOC_Crosswalk.xlsx?fmt=xlsx""}",PROVISIONAL_AUDIT_NOT_FINAL,0.09871489611533314,0.09871489611533314,0.09871489611533314,0.0,0.1612903225806451,0.09871489611533314,0.09871489611533314,
8130,514111,Tool and die makers,51-4111,"[""51-4111""]",[751],[],751,"[""51-4111""]","[""51-4111""]","[""51-4111""]",[],[],[],[],1,1,1,COMPLETE_DOCUMENTED,detailed,covered,"Equal rated O*NET children within detailed SOC, then equal detailed SOC members; fully rated groups only",SINGLE_RATED_MEMBER,51,[],[],"{""pums_url"": ""https://www2.census.gov/programs-surveys/demo/guidance/industry-occupation/2018-ACS-PUMS-and-2018-SIPP-Public-Use-Occupation-Code-List.xlsx"", ""pums_sheet"": ""ACS"", ""bls_url"": ""https://www.bls.gov/soc/2018/soc_structure_2018.pdf"", ""onet_url"": ""https://www.onetcenter.org/taxonomy/2019/soc/2019_to_SOC_Crosswalk.xlsx?fmt=xlsx""}",PROVISIONAL_AUDIT_NOT_FINAL,0.1875,0.1875,0.1875,0.1875,0.1875,0.1875,0.1875,
8140,514120,"Welding, soldering, and brazing workers",51-4120,"[""51-4120""]",[752],[],752,"[""51-4121"", ""51-4122""]","[""51-4121"", ""51-4122""]","[""51-4121"", ""51-4122""]",[],[],[],[],2,2,2,COMPLETE_DOCUMENTED,broad,covered,"Equal rated O*NET children within detailed SOC, then equal detailed SOC members; fully rated groups only",UNKNOWN_INTERNAL_EMPLOYMENT_SHARES,51,[],[],"{""pums_url"": ""https://www2.census.gov/programs-surveys/demo/guidance/industry-occupation/2018-ACS-PUMS-and-2018-SIPP-Public-Use-Occupation-Code-List.xlsx"", ""pums_sheet"": ""ACS"", ""bls_url"": ""https://www.bls.gov/soc/2018/soc_structure_2018.pdf"", ""onet_url"": ""https://www.onetcenter.org/taxonomy/2019/soc/2019_to_SOC_Crosswalk.xlsx?fmt=xlsx""}",PROVISIONAL_AUDIT_NOT_FINAL,0.07820855614973254,0.07820855614973254,0.07820855614973254,0.0681818181818181,0.088235294117647,0.07820855614973254,0.07820855614973254,
8225,514XXX,Other metal workers and plastic workers,51-4XXX,"[""51-4081"", ""51-4191"", ""51-4192"", ""51-4193"", ""51-4194"", ""51-4199""]","[755, 756, 757, 758, 759, 760]",[],753,"[""51-4081"", ""51-4191"", ""51-4192"", ""51-4193"", ""51-4194"", ""51-4199""]","[""51-4081"", ""51-4191"", ""51-4192"", ""51-4193"", ""51-4194""]","[""51-4081"", ""51-4191"", ""51-4192"", ""51-4193"", ""51-4194""]","[""51-4199""]",[],"[""51-4199""]",[],6,5,5,COMPLETE_DOCUMENTED,Census composite X/Y,B_unrated_detailed_or_child,"Equal rated O*NET children within detailed SOC, then equal detailed SOC members; fully rated groups only",UNKNOWN_INTERNAL_EMPLOYMENT_SHARES,51,"[""51-4199""]","[""51-4199.00""]","{""pums_url"": ""https://www2.census.gov/programs-surveys/demo/guidance/industry-occupation/2018-ACS-PUMS-and-2018-SIPP-Public-Use-Occupation-Code-List.xlsx"", ""pums_sheet"": ""ACS"", ""bls_url"": ""https://www.bls.gov/soc/2018/soc_structure_2018.pdf"", ""onet_url"": ""https://www.onetcenter.org/taxonomy/2019/soc/2019_to_SOC_Crosswalk.xlsx?fmt=xlsx""}",PROVISIONAL_AUDIT_NOT_FINAL,,,,,,0.0,1.0,
8250,515111,Prepress technicians and workers,51-5111,"[""51-5111""]",[761],[],761,"[""51-5111""]","[""51-5111""]","[""51-5111""]",[],[],[],[],1,1,1,COMPLETE_DOCUMENTED,detailed,covered,"Equal rated O*NET children within detailed SOC, then equal detailed SOC members; fully rated groups only",SINGLE_RATED_MEMBER,51,[],[],"{""pums_url"": ""https://www2.census.gov/programs-surveys/demo/guidance/industry-occupation/2018-ACS-PUMS-and-2018-SIPP-Public-Use-Occupation-Code-List.xlsx"", ""pums_sheet"": ""ACS"", ""bls_url"": ""https://www.bls.gov/soc/2018/soc_structure_2018.pdf"", ""onet_url"": ""https://www.onetcenter.org/taxonomy/2019/soc/2019_to_SOC_Crosswalk.xlsx?fmt=xlsx""}",PROVISIONAL_AUDIT_NOT_FINAL,0.4375,0.4375,0.4375,0.4375,0.4375,0.4375,0.4375,
8255,515112,Printing press operators,51-5112,"[""51-5112""]",[762],[],762,"[""51-5112""]","[""51-5112""]","[""51-5112""]",[],[],[],[],1,1,1,COMPLETE_DOCUMENTED,detailed,covered,"Equal rated O*NET children within detailed SOC, then equal detailed SOC members; fully rated groups only",SINGLE_RATED_MEMBER,51,[],[],"{""pums_url"": ""https://www2.census.gov/programs-surveys/demo/guidance/industry-occupation/2018-ACS-PUMS-and-2018-SIPP-Public-Use-Occupation-Code-List.xlsx"", ""pums_sheet"": ""ACS"", ""bls_url"": ""https://www.bls.gov/soc/2018/soc_structure_2018.pdf"", ""onet_url"": ""https://www.onetcenter.org/taxonomy/2019/soc/2019_to_SOC_Crosswalk.xlsx?fmt=xlsx""}",PROVISIONAL_AUDIT_NOT_FINAL,0.2875,0.2875,0.2875,0.2875,0.2875,0.2875,0.2875,
8256,515113,Print binding and finishing workers,51-5113,"[""51-5113""]",[763],[],763,"[""51-5113""]","[""51-5113""]","[""51-5113""]",[],[],[],[],1,1,1,COMPLETE_DOCUMENTED,detailed,covered,"Equal rated O*NET children within detailed SOC, then equal detailed SOC members; fully rated groups only",SINGLE_RATED_MEMBER,51,[],[],"{""pums_url"": ""https://www2.census.gov/programs-surveys/demo/guidance/industry-occupation/2018-ACS-PUMS-and-2018-SIPP-Public-Use-Occupation-Code-List.xlsx"", ""pums_sheet"": ""ACS"", ""bls_url"": ""https://www.bls.gov/soc/2018/soc_structure_2018.pdf"", ""onet_url"": ""https://www.onetcenter.org/taxonomy/2019/soc/2019_to_SOC_Crosswalk.xlsx?fmt=xlsx""}",PROVISIONAL_AUDIT_NOT_FINAL,0.0897435897435897,0.0897435897435897,0.0897435897435897,0.0897435897435897,0.0897435897435897,0.0897435897435897,0.0897435897435897,
8300,516011,Laundry and dry-cleaning workers,51-6011,"[""51-6011""]",[764],[],764,"[""51-6011""]","[""51-6011""]","[""51-6011""]",[],[],[],[],1,1,1,COMPLETE_DOCUMENTED,detailed,covered,"Equal rated O*NET children within detailed SOC, then equal detailed SOC members; fully rated groups only",SINGLE_RATED_MEMBER,51,[],[],"{""pums_url"": ""https://www2.census.gov/programs-surveys/demo/guidance/industry-occupation/2018-ACS-PUMS-and-2018-SIPP-Public-Use-Occupation-Code-List.xlsx"", ""pums_sheet"": ""ACS"", ""bls_url"": ""https://www.bls.gov/soc/2018/soc_structure_2018.pdf"", ""onet_url"": ""https://www.onetcenter.org/taxonomy/2019/soc/2019_to_SOC_Crosswalk.xlsx?fmt=xlsx""}",PROVISIONAL_AUDIT_NOT_FINAL,0.05,0.05,0.05,0.05,0.05,0.05,0.05,
8310,516021,"Pressers, textile, garment, and related materials",51-6021,"[""51-6021""]",[765],[],765,"[""51-6021""]","[""51-6021""]","[""51-6021""]",[],[],[],[],1,1,1,COMPLETE_DOCUMENTED,detailed,covered,"Equal rated O*NET children within detailed SOC, then equal detailed SOC members; fully rated groups only",SINGLE_RATED_MEMBER,51,[],[],"{""pums_url"": ""https://www2.census.gov/programs-surveys/demo/guidance/industry-occupation/2018-ACS-PUMS-and-2018-SIPP-Public-Use-Occupation-Code-List.xlsx"", ""pums_sheet"": ""ACS"", ""bls_url"": ""https://www.bls.gov/soc/2018/soc_structure_2018.pdf"", ""onet_url"": ""https://www.onetcenter.org/taxonomy/2019/soc/2019_to_SOC_Crosswalk.xlsx?fmt=xlsx""}",PROVISIONAL_AUDIT_NOT_FINAL,0.0104166666666666,0.0104166666666666,0.0104166666666666,0.0104166666666666,0.0104166666666666,0.0104166666666666,0.0104166666666666,
8320,516031,Sewing machine operators,51-6031,"[""51-6031""]",[766],[],766,"[""51-6031""]","[""51-6031""]","[""51-6031""]",[],[],[],[],1,1,1,COMPLETE_DOCUMENTED,detailed,covered,"Equal rated O*NET children within detailed SOC, then equal detailed SOC members; fully rated groups only",SINGLE_RATED_MEMBER,51,[],[],"{""pums_url"": ""https://www2.census.gov/programs-surveys/demo/guidance/industry-occupation/2018-ACS-PUMS-and-2018-SIPP-Public-Use-Occupation-Code-List.xlsx"", ""pums_sheet"": ""ACS"", ""bls_url"": ""https://www.bls.gov/soc/2018/soc_structure_2018.pdf"", ""onet_url"": ""https://www.onetcenter.org/taxonomy/2019/soc/2019_to_SOC_Crosswalk.xlsx?fmt=xlsx""}",PROVISIONAL_AUDIT_NOT_FINAL,0.0813953488372093,0.0813953488372093,0.0813953488372093,0.0813953488372093,0.0813953488372093,0.0813953488372093,0.0813953488372093,
8335,516040,Shoe and leather workers,51-6040,"[""51-6040""]",[767],[],767,"[""51-6041"", ""51-6042""]","[""51-6041"", ""51-6042""]","[""51-6041"", ""51-6042""]",[],[],[],[],2,2,2,COMPLETE_DOCUMENTED,broad,covered,"Equal rated O*NET children within detailed SOC, then equal detailed SOC members; fully rated groups only",UNKNOWN_INTERNAL_EMPLOYMENT_SHARES,51,[],[],"{""pums_url"": ""https://www2.census.gov/programs-surveys/demo/guidance/industry-occupation/2018-ACS-PUMS-and-2018-SIPP-Public-Use-Occupation-Code-List.xlsx"", ""pums_sheet"": ""ACS"", ""bls_url"": ""https://www.bls.gov/soc/2018/soc_structure_2018.pdf"", ""onet_url"": ""https://www.onetcenter.org/taxonomy/2019/soc/2019_to_SOC_Crosswalk.xlsx?fmt=xlsx""}",PROVISIONAL_AUDIT_NOT_FINAL,0.07289002557544755,0.07289002557544755,0.07289002557544755,0.0588235294117647,0.0869565217391304,0.07289002557544755,0.07289002557544755,
8350,516050,"Tailors, dressmakers, and sewers",51-6050,"[""51-6050""]",[768],[],768,"[""51-6051"", ""51-6052""]","[""51-6051"", ""51-6052""]","[""51-6051"", ""51-6052""]",[],[],[],[],2,2,2,COMPLETE_DOCUMENTED,broad,covered,"Equal rated O*NET children within detailed SOC, then equal detailed SOC members; fully rated groups only",UNKNOWN_INTERNAL_EMPLOYMENT_SHARES,51,[],[],"{""pums_url"": ""https://www2.census.gov/programs-surveys/demo/guidance/industry-occupation/2018-ACS-PUMS-and-2018-SIPP-Public-Use-Occupation-Code-List.xlsx"", ""pums_sheet"": ""ACS"", ""bls_url"": ""https://www.bls.gov/soc/2018/soc_structure_2018.pdf"", ""onet_url"": ""https://www.onetcenter.org/taxonomy/2019/soc/2019_to_SOC_Crosswalk.xlsx?fmt=xlsx""}",PROVISIONAL_AUDIT_NOT_FINAL,0.06628787878787876,0.06628787878787876,0.06628787878787876,0.0416666666666666,0.0909090909090909,0.06628787878787876,0.06628787878787876,
8365,516060,"Textile machine setters, operators, and tenders",51-6060,"[""51-6060""]",[769],[],769,"[""51-6061"", ""51-6062"", ""51-6063"", ""51-6064""]","[""51-6061"", ""51-6062"", ""51-6063"", ""51-6064""]","[""51-6061"", ""51-6062"", ""51-6063"", ""51-6064""]",[],[],[],[],4,4,4,COMPLETE_DOCUMENTED,broad,covered,"Equal rated O*NET children within detailed SOC, then equal detailed SOC members; fully rated groups only",UNKNOWN_INTERNAL_EMPLOYMENT_SHARES,51,[],[],"{""pums_url"": ""https://www2.census.gov/programs-surveys/demo/guidance/industry-occupation/2018-ACS-PUMS-and-2018-SIPP-Public-Use-Occupation-Code-List.xlsx"", ""pums_sheet"": ""ACS"", ""bls_url"": ""https://www.bls.gov/soc/2018/soc_structure_2018.pdf"", ""onet_url"": ""https://www.onetcenter.org/taxonomy/2019/soc/2019_to_SOC_Crosswalk.xlsx?fmt=xlsx""}",PROVISIONAL_AUDIT_NOT_FINAL,0.14014332706766916,0.14014332706766916,0.14014332706766916,0.0857142857142857,0.1607142857142857,0.14014332706766916,0.14014332706766916,
8450,516093,Upholsterers,51-6093,"[""51-6093""]",[770],[],770,"[""51-6093""]","[""51-6093""]","[""51-6093""]",[],[],[],[],1,1,1,COMPLETE_DOCUMENTED,detailed,covered,"Equal rated O*NET children within detailed SOC, then equal detailed SOC members; fully rated groups only",SINGLE_RATED_MEMBER,51,[],[],"{""pums_url"": ""https://www2.census.gov/programs-surveys/demo/guidance/industry-occupation/2018-ACS-PUMS-and-2018-SIPP-Public-Use-Occupation-Code-List.xlsx"", ""pums_sheet"": ""ACS"", ""bls_url"": ""https://www.bls.gov/soc/2018/soc_structure_2018.pdf"", ""onet_url"": ""https://www.onetcenter.org/taxonomy/2019/soc/2019_to_SOC_Crosswalk.xlsx?fmt=xlsx""}",PROVISIONAL_AUDIT_NOT_FINAL,0.1911764705882352,0.1911764705882352,0.1911764705882352,0.1911764705882352,0.1911764705882352,0.1911764705882352,0.1911764705882352,
8465,51609X,"Other textile, apparel, and furnishings workers",51-609X,"[""51-6091"", ""51-6092"", ""51-6099""]","[773, 774, 775]",[],771,"[""51-6091"", ""51-6092"", ""51-6099""]","[""51-6091"", ""51-6092""]","[""51-6091"", ""51-6092""]","[""51-6099""]",[],"[""51-6099""]",[],3,2,2,COMPLETE_DOCUMENTED,Census composite X/Y,B_unrated_detailed_or_child,"Equal rated O*NET children within detailed SOC, then equal detailed SOC members; fully rated groups only",UNKNOWN_INTERNAL_EMPLOYMENT_SHARES,51,"[""51-6099""]","[""51-6099.00""]","{""pums_url"": ""https://www2.census.gov/programs-surveys/demo/guidance/industry-occupation/2018-ACS-PUMS-and-2018-SIPP-Public-Use-Occupation-Code-List.xlsx"", ""pums_sheet"": ""ACS"", ""bls_url"": ""https://www.bls.gov/soc/2018/soc_structure_2018.pdf"", ""onet_url"": ""https://www.onetcenter.org/taxonomy/2019/soc/2019_to_SOC_Crosswalk.xlsx?fmt=xlsx""}",PROVISIONAL_AUDIT_NOT_FINAL,,,,,,0.0,1.0,
8500,517011,Cabinetmakers and bench carpenters,51-7011,"[""51-7011""]",[776],[],776,"[""51-7011""]","[""51-7011""]","[""51-7011""]",[],[],[],[],1,1,1,COMPLETE_DOCUMENTED,detailed,covered,"Equal rated O*NET children within detailed SOC, then equal detailed SOC members; fully rated groups only",SINGLE_RATED_MEMBER,51,[],[],"{""pums_url"": ""https://www2.census.gov/programs-surveys/demo/guidance/industry-occupation/2018-ACS-PUMS-and-2018-SIPP-Public-Use-Occupation-Code-List.xlsx"", ""pums_sheet"": ""ACS"", ""bls_url"": ""https://www.bls.gov/soc/2018/soc_structure_2018.pdf"", ""onet_url"": ""https://www.onetcenter.org/taxonomy/2019/soc/2019_to_SOC_Crosswalk.xlsx?fmt=xlsx""}",PROVISIONAL_AUDIT_NOT_FINAL,0.1176470588235294,0.1176470588235294,0.1176470588235294,0.1176470588235294,0.1176470588235294,0.1176470588235294,0.1176470588235294,
8510,517021,Furniture finishers,51-7021,"[""51-7021""]",[777],[],777,"[""51-7021""]","[""51-7021""]","[""51-7021""]",[],[],[],[],1,1,1,COMPLETE_DOCUMENTED,detailed,covered,"Equal rated O*NET children within detailed SOC, then equal detailed SOC members; fully rated groups only",SINGLE_RATED_MEMBER,51,[],[],"{""pums_url"": ""https://www2.census.gov/programs-surveys/demo/guidance/industry-occupation/2018-ACS-PUMS-and-2018-SIPP-Public-Use-Occupation-Code-List.xlsx"", ""pums_sheet"": ""ACS"", ""bls_url"": ""https://www.bls.gov/soc/2018/soc_structure_2018.pdf"", ""onet_url"": ""https://www.onetcenter.org/taxonomy/2019/soc/2019_to_SOC_Crosswalk.xlsx?fmt=xlsx""}",PROVISIONAL_AUDIT_NOT_FINAL,0.0285714285714285,0.0285714285714285,0.0285714285714285,0.0285714285714285,0.0285714285714285,0.0285714285714285,0.0285714285714285,
8530,517041,"Sawing machine setters, operators, and tenders, wood",51-7041,"[""51-7041""]",[778],[],778,"[""51-7041""]","[""51-7041""]","[""51-7041""]",[],[],[],[],1,1,1,COMPLETE_DOCUMENTED,detailed,covered,"Equal rated O*NET children within detailed SOC, then equal detailed SOC members; fully rated groups only",SINGLE_RATED_MEMBER,51,[],[],"{""pums_url"": ""https://www2.census.gov/programs-surveys/demo/guidance/industry-occupation/2018-ACS-PUMS-and-2018-SIPP-Public-Use-Occupation-Code-List.xlsx"", ""pums_sheet"": ""ACS"", ""bls_url"": ""https://www.bls.gov/soc/2018/soc_structure_2018.pdf"", ""onet_url"": ""https://www.onetcenter.org/taxonomy/2019/soc/2019_to_SOC_Crosswalk.xlsx?fmt=xlsx""}",PROVISIONAL_AUDIT_NOT_FINAL,0.0588235294117647,0.0588235294117647,0.0588235294117647,0.0588235294117647,0.0588235294117647,0.0588235294117647,0.0588235294117647,
8540,517042,"Woodworking machine setters, operators, and tenders, except sawing",51-7042,"[""51-7042""]",[779],[],779,"[""51-7042""]","[""51-7042""]","[""51-7042""]",[],[],[],[],1,1,1,COMPLETE_DOCUMENTED,detailed,covered,"Equal rated O*NET children within detailed SOC, then equal detailed SOC members; fully rated groups only",SINGLE_RATED_MEMBER,51,[],[],"{""pums_url"": ""https://www2.census.gov/programs-surveys/demo/guidance/industry-occupation/2018-ACS-PUMS-and-2018-SIPP-Public-Use-Occupation-Code-List.xlsx"", ""pums_sheet"": ""ACS"", ""bls_url"": ""https://www.bls.gov/soc/2018/soc_structure_2018.pdf"", ""onet_url"": ""https://www.onetcenter.org/taxonomy/2019/soc/2019_to_SOC_Crosswalk.xlsx?fmt=xlsx""}",PROVISIONAL_AUDIT_NOT_FINAL,0.0652173913043478,0.0652173913043478,0.0652173913043478,0.0652173913043478,0.0652173913043478,0.0652173913043478,0.0652173913043478,
8555,5170XX,Other woodworkers,51-70XX,"[""51-7030"", ""51-7099""]","[782, 783]",[],780,"[""51-7031"", ""51-7032"", ""51-7099""]","[""51-7031"", ""51-7032""]","[""51-7031"", ""51-7032""]","[""51-7099""]",[],"[""51-7099""]",[],3,2,2,COMPLETE_DOCUMENTED,Census composite X/Y,B_unrated_detailed_or_child,"Equal rated O*NET children within detailed SOC, then equal detailed SOC members; fully rated groups only",UNKNOWN_INTERNAL_EMPLOYMENT_SHARES,51,"[""51-7099""]","[""51-7099.00""]","{""pums_url"": ""https://www2.census.gov/programs-surveys/demo/guidance/industry-occupation/2018-ACS-PUMS-and-2018-SIPP-Public-Use-Occupation-Code-List.xlsx"", ""pums_sheet"": ""ACS"", ""bls_url"": ""https://www.bls.gov/soc/2018/soc_structure_2018.pdf"", ""onet_url"": ""https://www.onetcenter.org/taxonomy/2019/soc/2019_to_SOC_Crosswalk.xlsx?fmt=xlsx""}",PROVISIONAL_AUDIT_NOT_FINAL,,,,,,0.0,1.0,
8600,518010,"Power plant operators, distributors, and dispatchers",51-8010,"[""51-8010""]",[784],[],784,"[""51-8011"", ""51-8012"", ""51-8013""]","[""51-8011"", ""51-8012"", ""51-8013""]","[""51-8011"", ""51-8012"", ""51-8013""]",[],[],[],[],3,3,3,COMPLETE_DOCUMENTED,broad,covered,"Equal rated O*NET children within detailed SOC, then equal detailed SOC members; fully rated groups only",UNKNOWN_INTERNAL_EMPLOYMENT_SHARES,51,[],[],"{""pums_url"": ""https://www2.census.gov/programs-surveys/demo/guidance/industry-occupation/2018-ACS-PUMS-and-2018-SIPP-Public-Use-Occupation-Code-List.xlsx"", ""pums_sheet"": ""ACS"", ""bls_url"": ""https://www.bls.gov/soc/2018/soc_structure_2018.pdf"", ""onet_url"": ""https://www.onetcenter.org/taxonomy/2019/soc/2019_to_SOC_Crosswalk.xlsx?fmt=xlsx""}",PROVISIONAL_AUDIT_NOT_FINAL,0.28280352545058424,0.28280352545058424,0.23177361853832443,0.1,0.375,0.28280352545058424,0.28280352545058424,
8610,518021,Stationary engineers and boiler operators,51-8021,"[""51-8021""]",[785],[],785,"[""51-8021""]","[""51-8021""]","[""51-8021""]",[],[],[],[],1,1,1,COMPLETE_DOCUMENTED,detailed,covered,"Equal rated O*NET children within detailed SOC, then equal detailed SOC members; fully rated groups only",SINGLE_RATED_MEMBER,51,[],[],"{""pums_url"": ""https://www2.census.gov/programs-surveys/demo/guidance/industry-occupation/2018-ACS-PUMS-and-2018-SIPP-Public-Use-Occupation-Code-List.xlsx"", ""pums_sheet"": ""ACS"", ""bls_url"": ""https://www.bls.gov/soc/2018/soc_structure_2018.pdf"", ""onet_url"": ""https://www.onetcenter.org/taxonomy/2019/soc/2019_to_SOC_Crosswalk.xlsx?fmt=xlsx""}",PROVISIONAL_AUDIT_NOT_FINAL,0.1627906976744186,0.1627906976744186,0.1627906976744186,0.1627906976744186,0.1627906976744186,0.1627906976744186,0.1627906976744186,
8620,518031,Water and wastewater treatment plant and system operators,51-8031,"[""51-8031""]",[786],[],786,"[""51-8031""]","[""51-8031""]","[""51-8031""]",[],[],[],[],1,1,1,COMPLETE_DOCUMENTED,detailed,covered,"Equal rated O*NET children within detailed SOC, then equal detailed SOC members; fully rated groups only",SINGLE_RATED_MEMBER,51,[],[],"{""pums_url"": ""https://www2.census.gov/programs-surveys/demo/guidance/industry-occupation/2018-ACS-PUMS-and-2018-SIPP-Public-Use-Occupation-Code-List.xlsx"", ""pums_sheet"": ""ACS"", ""bls_url"": ""https://www.bls.gov/soc/2018/soc_structure_2018.pdf"", ""onet_url"": ""https://www.onetcenter.org/taxonomy/2019/soc/2019_to_SOC_Crosswalk.xlsx?fmt=xlsx""}",PROVISIONAL_AUDIT_NOT_FINAL,0.125,0.125,0.125,0.125,0.125,0.125,0.125,
8630,518090,Miscellaneous plant and system operators,51-8090,"[""51-8090""]",[787],[],787,"[""51-8091"", ""51-8092"", ""51-8093"", ""51-8099""]","[""51-8091"", ""51-8092"", ""51-8093"", ""51-8099""]","[""51-8091"", ""51-8092"", ""51-8093""]",[],"[""51-8099""]","[""51-8099""]",[],4,4,3,COMPLETE_DOCUMENTED,broad,B_unrated_detailed_or_child,"Equal rated O*NET children within detailed SOC, then equal detailed SOC members; fully rated groups only",UNKNOWN_INTERNAL_EMPLOYMENT_SHARES,51,"[""51-8099""]","[""51-8099.00""]","{""pums_url"": ""https://www2.census.gov/programs-surveys/demo/guidance/industry-occupation/2018-ACS-PUMS-and-2018-SIPP-Public-Use-Occupation-Code-List.xlsx"", ""pums_sheet"": ""ACS"", ""bls_url"": ""https://www.bls.gov/soc/2018/soc_structure_2018.pdf"", ""onet_url"": ""https://www.onetcenter.org/taxonomy/2019/soc/2019_to_SOC_Crosswalk.xlsx?fmt=xlsx""}",PROVISIONAL_AUDIT_NOT_FINAL,0.13374542433231457,,,,,0.0,1.0,
8640,519010,"Chemical processing machine setters, operators, and tenders",51-9010,"[""51-9010""]",[788],[],788,"[""51-9011"", ""51-9012""]","[""51-9011"", ""51-9012""]","[""51-9011"", ""51-9012""]",[],[],[],[],2,2,2,COMPLETE_DOCUMENTED,broad,covered,"Equal rated O*NET children within detailed SOC, then equal detailed SOC members; fully rated groups only",UNKNOWN_INTERNAL_EMPLOYMENT_SHARES,51,[],[],"{""pums_url"": ""https://www2.census.gov/programs-surveys/demo/guidance/industry-occupation/2018-ACS-PUMS-and-2018-SIPP-Public-Use-Occupation-Code-List.xlsx"", ""pums_sheet"": ""ACS"", ""bls_url"": ""https://www.bls.gov/soc/2018/soc_structure_2018.pdf"", ""onet_url"": ""https://www.onetcenter.org/taxonomy/2019/soc/2019_to_SOC_Crosswalk.xlsx?fmt=xlsx""}",PROVISIONAL_AUDIT_NOT_FINAL,0.14751552795031048,0.14751552795031048,0.14751552795031048,0.1428571428571428,0.1521739130434782,0.14751552795031048,0.14751552795031048,
8650,519020,"Crushing, grinding, polishing, mixing, and blending workers",51-9020,"[""51-9020""]",[789],[],789,"[""51-9021"", ""51-9022"", ""51-9023""]","[""51-9021"", ""51-9022"", ""51-9023""]","[""51-9021"", ""51-9022"", ""51-9023""]",[],[],[],[],3,3,3,COMPLETE_DOCUMENTED,broad,covered,"Equal rated O*NET children within detailed SOC, then equal detailed SOC members; fully rated groups only",UNKNOWN_INTERNAL_EMPLOYMENT_SHARES,51,[],[],"{""pums_url"": ""https://www2.census.gov/programs-surveys/demo/guidance/industry-occupation/2018-ACS-PUMS-and-2018-SIPP-Public-Use-Occupation-Code-List.xlsx"", ""pums_sheet"": ""ACS"", ""bls_url"": ""https://www.bls.gov/soc/2018/soc_structure_2018.pdf"", ""onet_url"": ""https://www.onetcenter.org/taxonomy/2019/soc/2019_to_SOC_Crosswalk.xlsx?fmt=xlsx""}",PROVISIONAL_AUDIT_NOT_FINAL,0.08497783497783497,0.08497783497783497,0.08497783497783497,0.0357142857142857,0.1111111111111111,0.08497783497783497,0.08497783497783497,
8710,519030,Cutting workers,51-9030,"[""51-9030""]",[790],[],790,"[""51-9031"", ""51-9032""]","[""51-9031"", ""51-9032""]","[""51-9031"", ""51-9032""]",[],[],[],[],2,2,2,COMPLETE_DOCUMENTED,broad,covered,"Equal rated O*NET children within detailed SOC, then equal detailed SOC members; fully rated groups only",UNKNOWN_INTERNAL_EMPLOYMENT_SHARES,51,[],[],"{""pums_url"": ""https://www2.census.gov/programs-surveys/demo/guidance/industry-occupation/2018-ACS-PUMS-and-2018-SIPP-Public-Use-Occupation-Code-List.xlsx"", ""pums_sheet"": ""ACS"", ""bls_url"": ""https://www.bls.gov/soc/2018/soc_structure_2018.pdf"", ""onet_url"": ""https://www.onetcenter.org/taxonomy/2019/soc/2019_to_SOC_Crosswalk.xlsx?fmt=xlsx""}",PROVISIONAL_AUDIT_NOT_FINAL,0.03409090909090905,0.03409090909090905,0.03409090909090905,0.0,0.0681818181818181,0.03409090909090905,0.03409090909090905,
8720,519041,"Extruding, forming, pressing, and compacting machine setters, operators, and tenders",51-9041,"[""51-9041""]",[791],[],791,"[""51-9041""]","[""51-9041""]","[""51-9041""]",[],[],[],[],1,1,1,COMPLETE_DOCUMENTED,detailed,covered,"Equal rated O*NET children within detailed SOC, then equal detailed SOC members; fully rated groups only",SINGLE_RATED_MEMBER,51,[],[],"{""pums_url"": ""https://www2.census.gov/programs-surveys/demo/guidance/industry-occupation/2018-ACS-PUMS-and-2018-SIPP-Public-Use-Occupation-Code-List.xlsx"", ""pums_sheet"": ""ACS"", ""bls_url"": ""https://www.bls.gov/soc/2018/soc_structure_2018.pdf"", ""onet_url"": ""https://www.onetcenter.org/taxonomy/2019/soc/2019_to_SOC_Crosswalk.xlsx?fmt=xlsx""}",PROVISIONAL_AUDIT_NOT_FINAL,0.075,0.075,0.075,0.075,0.075,0.075,0.075,
8730,519051,"Furnace, kiln, oven, drier, and kettle operators and tenders",51-9051,"[""51-9051""]",[792],[],792,"[""51-9051""]","[""51-9051""]","[""51-9051""]",[],[],[],[],1,1,1,COMPLETE_DOCUMENTED,detailed,covered,"Equal rated O*NET children within detailed SOC, then equal detailed SOC members; fully rated groups only",SINGLE_RATED_MEMBER,51,[],[],"{""pums_url"": ""https://www2.census.gov/programs-surveys/demo/guidance/industry-occupation/2018-ACS-PUMS-and-2018-SIPP-Public-Use-Occupation-Code-List.xlsx"", ""pums_sheet"": ""ACS"", ""bls_url"": ""https://www.bls.gov/soc/2018/soc_structure_2018.pdf"", ""onet_url"": ""https://www.onetcenter.org/taxonomy/2019/soc/2019_to_SOC_Crosswalk.xlsx?fmt=xlsx""}",PROVISIONAL_AUDIT_NOT_FINAL,0.16,0.16,0.16,0.16,0.16,0.16,0.16,
8740,519061,"Inspectors, testers, sorters, samplers, and weighers",51-9061,"[""51-9061""]",[793],[],793,"[""51-9061""]","[""51-9061""]","[""51-9061""]",[],[],[],[],1,1,1,COMPLETE_DOCUMENTED,detailed,covered,"Equal rated O*NET children within detailed SOC, then equal detailed SOC members; fully rated groups only",SINGLE_RATED_MEMBER,51,[],[],"{""pums_url"": ""https://www2.census.gov/programs-surveys/demo/guidance/industry-occupation/2018-ACS-PUMS-and-2018-SIPP-Public-Use-Occupation-Code-List.xlsx"", ""pums_sheet"": ""ACS"", ""bls_url"": ""https://www.bls.gov/soc/2018/soc_structure_2018.pdf"", ""onet_url"": ""https://www.onetcenter.org/taxonomy/2019/soc/2019_to_SOC_Crosswalk.xlsx?fmt=xlsx""}",PROVISIONAL_AUDIT_NOT_FINAL,0.4166666666666666,0.4166666666666666,0.4166666666666666,0.4166666666666666,0.4166666666666666,0.4166666666666666,0.4166666666666666,
8750,519071,Jewelers and precious stone and metal workers,51-9071,"[""51-9071""]",[794],[],794,"[""51-9071""]","[""51-9071""]","[""51-9071""]",[],[],[],[],1,1,1,COMPLETE_DOCUMENTED,detailed,covered,"Equal rated O*NET children within detailed SOC, then equal detailed SOC members; fully rated groups only",UNKNOWN_INTERNAL_EMPLOYMENT_SHARES,51,[],[],"{""pums_url"": ""https://www2.census.gov/programs-surveys/demo/guidance/industry-occupation/2018-ACS-PUMS-and-2018-SIPP-Public-Use-Occupation-Code-List.xlsx"", ""pums_sheet"": ""ACS"", ""bls_url"": ""https://www.bls.gov/soc/2018/soc_structure_2018.pdf"", ""onet_url"": ""https://www.onetcenter.org/taxonomy/2019/soc/2019_to_SOC_Crosswalk.xlsx?fmt=xlsx""}",PROVISIONAL_AUDIT_NOT_FINAL,0.2053571428571428,0.2053571428571428,0.2053571428571428,0.1785714285714285,0.2321428571428571,0.2053571428571428,0.2053571428571428,
8760,519080,Dental and ophthalmic laboratory technicians and medical appliance technicians,51-9080,"[""51-9080""]",[795],[],795,"[""51-9081"", ""51-9082"", ""51-9083""]","[""51-9081"", ""51-9082"", ""51-9083""]","[""51-9081"", ""51-9082"", ""51-9083""]",[],[],[],[],3,3,3,COMPLETE_DOCUMENTED,broad,covered,"Equal rated O*NET children within detailed SOC, then equal detailed SOC members; fully rated groups only",UNKNOWN_INTERNAL_EMPLOYMENT_SHARES,51,[],[],"{""pums_url"": ""https://www2.census.gov/programs-surveys/demo/guidance/industry-occupation/2018-ACS-PUMS-and-2018-SIPP-Public-Use-Occupation-Code-List.xlsx"", ""pums_sheet"": ""ACS"", ""bls_url"": ""https://www.bls.gov/soc/2018/soc_structure_2018.pdf"", ""onet_url"": ""https://www.onetcenter.org/taxonomy/2019/soc/2019_to_SOC_Crosswalk.xlsx?fmt=xlsx""}",PROVISIONAL_AUDIT_NOT_FINAL,0.09111590038314173,0.09111590038314173,0.09111590038314173,0.0416666666666666,0.1379310344827586,0.09111590038314173,0.09111590038314173,
8800,519111,Packaging and filling machine operators and tenders,51-9111,"[""51-9111""]",[796],[],796,"[""51-9111""]","[""51-9111""]","[""51-9111""]",[],[],[],[],1,1,1,COMPLETE_DOCUMENTED,detailed,covered,"Equal rated O*NET children within detailed SOC, then equal detailed SOC members; fully rated groups only",SINGLE_RATED_MEMBER,51,[],[],"{""pums_url"": ""https://www2.census.gov/programs-surveys/demo/guidance/industry-occupation/2018-ACS-PUMS-and-2018-SIPP-Public-Use-Occupation-Code-List.xlsx"", ""pums_sheet"": ""ACS"", ""bls_url"": ""https://www.bls.gov/soc/2018/soc_structure_2018.pdf"", ""onet_url"": ""https://www.onetcenter.org/taxonomy/2019/soc/2019_to_SOC_Crosswalk.xlsx?fmt=xlsx""}",PROVISIONAL_AUDIT_NOT_FINAL,0.0,0.0,0.0,0.0,0.0,0.0,0.0,
8810,519120,Painting workers,51-9120,"[""51-9120""]",[797],[],797,"[""51-9123"", ""51-9124""]","[""51-9123"", ""51-9124""]","[""51-9123"", ""51-9124""]",[],[],[],[],2,2,2,COMPLETE_DOCUMENTED,broad,covered,"Equal rated O*NET children within detailed SOC, then equal detailed SOC members; fully rated groups only",UNKNOWN_INTERNAL_EMPLOYMENT_SHARES,51,[],[],"{""pums_url"": ""https://www2.census.gov/programs-surveys/demo/guidance/industry-occupation/2018-ACS-PUMS-and-2018-SIPP-Public-Use-Occupation-Code-List.xlsx"", ""pums_sheet"": ""ACS"", ""bls_url"": ""https://www.bls.gov/soc/2018/soc_structure_2018.pdf"", ""onet_url"": ""https://www.onetcenter.org/taxonomy/2019/soc/2019_to_SOC_Crosswalk.xlsx?fmt=xlsx""}",PROVISIONAL_AUDIT_NOT_FINAL,0.0217391304347826,0.0217391304347826,0.0217391304347826,0.0,0.0434782608695652,0.0217391304347826,0.0217391304347826,
8830,519151,Photographic process workers and processing machine operators,51-9151,"[""51-9151""]",[798],[],798,"[""51-9151""]","[""51-9151""]","[""51-9151""]",[],[],[],[],1,1,1,COMPLETE_DOCUMENTED,detailed,covered,"Equal rated O*NET children within detailed SOC, then equal detailed SOC members; fully rated groups only",SINGLE_RATED_MEMBER,51,[],[],"{""pums_url"": ""https://www2.census.gov/programs-surveys/demo/guidance/industry-occupation/2018-ACS-PUMS-and-2018-SIPP-Public-Use-Occupation-Code-List.xlsx"", ""pums_sheet"": ""ACS"", ""bls_url"": ""https://www.bls.gov/soc/2018/soc_structure_2018.pdf"", ""onet_url"": ""https://www.onetcenter.org/taxonomy/2019/soc/2019_to_SOC_Crosswalk.xlsx?fmt=xlsx""}",PROVISIONAL_AUDIT_NOT_FINAL,0.38,0.38,0.38,0.38,0.38,0.38,0.38,
8850,519191,Adhesive bonding machine operators and tenders,51-9191,"[""51-9191""]",[799],[],799,"[""51-9191""]","[""51-9191""]","[""51-9191""]",[],[],[],[],1,1,1,COMPLETE_DOCUMENTED,detailed,covered,"Equal rated O*NET children within detailed SOC, then equal detailed SOC members; fully rated groups only",SINGLE_RATED_MEMBER,51,[],[],"{""pums_url"": ""https://www2.census.gov/programs-surveys/demo/guidance/industry-occupation/2018-ACS-PUMS-and-2018-SIPP-Public-Use-Occupation-Code-List.xlsx"", ""pums_sheet"": ""ACS"", ""bls_url"": ""https://www.bls.gov/soc/2018/soc_structure_2018.pdf"", ""onet_url"": ""https://www.onetcenter.org/taxonomy/2019/soc/2019_to_SOC_Crosswalk.xlsx?fmt=xlsx""}",PROVISIONAL_AUDIT_NOT_FINAL,0.064516129032258,0.064516129032258,0.064516129032258,0.064516129032258,0.064516129032258,0.064516129032258,0.064516129032258,
8910,519194,Etchers and engravers,51-9194,"[""51-9194""]",[800],[],800,"[""51-9194""]","[""51-9194""]","[""51-9194""]",[],[],[],[],1,1,1,COMPLETE_DOCUMENTED,detailed,covered,"Equal rated O*NET children within detailed SOC, then equal detailed SOC members; fully rated groups only",SINGLE_RATED_MEMBER,51,[],[],"{""pums_url"": ""https://www2.census.gov/programs-surveys/demo/guidance/industry-occupation/2018-ACS-PUMS-and-2018-SIPP-Public-Use-Occupation-Code-List.xlsx"", ""pums_sheet"": ""ACS"", ""bls_url"": ""https://www.bls.gov/soc/2018/soc_structure_2018.pdf"", ""onet_url"": ""https://www.onetcenter.org/taxonomy/2019/soc/2019_to_SOC_Crosswalk.xlsx?fmt=xlsx""}",PROVISIONAL_AUDIT_NOT_FINAL,0.1363636363636363,0.1363636363636363,0.1363636363636363,0.1363636363636363,0.1363636363636363,0.1363636363636363,0.1363636363636363,
8920,519195,"Molders, shapers, and casters, except metal and plastic",51-9195,"[""51-9195""]",[801],[],801,"[""51-9195""]","[""51-9195""]","[""51-9195""]",[],[],[],[],1,1,1,COMPLETE_DOCUMENTED,detailed,covered,"Equal rated O*NET children within detailed SOC, then equal detailed SOC members; fully rated groups only",UNKNOWN_INTERNAL_EMPLOYMENT_SHARES,51,[],[],"{""pums_url"": ""https://www2.census.gov/programs-surveys/demo/guidance/industry-occupation/2018-ACS-PUMS-and-2018-SIPP-Public-Use-Occupation-Code-List.xlsx"", ""pums_sheet"": ""ACS"", ""bls_url"": ""https://www.bls.gov/soc/2018/soc_structure_2018.pdf"", ""onet_url"": ""https://www.onetcenter.org/taxonomy/2019/soc/2019_to_SOC_Crosswalk.xlsx?fmt=xlsx""}",PROVISIONAL_AUDIT_NOT_FINAL,0.07098155467720682,0.07098155467720682,0.07098155467720683,0.0,0.1136363636363636,0.07098155467720682,0.07098155467720682,
8930,519196,"Paper goods machine setters, operators, and tenders",51-9196,"[""51-9196""]",[802],[],802,"[""51-9196""]","[""51-9196""]","[""51-9196""]",[],[],[],[],1,1,1,COMPLETE_DOCUMENTED,detailed,covered,"Equal rated O*NET children within detailed SOC, then equal detailed SOC members; fully rated groups only",SINGLE_RATED_MEMBER,51,[],[],"{""pums_url"": ""https://www2.census.gov/programs-surveys/demo/guidance/industry-occupation/2018-ACS-PUMS-and-2018-SIPP-Public-Use-Occupation-Code-List.xlsx"", ""pums_sheet"": ""ACS"", ""bls_url"": ""https://www.bls.gov/soc/2018/soc_structure_2018.pdf"", ""onet_url"": ""https://www.onetcenter.org/taxonomy/2019/soc/2019_to_SOC_Crosswalk.xlsx?fmt=xlsx""}",PROVISIONAL_AUDIT_NOT_FINAL,0.0,0.0,0.0,0.0,0.0,0.0,0.0,
8940,519197,Tire builders,51-9197,"[""51-9197""]",[803],[],803,"[""51-9197""]","[""51-9197""]","[""51-9197""]",[],[],[],[],1,1,1,COMPLETE_DOCUMENTED,detailed,covered,"Equal rated O*NET children within detailed SOC, then equal detailed SOC members; fully rated groups only",SINGLE_RATED_MEMBER,51,[],[],"{""pums_url"": ""https://www2.census.gov/programs-surveys/demo/guidance/industry-occupation/2018-ACS-PUMS-and-2018-SIPP-Public-Use-Occupation-Code-List.xlsx"", ""pums_sheet"": ""ACS"", ""bls_url"": ""https://www.bls.gov/soc/2018/soc_structure_2018.pdf"", ""onet_url"": ""https://www.onetcenter.org/taxonomy/2019/soc/2019_to_SOC_Crosswalk.xlsx?fmt=xlsx""}",PROVISIONAL_AUDIT_NOT_FINAL,0.0192307692307692,0.0192307692307692,0.0192307692307692,0.0192307692307692,0.0192307692307692,0.0192307692307692,0.0192307692307692,
8950,519198,Helpers--production workers,51-9198,"[""51-9198""]",[804],[],804,"[""51-9198""]","[""51-9198""]","[""51-9198""]",[],[],[],[],1,1,1,COMPLETE_DOCUMENTED,detailed,covered,"Equal rated O*NET children within detailed SOC, then equal detailed SOC members; fully rated groups only",SINGLE_RATED_MEMBER,51,[],[],"{""pums_url"": ""https://www2.census.gov/programs-surveys/demo/guidance/industry-occupation/2018-ACS-PUMS-and-2018-SIPP-Public-Use-Occupation-Code-List.xlsx"", ""pums_sheet"": ""ACS"", ""bls_url"": ""https://www.bls.gov/soc/2018/soc_structure_2018.pdf"", ""onet_url"": ""https://www.onetcenter.org/taxonomy/2019/soc/2019_to_SOC_Crosswalk.xlsx?fmt=xlsx""}",PROVISIONAL_AUDIT_NOT_FINAL,0.0888888888888888,0.0888888888888888,0.0888888888888888,0.0888888888888888,0.0888888888888888,0.0888888888888888,0.0888888888888888,
8990,5191XX,"Miscellaneous production workers, including equipment operators and tenders",51-91XX,"[""51-9192"", ""51-9193"", ""51-9141"", ""51-9199""]","[809, 810, 813, 814]","[""51-919X"", ""51-91XX""]",805,"[""51-9141"", ""51-9192"", ""51-9193"", ""51-9199""]","[""51-9141"", ""51-9192"", ""51-9193""]","[""51-9141"", ""51-9192"", ""51-9193""]","[""51-9199""]",[],"[""51-9199""]",[],4,3,3,COMPLETE_DOCUMENTED,Census composite X/Y,B_unrated_detailed_or_child,"Equal rated O*NET children within detailed SOC, then equal detailed SOC members; fully rated groups only",UNKNOWN_INTERNAL_EMPLOYMENT_SHARES,51,"[""51-9199""]","[""51-9199.00""]","{""pums_url"": ""https://www2.census.gov/programs-surveys/demo/guidance/industry-occupation/2018-ACS-PUMS-and-2018-SIPP-Public-Use-Occupation-Code-List.xlsx"", ""pums_sheet"": ""ACS"", ""bls_url"": ""https://www.bls.gov/soc/2018/soc_structure_2018.pdf"", ""onet_url"": ""https://www.onetcenter.org/taxonomy/2019/soc/2019_to_SOC_Crosswalk.xlsx?fmt=xlsx""}",PROVISIONAL_AUDIT_NOT_FINAL,,,,,,0.0,1.0,
9005,531000,Supervisors of transportation and material moving workers,53-1000,"[""53-1000""]",[820],[],820,"[""53-1041"", ""53-1042"", ""53-1043"", ""53-1044"", ""53-1049""]","[""53-1041"", ""53-1042"", ""53-1043"", ""53-1044""]","[""53-1041"", ""53-1042"", ""53-1043"", ""53-1044""]","[""53-1049""]",[],"[""53-1049""]",[],5,4,4,COMPLETE_DOCUMENTED,minor,B_unrated_detailed_or_child,"Equal rated O*NET children within detailed SOC, then equal detailed SOC members; fully rated groups only",UNKNOWN_INTERNAL_EMPLOYMENT_SHARES,53,"[""53-1049""]","[""53-1049.00""]","{""pums_url"": ""https://www2.census.gov/programs-surveys/demo/guidance/industry-occupation/2018-ACS-PUMS-and-2018-SIPP-Public-Use-Occupation-Code-List.xlsx"", ""pums_sheet"": ""ACS"", ""bls_url"": ""https://www.bls.gov/soc/2018/soc_structure_2018.pdf"", ""onet_url"": ""https://www.onetcenter.org/taxonomy/2019/soc/2019_to_SOC_Crosswalk.xlsx?fmt=xlsx""}",PROVISIONAL_AUDIT_NOT_FINAL,,,,,,0.0,1.0,
9030,532010,Aircraft pilots and flight engineers,53-2010,"[""53-2010""]",[821],[],821,"[""53-2011"", ""53-2012""]","[""53-2011"", ""53-2012""]","[""53-2011"", ""53-2012""]",[],[],[],[],2,2,2,COMPLETE_DOCUMENTED,broad,covered,"Equal rated O*NET children within detailed SOC, then equal detailed SOC members; fully rated groups only",UNKNOWN_INTERNAL_EMPLOYMENT_SHARES,53,[],[],"{""pums_url"": ""https://www2.census.gov/programs-surveys/demo/guidance/industry-occupation/2018-ACS-PUMS-and-2018-SIPP-Public-Use-Occupation-Code-List.xlsx"", ""pums_sheet"": ""ACS"", ""bls_url"": ""https://www.bls.gov/soc/2018/soc_structure_2018.pdf"", ""onet_url"": ""https://www.onetcenter.org/taxonomy/2019/soc/2019_to_SOC_Crosswalk.xlsx?fmt=xlsx""}",PROVISIONAL_AUDIT_NOT_FINAL,0.2954545454545454,0.2954545454545454,0.2954545454545454,0.2386363636363636,0.3522727272727273,0.2954545454545454,0.2954545454545454,
9040,532020,Air traffic controllers and airfield operations specialists,53-2020,"[""53-2020""]",[822],[],822,"[""53-2021"", ""53-2022""]","[""53-2021"", ""53-2022""]","[""53-2021"", ""53-2022""]",[],[],[],[],2,2,2,COMPLETE_DOCUMENTED,broad,covered,"Equal rated O*NET children within detailed SOC, then equal detailed SOC members; fully rated groups only",UNKNOWN_INTERNAL_EMPLOYMENT_SHARES,53,[],[],"{""pums_url"": ""https://www2.census.gov/programs-surveys/demo/guidance/industry-occupation/2018-ACS-PUMS-and-2018-SIPP-Public-Use-Occupation-Code-List.xlsx"", ""pums_sheet"": ""ACS"", ""bls_url"": ""https://www.bls.gov/soc/2018/soc_structure_2018.pdf"", ""onet_url"": ""https://www.onetcenter.org/taxonomy/2019/soc/2019_to_SOC_Crosswalk.xlsx?fmt=xlsx""}",PROVISIONAL_AUDIT_NOT_FINAL,0.3533813747228381,0.3533813747228381,0.3533813747228381,0.3409090909090909,0.3658536585365853,0.3533813747228381,0.3533813747228381,
9050,532031,Flight attendants,53-2031,"[""53-2031""]",[823],[],823,"[""53-2031""]","[""53-2031""]","[""53-2031""]",[],[],[],[],1,1,1,COMPLETE_DOCUMENTED,detailed,covered,"Equal rated O*NET children within detailed SOC, then equal detailed SOC members; fully rated groups only",SINGLE_RATED_MEMBER,53,[],[],"{""pums_url"": ""https://www2.census.gov/programs-surveys/demo/guidance/industry-occupation/2018-ACS-PUMS-and-2018-SIPP-Public-Use-Occupation-Code-List.xlsx"", ""pums_sheet"": ""ACS"", ""bls_url"": ""https://www.bls.gov/soc/2018/soc_structure_2018.pdf"", ""onet_url"": ""https://www.onetcenter.org/taxonomy/2019/soc/2019_to_SOC_Crosswalk.xlsx?fmt=xlsx""}",PROVISIONAL_AUDIT_NOT_FINAL,0.1666666666666666,0.1666666666666666,0.1666666666666666,0.1666666666666666,0.1666666666666666,0.1666666666666666,0.1666666666666666,
9110,533011,"Ambulance drivers and attendants, except emergency medical technicians",53-3011,"[""53-3011""]",[824],[],824,"[""53-3011""]","[""53-3011""]","[""53-3011""]",[],[],[],[],1,1,1,COMPLETE_DOCUMENTED,detailed,covered,"Equal rated O*NET children within detailed SOC, then equal detailed SOC members; fully rated groups only",SINGLE_RATED_MEMBER,53,[],[],"{""pums_url"": ""https://www2.census.gov/programs-surveys/demo/guidance/industry-occupation/2018-ACS-PUMS-and-2018-SIPP-Public-Use-Occupation-Code-List.xlsx"", ""pums_sheet"": ""ACS"", ""bls_url"": ""https://www.bls.gov/soc/2018/soc_structure_2018.pdf"", ""onet_url"": ""https://www.onetcenter.org/taxonomy/2019/soc/2019_to_SOC_Crosswalk.xlsx?fmt=xlsx""}",PROVISIONAL_AUDIT_NOT_FINAL,0.0909090909090909,0.0909090909090909,0.0909090909090909,0.0909090909090909,0.0909090909090909,0.0909090909090909,0.0909090909090909,
9121,533051,"Bus drivers, school",53-3051,"[""53-3051""]",[825],[],825,"[""53-3051""]","[""53-3051""]","[""53-3051""]",[],[],[],[],1,1,1,COMPLETE_DOCUMENTED,detailed,covered,"Equal rated O*NET children within detailed SOC, then equal detailed SOC members; fully rated groups only",SINGLE_RATED_MEMBER,53,[],[],"{""pums_url"": ""https://www2.census.gov/programs-surveys/demo/guidance/industry-occupation/2018-ACS-PUMS-and-2018-SIPP-Public-Use-Occupation-Code-List.xlsx"", ""pums_sheet"": ""ACS"", ""bls_url"": ""https://www.bls.gov/soc/2018/soc_structure_2018.pdf"", ""onet_url"": ""https://www.onetcenter.org/taxonomy/2019/soc/2019_to_SOC_Crosswalk.xlsx?fmt=xlsx""}",PROVISIONAL_AUDIT_NOT_FINAL,0.3235294117647059,0.3235294117647059,0.3235294117647059,0.3235294117647059,0.3235294117647059,0.3235294117647059,0.3235294117647059,
9122,533052,"Bus drivers, transit and intercity",53-3052,"[""53-3052""]",[826],[],826,"[""53-3052""]","[""53-3052""]","[""53-3052""]",[],[],[],[],1,1,1,COMPLETE_DOCUMENTED,detailed,covered,"Equal rated O*NET children within detailed SOC, then equal detailed SOC members; fully rated groups only",SINGLE_RATED_MEMBER,53,[],[],"{""pums_url"": ""https://www2.census.gov/programs-surveys/demo/guidance/industry-occupation/2018-ACS-PUMS-and-2018-SIPP-Public-Use-Occupation-Code-List.xlsx"", ""pums_sheet"": ""ACS"", ""bls_url"": ""https://www.bls.gov/soc/2018/soc_structure_2018.pdf"", ""onet_url"": ""https://www.onetcenter.org/taxonomy/2019/soc/2019_to_SOC_Crosswalk.xlsx?fmt=xlsx""}",PROVISIONAL_AUDIT_NOT_FINAL,0.2407407407407407,0.2407407407407407,0.2407407407407407,0.2407407407407407,0.2407407407407407,0.2407407407407407,0.2407407407407407,
9130,533030,Driver/sales workers and truck drivers,53-3030,"[""53-3030""]",[827],[],827,"[""53-3031"", ""53-3032"", ""53-3033""]","[""53-3031"", ""53-3032"", ""53-3033""]","[""53-3031"", ""53-3032"", ""53-3033""]",[],[],[],[],3,3,3,COMPLETE_DOCUMENTED,broad,covered,"Equal rated O*NET children within detailed SOC, then equal detailed SOC members; fully rated groups only",UNKNOWN_INTERNAL_EMPLOYMENT_SHARES,53,[],[],"{""pums_url"": ""https://www2.census.gov/programs-surveys/demo/guidance/industry-occupation/2018-ACS-PUMS-and-2018-SIPP-Public-Use-Occupation-Code-List.xlsx"", ""pums_sheet"": ""ACS"", ""bls_url"": ""https://www.bls.gov/soc/2018/soc_structure_2018.pdf"", ""onet_url"": ""https://www.onetcenter.org/taxonomy/2019/soc/2019_to_SOC_Crosswalk.xlsx?fmt=xlsx""}",PROVISIONAL_AUDIT_NOT_FINAL,0.32585470085470086,0.32585470085470086,0.32585470085470086,0.2788461538461538,0.3653846153846154,0.32585470085470086,0.32585470085470086,
9141,533053,Shuttle drivers and chauffeurs,53-3053,"[""53-3053""]",[828],[],828,"[""53-3053""]","[""53-3053""]","[""53-3053""]",[],[],[],[],1,1,1,COMPLETE_DOCUMENTED,detailed,covered,"Equal rated O*NET children within detailed SOC, then equal detailed SOC members; fully rated groups only",SINGLE_RATED_MEMBER,53,[],[],"{""pums_url"": ""https://www2.census.gov/programs-surveys/demo/guidance/industry-occupation/2018-ACS-PUMS-and-2018-SIPP-Public-Use-Occupation-Code-List.xlsx"", ""pums_sheet"": ""ACS"", ""bls_url"": ""https://www.bls.gov/soc/2018/soc_structure_2018.pdf"", ""onet_url"": ""https://www.onetcenter.org/taxonomy/2019/soc/2019_to_SOC_Crosswalk.xlsx?fmt=xlsx""}",PROVISIONAL_AUDIT_NOT_FINAL,0.25,0.25,0.25,0.25,0.25,0.25,0.25,
9142,533054,Taxi drivers,53-3054,"[""53-3054""]",[829],[],829,"[""53-3054""]","[""53-3054""]","[""53-3054""]",[],[],[],[],1,1,1,COMPLETE_DOCUMENTED,detailed,covered,"Equal rated O*NET children within detailed SOC, then equal detailed SOC members; fully rated groups only",SINGLE_RATED_MEMBER,53,[],[],"{""pums_url"": ""https://www2.census.gov/programs-surveys/demo/guidance/industry-occupation/2018-ACS-PUMS-and-2018-SIPP-Public-Use-Occupation-Code-List.xlsx"", ""pums_sheet"": ""ACS"", ""bls_url"": ""https://www.bls.gov/soc/2018/soc_structure_2018.pdf"", ""onet_url"": ""https://www.onetcenter.org/taxonomy/2019/soc/2019_to_SOC_Crosswalk.xlsx?fmt=xlsx""}",PROVISIONAL_AUDIT_NOT_FINAL,0.28125,0.28125,0.28125,0.28125,0.28125,0.28125,0.28125,
9150,533099,"Motor vehicle operators, all other",53-3099,"[""53-3099""]",[830],[],830,"[""53-3099""]",[],[],"[""53-3099""]",[],"[""53-3099""]",[],1,0,0,COMPLETE_DOCUMENTED,detailed,B_unrated_detailed_or_child,"Equal rated O*NET children within detailed SOC, then equal detailed SOC members; fully rated groups only",SINGLE_RATED_MEMBER,53,"[""53-3099""]","[""53-3099.00""]","{""pums_url"": ""https://www2.census.gov/programs-surveys/demo/guidance/industry-occupation/2018-ACS-PUMS-and-2018-SIPP-Public-Use-Occupation-Code-List.xlsx"", ""pums_sheet"": ""ACS"", ""bls_url"": ""https://www.bls.gov/soc/2018/soc_structure_2018.pdf"", ""onet_url"": ""https://www.onetcenter.org/taxonomy/2019/soc/2019_to_SOC_Crosswalk.xlsx?fmt=xlsx""}",PROVISIONAL_AUDIT_NOT_FINAL,,,,,,0.0,1.0,
9210,534010,Locomotive engineers and operators,53-4010,"[""53-4010""]",[831],[],831,"[""53-4011"", ""53-4013""]","[""53-4011"", ""53-4013""]","[""53-4011"", ""53-4013""]",[],[],[],[],2,2,2,COMPLETE_DOCUMENTED,broad,covered,"Equal rated O*NET children within detailed SOC, then equal detailed SOC members; fully rated groups only",UNKNOWN_INTERNAL_EMPLOYMENT_SHARES,53,[],[],"{""pums_url"": ""https://www2.census.gov/programs-surveys/demo/guidance/industry-occupation/2018-ACS-PUMS-and-2018-SIPP-Public-Use-Occupation-Code-List.xlsx"", ""pums_sheet"": ""ACS"", ""bls_url"": ""https://www.bls.gov/soc/2018/soc_structure_2018.pdf"", ""onet_url"": ""https://www.onetcenter.org/taxonomy/2019/soc/2019_to_SOC_Crosswalk.xlsx?fmt=xlsx""}",PROVISIONAL_AUDIT_NOT_FINAL,0.2451298701298701,0.2451298701298701,0.2451298701298701,0.2045454545454545,0.2857142857142857,0.2451298701298701,0.2451298701298701,
9240,534031,Railroad conductors and yardmasters,53-4031,"[""53-4031""]",[832],[],832,"[""53-4031""]","[""53-4031""]","[""53-4031""]",[],[],[],[],1,1,1,COMPLETE_DOCUMENTED,detailed,covered,"Equal rated O*NET children within detailed SOC, then equal detailed SOC members; fully rated groups only",SINGLE_RATED_MEMBER,53,[],[],"{""pums_url"": ""https://www2.census.gov/programs-surveys/demo/guidance/industry-occupation/2018-ACS-PUMS-and-2018-SIPP-Public-Use-Occupation-Code-List.xlsx"", ""pums_sheet"": ""ACS"", ""bls_url"": ""https://www.bls.gov/soc/2018/soc_structure_2018.pdf"", ""onet_url"": ""https://www.onetcenter.org/taxonomy/2019/soc/2019_to_SOC_Crosswalk.xlsx?fmt=xlsx""}",PROVISIONAL_AUDIT_NOT_FINAL,0.2777777777777778,0.2777777777777778,0.2777777777777778,0.2777777777777778,0.2777777777777778,0.2777777777777778,0.2777777777777778,
9265,5340XX,Other rail transportation workers,53-40XX,"[""53-4022"", ""53-4041"", ""53-4099""]","[835, 836, 837]",[],833,"[""53-4022"", ""53-4041"", ""53-4099""]","[""53-4022"", ""53-4041""]","[""53-4022"", ""53-4041""]","[""53-4099""]",[],"[""53-4099""]",[],3,2,2,COMPLETE_DOCUMENTED,Census composite X/Y,B_unrated_detailed_or_child,"Equal rated O*NET children within detailed SOC, then equal detailed SOC members; fully rated groups only",UNKNOWN_INTERNAL_EMPLOYMENT_SHARES,53,"[""53-4099""]","[""53-4099.00""]","{""pums_url"": ""https://www2.census.gov/programs-surveys/demo/guidance/industry-occupation/2018-ACS-PUMS-and-2018-SIPP-Public-Use-Occupation-Code-List.xlsx"", ""pums_sheet"": ""ACS"", ""bls_url"": ""https://www.bls.gov/soc/2018/soc_structure_2018.pdf"", ""onet_url"": ""https://www.onetcenter.org/taxonomy/2019/soc/2019_to_SOC_Crosswalk.xlsx?fmt=xlsx""}",PROVISIONAL_AUDIT_NOT_FINAL,,,,,,0.0,1.0,
9300,5350XX,"Sailors and marine oilers, and ship engineers",53-50XX,"[""53-5011"", ""53-5031""]","[840, 841]",[],838,"[""53-5011"", ""53-5031""]","[""53-5011"", ""53-5031""]","[""53-5011"", ""53-5031""]",[],[],[],[],2,2,2,COMPLETE_DOCUMENTED,Census composite X/Y,covered,"Equal rated O*NET children within detailed SOC, then equal detailed SOC members; fully rated groups only",UNKNOWN_INTERNAL_EMPLOYMENT_SHARES,53,[],[],"{""pums_url"": ""https://www2.census.gov/programs-surveys/demo/guidance/industry-occupation/2018-ACS-PUMS-and-2018-SIPP-Public-Use-Occupation-Code-List.xlsx"", ""pums_sheet"": ""ACS"", ""bls_url"": ""https://www.bls.gov/soc/2018/soc_structure_2018.pdf"", ""onet_url"": ""https://www.onetcenter.org/taxonomy/2019/soc/2019_to_SOC_Crosswalk.xlsx?fmt=xlsx""}",PROVISIONAL_AUDIT_NOT_FINAL,0.10721409574468085,0.10721409574468085,0.10721409574468085,0.0425531914893617,0.171875,0.10721409574468085,0.10721409574468085,
9310,535020,Ship and boat captains and operators,53-5020,"[""53-5020""]",[842],[],842,"[""53-5021"", ""53-5022""]","[""53-5021"", ""53-5022""]","[""53-5021"", ""53-5022""]",[],[],[],[],2,2,2,COMPLETE_DOCUMENTED,broad,covered,"Equal rated O*NET children within detailed SOC, then equal detailed SOC members; fully rated groups only",UNKNOWN_INTERNAL_EMPLOYMENT_SHARES,53,[],[],"{""pums_url"": ""https://www2.census.gov/programs-surveys/demo/guidance/industry-occupation/2018-ACS-PUMS-and-2018-SIPP-Public-Use-Occupation-Code-List.xlsx"", ""pums_sheet"": ""ACS"", ""bls_url"": ""https://www.bls.gov/soc/2018/soc_structure_2018.pdf"", ""onet_url"": ""https://www.onetcenter.org/taxonomy/2019/soc/2019_to_SOC_Crosswalk.xlsx?fmt=xlsx""}",PROVISIONAL_AUDIT_NOT_FINAL,0.1318181818181818,0.1318181818181818,0.1318181818181818,0.0,0.2636363636363636,0.1318181818181818,0.1318181818181818,
9350,536021,Parking attendants,53-6021,"[""53-6021""]",[843],[],843,"[""53-6021""]","[""53-6021""]","[""53-6021""]",[],[],[],[],1,1,1,COMPLETE_DOCUMENTED,detailed,covered,"Equal rated O*NET children within detailed SOC, then equal detailed SOC members; fully rated groups only",SINGLE_RATED_MEMBER,53,[],[],"{""pums_url"": ""https://www2.census.gov/programs-surveys/demo/guidance/industry-occupation/2018-ACS-PUMS-and-2018-SIPP-Public-Use-Occupation-Code-List.xlsx"", ""pums_sheet"": ""ACS"", ""bls_url"": ""https://www.bls.gov/soc/2018/soc_structure_2018.pdf"", ""onet_url"": ""https://www.onetcenter.org/taxonomy/2019/soc/2019_to_SOC_Crosswalk.xlsx?fmt=xlsx""}",PROVISIONAL_AUDIT_NOT_FINAL,0.1071428571428571,0.1071428571428571,0.1071428571428571,0.1071428571428571,0.1071428571428571,0.1071428571428571,0.1071428571428571,
9365,536030,Transportation service attendants,53-6030,"[""53-6030""]",[844],[],844,"[""53-6031"", ""53-6032""]","[""53-6031"", ""53-6032""]","[""53-6031"", ""53-6032""]",[],[],[],[],2,2,2,COMPLETE_DOCUMENTED,broad,covered,"Equal rated O*NET children within detailed SOC, then equal detailed SOC members; fully rated groups only",UNKNOWN_INTERNAL_EMPLOYMENT_SHARES,53,[],[],"{""pums_url"": ""https://www2.census.gov/programs-surveys/demo/guidance/industry-occupation/2018-ACS-PUMS-and-2018-SIPP-Public-Use-Occupation-Code-List.xlsx"", ""pums_sheet"": ""ACS"", ""bls_url"": ""https://www.bls.gov/soc/2018/soc_structure_2018.pdf"", ""onet_url"": ""https://www.onetcenter.org/taxonomy/2019/soc/2019_to_SOC_Crosswalk.xlsx?fmt=xlsx""}",PROVISIONAL_AUDIT_NOT_FINAL,0.13466183574879226,0.13466183574879226,0.13466183574879226,0.1304347826086956,0.1388888888888889,0.13466183574879226,0.13466183574879226,
9410,536051,Transportation inspectors,53-6051,"[""53-6051""]",[845],[],845,"[""53-6051""]","[""53-6051""]","[""53-6051""]",[],[],[],[],1,1,1,COMPLETE_DOCUMENTED,detailed,covered,"Equal rated O*NET children within detailed SOC, then equal detailed SOC members; fully rated groups only",UNKNOWN_INTERNAL_EMPLOYMENT_SHARES,53,[],[],"{""pums_url"": ""https://www2.census.gov/programs-surveys/demo/guidance/industry-occupation/2018-ACS-PUMS-and-2018-SIPP-Public-Use-Occupation-Code-List.xlsx"", ""pums_sheet"": ""ACS"", ""bls_url"": ""https://www.bls.gov/soc/2018/soc_structure_2018.pdf"", ""onet_url"": ""https://www.onetcenter.org/taxonomy/2019/soc/2019_to_SOC_Crosswalk.xlsx?fmt=xlsx""}",PROVISIONAL_AUDIT_NOT_FINAL,0.4125757575757576,0.4125757575757576,0.4125757575757576,0.34,0.4583333333333333,0.4125757575757576,0.4125757575757576,
9415,536061,Passenger attendants,53-6061,"[""53-6061""]",[846],[],846,"[""53-6061""]","[""53-6061""]","[""53-6061""]",[],[],[],[],1,1,1,COMPLETE_DOCUMENTED,detailed,covered,"Equal rated O*NET children within detailed SOC, then equal detailed SOC members; fully rated groups only",SINGLE_RATED_MEMBER,53,[],[],"{""pums_url"": ""https://www2.census.gov/programs-surveys/demo/guidance/industry-occupation/2018-ACS-PUMS-and-2018-SIPP-Public-Use-Occupation-Code-List.xlsx"", ""pums_sheet"": ""ACS"", ""bls_url"": ""https://www.bls.gov/soc/2018/soc_structure_2018.pdf"", ""onet_url"": ""https://www.onetcenter.org/taxonomy/2019/soc/2019_to_SOC_Crosswalk.xlsx?fmt=xlsx""}",PROVISIONAL_AUDIT_NOT_FINAL,0.2222222222222222,0.2222222222222222,0.2222222222222222,0.2222222222222222,0.2222222222222222,0.2222222222222222,0.2222222222222222,
9430,5360XX,Other transportation workers,53-60XX,"[""53-6011"", ""53-6041"", ""53-6099""]","[849, 850, 851]",[],847,"[""53-6011"", ""53-6041"", ""53-6099""]","[""53-6011"", ""53-6041""]","[""53-6011"", ""53-6041""]","[""53-6099""]",[],"[""53-6099""]",[],3,2,2,COMPLETE_DOCUMENTED,Census composite X/Y,B_unrated_detailed_or_child,"Equal rated O*NET children within detailed SOC, then equal detailed SOC members; fully rated groups only",UNKNOWN_INTERNAL_EMPLOYMENT_SHARES,53,"[""53-6099""]","[""53-6099.00""]","{""pums_url"": ""https://www2.census.gov/programs-surveys/demo/guidance/industry-occupation/2018-ACS-PUMS-and-2018-SIPP-Public-Use-Occupation-Code-List.xlsx"", ""pums_sheet"": ""ACS"", ""bls_url"": ""https://www.bls.gov/soc/2018/soc_structure_2018.pdf"", ""onet_url"": ""https://www.onetcenter.org/taxonomy/2019/soc/2019_to_SOC_Crosswalk.xlsx?fmt=xlsx""}",PROVISIONAL_AUDIT_NOT_FINAL,,,,,,0.0,1.0,
9510,537021,Crane and tower operators,53-7021,"[""53-7021""]",[855],[],855,"[""53-7021""]","[""53-7021""]","[""53-7021""]",[],[],[],[],1,1,1,COMPLETE_DOCUMENTED,detailed,covered,"Equal rated O*NET children within detailed SOC, then equal detailed SOC members; fully rated groups only",SINGLE_RATED_MEMBER,53,[],[],"{""pums_url"": ""https://www2.census.gov/programs-surveys/demo/guidance/industry-occupation/2018-ACS-PUMS-and-2018-SIPP-Public-Use-Occupation-Code-List.xlsx"", ""pums_sheet"": ""ACS"", ""bls_url"": ""https://www.bls.gov/soc/2018/soc_structure_2018.pdf"", ""onet_url"": ""https://www.onetcenter.org/taxonomy/2019/soc/2019_to_SOC_Crosswalk.xlsx?fmt=xlsx""}",PROVISIONAL_AUDIT_NOT_FINAL,0.1842105263157894,0.1842105263157894,0.1842105263157894,0.1842105263157894,0.1842105263157894,0.1842105263157894,0.1842105263157894,
9570,5370XX,"Conveyor, dredge, and hoist and winch operators",53-70XX,"[""53-7011"", ""53-7031"", ""53-7041""]","[858, 859, 860]",[],856,"[""53-7011"", ""53-7031"", ""53-7041""]","[""53-7011"", ""53-7031"", ""53-7041""]","[""53-7011"", ""53-7031"", ""53-7041""]",[],[],[],[],3,3,3,COMPLETE_DOCUMENTED,Census composite X/Y,covered,"Equal rated O*NET children within detailed SOC, then equal detailed SOC members; fully rated groups only",UNKNOWN_INTERNAL_EMPLOYMENT_SHARES,53,[],[],"{""pums_url"": ""https://www2.census.gov/programs-surveys/demo/guidance/industry-occupation/2018-ACS-PUMS-and-2018-SIPP-Public-Use-Occupation-Code-List.xlsx"", ""pums_sheet"": ""ACS"", ""bls_url"": ""https://www.bls.gov/soc/2018/soc_structure_2018.pdf"", ""onet_url"": ""https://www.onetcenter.org/taxonomy/2019/soc/2019_to_SOC_Crosswalk.xlsx?fmt=xlsx""}",PROVISIONAL_AUDIT_NOT_FINAL,0.034482758620689634,0.034482758620689634,0.034482758620689634,0.0,0.1034482758620689,0.034482758620689634,0.034482758620689634,
9600,537051,Industrial truck and tractor operators,53-7051,"[""53-7051""]",[861],[],861,"[""53-7051""]","[""53-7051""]","[""53-7051""]",[],[],[],[],1,1,1,COMPLETE_DOCUMENTED,detailed,covered,"Equal rated O*NET children within detailed SOC, then equal detailed SOC members; fully rated groups only",SINGLE_RATED_MEMBER,53,[],[],"{""pums_url"": ""https://www2.census.gov/programs-surveys/demo/guidance/industry-occupation/2018-ACS-PUMS-and-2018-SIPP-Public-Use-Occupation-Code-List.xlsx"", ""pums_sheet"": ""ACS"", ""bls_url"": ""https://www.bls.gov/soc/2018/soc_structure_2018.pdf"", ""onet_url"": ""https://www.onetcenter.org/taxonomy/2019/soc/2019_to_SOC_Crosswalk.xlsx?fmt=xlsx""}",PROVISIONAL_AUDIT_NOT_FINAL,0.03125,0.03125,0.03125,0.03125,0.03125,0.03125,0.03125,
9610,537061,Cleaners of vehicles and equipment,53-7061,"[""53-7061""]",[862],[],862,"[""53-7061""]","[""53-7061""]","[""53-7061""]",[],[],[],[],1,1,1,COMPLETE_DOCUMENTED,detailed,covered,"Equal rated O*NET children within detailed SOC, then equal detailed SOC members; fully rated groups only",SINGLE_RATED_MEMBER,53,[],[],"{""pums_url"": ""https://www2.census.gov/programs-surveys/demo/guidance/industry-occupation/2018-ACS-PUMS-and-2018-SIPP-Public-Use-Occupation-Code-List.xlsx"", ""pums_sheet"": ""ACS"", ""bls_url"": ""https://www.bls.gov/soc/2018/soc_structure_2018.pdf"", ""onet_url"": ""https://www.onetcenter.org/taxonomy/2019/soc/2019_to_SOC_Crosswalk.xlsx?fmt=xlsx""}",PROVISIONAL_AUDIT_NOT_FINAL,0.0833333333333333,0.0833333333333333,0.0833333333333333,0.0833333333333333,0.0833333333333333,0.0833333333333333,0.0833333333333333,
9620,537062,"Laborers and freight, stock, and material movers, hand",53-7062,"[""53-7062""]",[863],[],863,"[""53-7062""]","[""53-7062""]","[""53-7062""]",[],[],[],[],1,1,1,COMPLETE_DOCUMENTED,detailed,covered,"Equal rated O*NET children within detailed SOC, then equal detailed SOC members; fully rated groups only",UNKNOWN_INTERNAL_EMPLOYMENT_SHARES,53,[],[],"{""pums_url"": ""https://www2.census.gov/programs-surveys/demo/guidance/industry-occupation/2018-ACS-PUMS-and-2018-SIPP-Public-Use-Occupation-Code-List.xlsx"", ""pums_sheet"": ""ACS"", ""bls_url"": ""https://www.bls.gov/soc/2018/soc_structure_2018.pdf"", ""onet_url"": ""https://www.onetcenter.org/taxonomy/2019/soc/2019_to_SOC_Crosswalk.xlsx?fmt=xlsx""}",PROVISIONAL_AUDIT_NOT_FINAL,0.0417391304347826,0.0417391304347826,0.0417391304347826,0.04,0.0434782608695652,0.0417391304347826,0.0417391304347826,
9630,537063,Machine feeders and offbearers,53-7063,"[""53-7063""]",[864],[],864,"[""53-7063""]","[""53-7063""]","[""53-7063""]",[],[],[],[],1,1,1,COMPLETE_DOCUMENTED,detailed,covered,"Equal rated O*NET children within detailed SOC, then equal detailed SOC members; fully rated groups only",SINGLE_RATED_MEMBER,53,[],[],"{""pums_url"": ""https://www2.census.gov/programs-surveys/demo/guidance/industry-occupation/2018-ACS-PUMS-and-2018-SIPP-Public-Use-Occupation-Code-List.xlsx"", ""pums_sheet"": ""ACS"", ""bls_url"": ""https://www.bls.gov/soc/2018/soc_structure_2018.pdf"", ""onet_url"": ""https://www.onetcenter.org/taxonomy/2019/soc/2019_to_SOC_Crosswalk.xlsx?fmt=xlsx""}",PROVISIONAL_AUDIT_NOT_FINAL,0.0909090909090909,0.0909090909090909,0.0909090909090909,0.0909090909090909,0.0909090909090909,0.0909090909090909,0.0909090909090909,
9640,537064,"Packers and packagers, hand",53-7064,"[""53-7064""]",[865],[],865,"[""53-7064""]","[""53-7064""]","[""53-7064""]",[],[],[],[],1,1,1,COMPLETE_DOCUMENTED,detailed,covered,"Equal rated O*NET children within detailed SOC, then equal detailed SOC members; fully rated groups only",SINGLE_RATED_MEMBER,53,[],[],"{""pums_url"": ""https://www2.census.gov/programs-surveys/demo/guidance/industry-occupation/2018-ACS-PUMS-and-2018-SIPP-Public-Use-Occupation-Code-List.xlsx"", ""pums_sheet"": ""ACS"", ""bls_url"": ""https://www.bls.gov/soc/2018/soc_structure_2018.pdf"", ""onet_url"": ""https://www.onetcenter.org/taxonomy/2019/soc/2019_to_SOC_Crosswalk.xlsx?fmt=xlsx""}",PROVISIONAL_AUDIT_NOT_FINAL,0.1,0.1,0.1,0.1,0.1,0.1,0.1,
9645,537065,Stockers and order fillers,53-7065,"[""53-7065""]",[866],[],866,"[""53-7065""]","[""53-7065""]","[""53-7065""]",[],[],[],[],1,1,1,COMPLETE_DOCUMENTED,detailed,covered,"Equal rated O*NET children within detailed SOC, then equal detailed SOC members; fully rated groups only",SINGLE_RATED_MEMBER,53,[],[],"{""pums_url"": ""https://www2.census.gov/programs-surveys/demo/guidance/industry-occupation/2018-ACS-PUMS-and-2018-SIPP-Public-Use-Occupation-Code-List.xlsx"", ""pums_sheet"": ""ACS"", ""bls_url"": ""https://www.bls.gov/soc/2018/soc_structure_2018.pdf"", ""onet_url"": ""https://www.onetcenter.org/taxonomy/2019/soc/2019_to_SOC_Crosswalk.xlsx?fmt=xlsx""}",PROVISIONAL_AUDIT_NOT_FINAL,0.1818181818181818,0.1818181818181818,0.1818181818181818,0.1818181818181818,0.1818181818181818,0.1818181818181818,0.1818181818181818,
9650,537070,Pumping station operators,53-7070,"[""53-7070""]",[867],[],867,"[""53-7071"", ""53-7072"", ""53-7073""]","[""53-7071"", ""53-7072"", ""53-7073""]","[""53-7071"", ""53-7072"", ""53-7073""]",[],[],[],[],3,3,3,COMPLETE_DOCUMENTED,broad,covered,"Equal rated O*NET children within detailed SOC, then equal detailed SOC members; fully rated groups only",UNKNOWN_INTERNAL_EMPLOYMENT_SHARES,53,[],[],"{""pums_url"": ""https://www2.census.gov/programs-surveys/demo/guidance/industry-occupation/2018-ACS-PUMS-and-2018-SIPP-Public-Use-Occupation-Code-List.xlsx"", ""pums_sheet"": ""ACS"", ""bls_url"": ""https://www.bls.gov/soc/2018/soc_structure_2018.pdf"", ""onet_url"": ""https://www.onetcenter.org/taxonomy/2019/soc/2019_to_SOC_Crosswalk.xlsx?fmt=xlsx""}",PROVISIONAL_AUDIT_NOT_FINAL,0.17307692307692304,0.17307692307692304,0.17307692307692304,0.0,0.2692307692307693,0.17307692307692304,0.17307692307692304,
9720,537081,Refuse and recyclable material collectors,53-7081,"[""53-7081""]",[868],[],868,"[""53-7081""]","[""53-7081""]","[""53-7081""]",[],[],[],[],1,1,1,COMPLETE_DOCUMENTED,detailed,covered,"Equal rated O*NET children within detailed SOC, then equal detailed SOC members; fully rated groups only",SINGLE_RATED_MEMBER,53,[],[],"{""pums_url"": ""https://www2.census.gov/programs-surveys/demo/guidance/industry-occupation/2018-ACS-PUMS-and-2018-SIPP-Public-Use-Occupation-Code-List.xlsx"", ""pums_sheet"": ""ACS"", ""bls_url"": ""https://www.bls.gov/soc/2018/soc_structure_2018.pdf"", ""onet_url"": ""https://www.onetcenter.org/taxonomy/2019/soc/2019_to_SOC_Crosswalk.xlsx?fmt=xlsx""}",PROVISIONAL_AUDIT_NOT_FINAL,0.1964285714285714,0.1964285714285714,0.1964285714285714,0.1964285714285714,0.1964285714285714,0.1964285714285714,0.1964285714285714,
9760,5371XX,Other material moving workers,53-71XX,"[""53-7121"", ""53-7199""]","[871, 872]",[],869,"[""53-7121"", ""53-7199""]","[""53-7121""]","[""53-7121""]","[""53-7199""]",[],"[""53-7199""]",[],2,1,1,COMPLETE_DOCUMENTED,Census composite X/Y,B_unrated_detailed_or_child,"Equal rated O*NET children within detailed SOC, then equal detailed SOC members; fully rated groups only",UNKNOWN_INTERNAL_EMPLOYMENT_SHARES,53,"[""53-7199""]","[""53-7199.00""]","{""pums_url"": ""https://www2.census.gov/programs-surveys/demo/guidance/industry-occupation/2018-ACS-PUMS-and-2018-SIPP-Public-Use-Occupation-Code-List.xlsx"", ""pums_sheet"": ""ACS"", ""bls_url"": ""https://www.bls.gov/soc/2018/soc_structure_2018.pdf"", ""onet_url"": ""https://www.onetcenter.org/taxonomy/2019/soc/2019_to_SOC_Crosswalk.xlsx?fmt=xlsx""}",PROVISIONAL_AUDIT_NOT_FINAL,,,,,,0.0,1.0,
9800,551010,Military officer special and tactical operations leaders,55-1010,"[""55-1010""]",[876],[],876,"[""55-1011"", ""55-1012"", ""55-1013"", ""55-1014"", ""55-1015"", ""55-1016"", ""55-1017"", ""55-1019""]",[],[],"[""55-1011"", ""55-1012"", ""55-1013"", ""55-1014"", ""55-1015"", ""55-1016"", ""55-1017"", ""55-1019""]",[],"[""55-1011"", ""55-1012"", ""55-1013"", ""55-1014"", ""55-1015"", ""55-1016"", ""55-1017"", ""55-1019""]",[],8,0,0,COMPLETE_DOCUMENTED,broad,B_unrated_detailed_or_child,"Equal rated O*NET children within detailed SOC, then equal detailed SOC members; fully rated groups only",UNKNOWN_INTERNAL_EMPLOYMENT_SHARES,55,"[""55-1019""]","[""55-1011.00"", ""55-1012.00"", ""55-1013.00"", ""55-1014.00"", ""55-1015.00"", ""55-1016.00"", ""55-1017.00"", ""55-1019.00""]","{""pums_url"": ""https://www2.census.gov/programs-surveys/demo/guidance/industry-occupation/2018-ACS-PUMS-and-2018-SIPP-Public-Use-Occupation-Code-List.xlsx"", ""pums_sheet"": ""ACS"", ""bls_url"": ""https://www.bls.gov/soc/2018/soc_structure_2018.pdf"", ""onet_url"": ""https://www.onetcenter.org/taxonomy/2019/soc/2019_to_SOC_Crosswalk.xlsx?fmt=xlsx""}",PROVISIONAL_AUDIT_NOT_FINAL,,,,,,0.0,1.0,
9810,552010,First-line enlisted military supervisors,55-2010,"[""55-2010""]",[877],[],877,"[""55-2011"", ""55-2012"", ""55-2013""]",[],[],"[""55-2011"", ""55-2012"", ""55-2013""]",[],"[""55-2011"", ""55-2012"", ""55-2013""]",[],3,0,0,COMPLETE_DOCUMENTED,broad,B_unrated_detailed_or_child,"Equal rated O*NET children within detailed SOC, then equal detailed SOC members; fully rated groups only",UNKNOWN_INTERNAL_EMPLOYMENT_SHARES,55,[],"[""55-2011.00"", ""55-2012.00"", ""55-2013.00""]","{""pums_url"": ""https://www2.census.gov/programs-surveys/demo/guidance/industry-occupation/2018-ACS-PUMS-and-2018-SIPP-Public-Use-Occupation-Code-List.xlsx"", ""pums_sheet"": ""ACS"", ""bls_url"": ""https://www.bls.gov/soc/2018/soc_structure_2018.pdf"", ""onet_url"": ""https://www.onetcenter.org/taxonomy/2019/soc/2019_to_SOC_Crosswalk.xlsx?fmt=xlsx""}",PROVISIONAL_AUDIT_NOT_FINAL,,,,,,0.0,1.0,
9825,553010,Military enlisted tactical operations and air/weapons specialists and crew members,55-3010,"[""55-3010""]",[878],[],878,"[""55-3011"", ""55-3012"", ""55-3013"", ""55-3014"", ""55-3015"", ""55-3016"", ""55-3018"", ""55-3019""]",[],[],"[""55-3011"", ""55-3012"", ""55-3013"", ""55-3014"", ""55-3015"", ""55-3016"", ""55-3018"", ""55-3019""]",[],"[""55-3011"", ""55-3012"", ""55-3013"", ""55-3014"", ""55-3015"", ""55-3016"", ""55-3018"", ""55-3019""]",[],8,0,0,COMPLETE_DOCUMENTED,broad,B_unrated_detailed_or_child,"Equal rated O*NET children within detailed SOC, then equal detailed SOC members; fully rated groups only",UNKNOWN_INTERNAL_EMPLOYMENT_SHARES,55,"[""55-3019""]","[""55-3011.00"", ""55-3012.00"", ""55-3013.00"", ""55-3014.00"", ""55-3015.00"", ""55-3016.00"", ""55-3018.00"", ""55-3019.00""]","{""pums_url"": ""https://www2.census.gov/programs-surveys/demo/guidance/industry-occupation/2018-ACS-PUMS-and-2018-SIPP-Public-Use-Occupation-Code-List.xlsx"", ""pums_sheet"": ""ACS"", ""bls_url"": ""https://www.bls.gov/soc/2018/soc_structure_2018.pdf"", ""onet_url"": ""https://www.onetcenter.org/taxonomy/2019/soc/2019_to_SOC_Crosswalk.xlsx?fmt=xlsx""}",PROVISIONAL_AUDIT_NOT_FINAL,,,,,,0.0,1.0,
9830,559830,"Military, rank not specified",55-9830,"[""55-9830""]",[879],[],879,[],[],[],[],[],[],"[""55-9830""]",0,0,0,OPEN_SOURCE_INCONSISTENCY,unknown,C_census_military_unspecified,"Equal rated O*NET children within detailed SOC, then equal detailed SOC members; fully rated groups only",SINGLE_RATED_MEMBER,55,[],[],"{""pums_url"": ""https://www2.census.gov/programs-surveys/demo/guidance/industry-occupation/2018-ACS-PUMS-and-2018-SIPP-Public-Use-Occupation-Code-List.xlsx"", ""pums_sheet"": ""ACS"", ""bls_url"": ""https://www.bls.gov/soc/2018/soc_structure_2018.pdf"", ""onet_url"": ""https://www.onetcenter.org/taxonomy/2019/soc/2019_to_SOC_Crosswalk.xlsx?fmt=xlsx""}",PROVISIONAL_AUDIT_NOT_FINAL,,,,,,0.0,1.0,
