GEOID_TRACT_22,cz_members,old_counties,unique_cz,status,source
09110400101,[20901],['09003'],20901,EXACT_UNIQUE_CZ_BY_OFFICIAL_TOWN_RELATION,Census ACS22 COUSUB22-BLKGRP20 and COUSUB22-TRACT22; Dorn county-to-1990-CZ
09110400102,[20901],['09003'],20901,EXACT_UNIQUE_CZ_BY_OFFICIAL_TOWN_RELATION,Census ACS22 COUSUB22-BLKGRP20 and COUSUB22-TRACT22; Dorn county-to-1990-CZ
09110400200,[20901],['09003'],20901,EXACT_UNIQUE_CZ_BY_OFFICIAL_TOWN_RELATION,Census ACS22 COUSUB22-BLKGRP20 and COUSUB22-TRACT22; Dorn county-to-1990-CZ
09110400300,[20901],['09003'],20901,EXACT_UNIQUE_CZ_BY_OFFICIAL_TOWN_RELATION,Census ACS22 COUSUB22-BLKGRP20 and COUSUB22-TRACT22; Dorn county-to-1990-CZ
09110415300,[20901],['09003'],20901,EXACT_UNIQUE_CZ_BY_OFFICIAL_TOWN_RELATION,Census ACS22 COUSUB22-BLKGRP20 and COUSUB22-TRACT22; Dorn county-to-1990-CZ
09110415400,[20901],['09003'],20901,EXACT_UNIQUE_CZ_BY_OFFICIAL_TOWN_RELATION,Census ACS22 COUSUB22-BLKGRP20 and COUSUB22-TRACT22; Dorn county-to-1990-CZ
09110415500,[20901],['09003'],20901,EXACT_UNIQUE_CZ_BY_OFFICIAL_TOWN_RELATION,Census ACS22 COUSUB22-BLKGRP20 and COUSUB22-TRACT22; Dorn county-to-1990-CZ
09110415600,[20901],['09003'],20901,EXACT_UNIQUE_CZ_BY_OFFICIAL_TOWN_RELATION,Census ACS22 COUSUB22-BLKGRP20 and COUSUB22-TRACT22; Dorn county-to-1990-CZ
09110415700,[20901],['09003'],20901,EXACT_UNIQUE_CZ_BY_OFFICIAL_TOWN_RELATION,Census ACS22 COUSUB22-BLKGRP20 and COUSUB22-TRACT22; Dorn county-to-1990-CZ
09110415800,[20901],['09003'],20901,EXACT_UNIQUE_CZ_BY_OFFICIAL_TOWN_RELATION,Census ACS22 COUSUB22-BLKGRP20 and COUSUB22-TRACT22; Dorn county-to-1990-CZ
09110415900,[20901],['09003'],20901,EXACT_UNIQUE_CZ_BY_OFFICIAL_TOWN_RELATION,Census ACS22 COUSUB22-BLKGRP20 and COUSUB22-TRACT22; Dorn county-to-1990-CZ
09110416000,[20901],['09003'],20901,EXACT_UNIQUE_CZ_BY_OFFICIAL_TOWN_RELATION,Census ACS22 COUSUB22-BLKGRP20 and COUSUB22-TRACT22; Dorn county-to-1990-CZ
09110416100,[20901],['09003'],20901,EXACT_UNIQUE_CZ_BY_OFFICIAL_TOWN_RELATION,Census ACS22 COUSUB22-BLKGRP20 and COUSUB22-TRACT22; Dorn county-to-1990-CZ
09110416200,[20901],['09003'],20901,EXACT_UNIQUE_CZ_BY_OFFICIAL_TOWN_RELATION,Census ACS22 COUSUB22-BLKGRP20 and COUSUB22-TRACT22; Dorn county-to-1990-CZ
09110416300,[20901],['09003'],20901,EXACT_UNIQUE_CZ_BY_OFFICIAL_TOWN_RELATION,Census ACS22 COUSUB22-BLKGRP20 and COUSUB22-TRACT22; Dorn county-to-1990-CZ
09110416400,[20901],['09003'],20901,EXACT_UNIQUE_CZ_BY_OFFICIAL_TOWN_RELATION,Census ACS22 COUSUB22-BLKGRP20 and COUSUB22-TRACT22; Dorn county-to-1990-CZ
09110416500,[20901],['09003'],20901,EXACT_UNIQUE_CZ_BY_OFFICIAL_TOWN_RELATION,Census ACS22 COUSUB22-BLKGRP20 and COUSUB22-TRACT22; Dorn county-to-1990-CZ
09110416600,[20901],['09003'],20901,EXACT_UNIQUE_CZ_BY_OFFICIAL_TOWN_RELATION,Census ACS22 COUSUB22-BLKGRP20 and COUSUB22-TRACT22; Dorn county-to-1990-CZ
09110416700,[20901],['09003'],20901,EXACT_UNIQUE_CZ_BY_OFFICIAL_TOWN_RELATION,Census ACS22 COUSUB22-BLKGRP20 and COUSUB22-TRACT22; Dorn county-to-1990-CZ
09110416800,[20901],['09003'],20901,EXACT_UNIQUE_CZ_BY_OFFICIAL_TOWN_RELATION,Census ACS22 COUSUB22-BLKGRP20 and COUSUB22-TRACT22; Dorn county-to-1990-CZ
09110417100,[20901],['09003'],20901,EXACT_UNIQUE_CZ_BY_OFFICIAL_TOWN_RELATION,Census ACS22 COUSUB22-BLKGRP20 and COUSUB22-TRACT22; Dorn county-to-1990-CZ
09110417200,[20901],['09003'],20901,EXACT_UNIQUE_CZ_BY_OFFICIAL_TOWN_RELATION,Census ACS22 COUSUB22-BLKGRP20 and COUSUB22-TRACT22; Dorn county-to-1990-CZ
09110417300,[20901],['09003'],20901,EXACT_UNIQUE_CZ_BY_OFFICIAL_TOWN_RELATION,Census ACS22 COUSUB22-BLKGRP20 and COUSUB22-TRACT22; Dorn county-to-1990-CZ
09110417400,[20901],['09003'],20901,EXACT_UNIQUE_CZ_BY_OFFICIAL_TOWN_RELATION,Census ACS22 COUSUB22-BLKGRP20 and COUSUB22-TRACT22; Dorn county-to-1990-CZ
09110417500,[20901],['09003'],20901,EXACT_UNIQUE_CZ_BY_OFFICIAL_TOWN_RELATION,Census ACS22 COUSUB22-BLKGRP20 and COUSUB22-TRACT22; Dorn county-to-1990-CZ
09110420400,[20901],['09003'],20901,EXACT_UNIQUE_CZ_BY_OFFICIAL_TOWN_RELATION,Census ACS22 COUSUB22-BLKGRP20 and COUSUB22-TRACT22; Dorn county-to-1990-CZ
09110420500,[20901],['09003'],20901,EXACT_UNIQUE_CZ_BY_OFFICIAL_TOWN_RELATION,Census ACS22 COUSUB22-BLKGRP20 and COUSUB22-TRACT22; Dorn county-to-1990-CZ
09110420601,[20901],['09003'],20901,EXACT_UNIQUE_CZ_BY_OFFICIAL_TOWN_RELATION,Census ACS22 COUSUB22-BLKGRP20 and COUSUB22-TRACT22; Dorn county-to-1990-CZ
09110420602,[20901],['09003'],20901,EXACT_UNIQUE_CZ_BY_OFFICIAL_TOWN_RELATION,Census ACS22 COUSUB22-BLKGRP20 and COUSUB22-TRACT22; Dorn county-to-1990-CZ
09110420700,[20901],['09003'],20901,EXACT_UNIQUE_CZ_BY_OFFICIAL_TOWN_RELATION,Census ACS22 COUSUB22-BLKGRP20 and COUSUB22-TRACT22; Dorn county-to-1990-CZ
09110430100,[20901],['09003'],20901,EXACT_UNIQUE_CZ_BY_OFFICIAL_TOWN_RELATION,Census ACS22 COUSUB22-BLKGRP20 and COUSUB22-TRACT22; Dorn county-to-1990-CZ
09110430201,[20901],['09003'],20901,EXACT_UNIQUE_CZ_BY_OFFICIAL_TOWN_RELATION,Census ACS22 COUSUB22-BLKGRP20 and COUSUB22-TRACT22; Dorn county-to-1990-CZ
09110430202,[20901],['09003'],20901,EXACT_UNIQUE_CZ_BY_OFFICIAL_TOWN_RELATION,Census ACS22 COUSUB22-BLKGRP20 and COUSUB22-TRACT22; Dorn county-to-1990-CZ
09110430203,[20901],['09003'],20901,EXACT_UNIQUE_CZ_BY_OFFICIAL_TOWN_RELATION,Census ACS22 COUSUB22-BLKGRP20 and COUSUB22-TRACT22; Dorn county-to-1990-CZ
09110430301,[20901],['09003'],20901,EXACT_UNIQUE_CZ_BY_OFFICIAL_TOWN_RELATION,Census ACS22 COUSUB22-BLKGRP20 and COUSUB22-TRACT22; Dorn county-to-1990-CZ
09110430302,[20901],['09003'],20901,EXACT_UNIQUE_CZ_BY_OFFICIAL_TOWN_RELATION,Census ACS22 COUSUB22-BLKGRP20 and COUSUB22-TRACT22; Dorn county-to-1990-CZ
09110430400,[20901],['09003'],20901,EXACT_UNIQUE_CZ_BY_OFFICIAL_TOWN_RELATION,Census ACS22 COUSUB22-BLKGRP20 and COUSUB22-TRACT22; Dorn county-to-1990-CZ
09110430501,[20901],['09003'],20901,EXACT_UNIQUE_CZ_BY_OFFICIAL_TOWN_RELATION,Census ACS22 COUSUB22-BLKGRP20 and COUSUB22-TRACT22; Dorn county-to-1990-CZ
09110430502,[20901],['09003'],20901,EXACT_UNIQUE_CZ_BY_OFFICIAL_TOWN_RELATION,Census ACS22 COUSUB22-BLKGRP20 and COUSUB22-TRACT22; Dorn county-to-1990-CZ
09110430602,[20901],['09003'],20901,EXACT_UNIQUE_CZ_BY_OFFICIAL_TOWN_RELATION,Census ACS22 COUSUB22-BLKGRP20 and COUSUB22-TRACT22; Dorn county-to-1990-CZ
09110430603,[20901],['09003'],20901,EXACT_UNIQUE_CZ_BY_OFFICIAL_TOWN_RELATION,Census ACS22 COUSUB22-BLKGRP20 and COUSUB22-TRACT22; Dorn county-to-1990-CZ
09110430604,[20901],['09003'],20901,EXACT_UNIQUE_CZ_BY_OFFICIAL_TOWN_RELATION,Census ACS22 COUSUB22-BLKGRP20 and COUSUB22-TRACT22; Dorn county-to-1990-CZ
09110460100,[20901],['09003'],20901,EXACT_UNIQUE_CZ_BY_OFFICIAL_TOWN_RELATION,Census ACS22 COUSUB22-BLKGRP20 and COUSUB22-TRACT22; Dorn county-to-1990-CZ
09110460202,[20901],['09003'],20901,EXACT_UNIQUE_CZ_BY_OFFICIAL_TOWN_RELATION,Census ACS22 COUSUB22-BLKGRP20 and COUSUB22-TRACT22; Dorn county-to-1990-CZ
09110460203,[20901],['09003'],20901,EXACT_UNIQUE_CZ_BY_OFFICIAL_TOWN_RELATION,Census ACS22 COUSUB22-BLKGRP20 and COUSUB22-TRACT22; Dorn county-to-1990-CZ
09110460204,[20901],['09003'],20901,EXACT_UNIQUE_CZ_BY_OFFICIAL_TOWN_RELATION,Census ACS22 COUSUB22-BLKGRP20 and COUSUB22-TRACT22; Dorn county-to-1990-CZ
09110460301,[20901],['09003'],20901,EXACT_UNIQUE_CZ_BY_OFFICIAL_TOWN_RELATION,Census ACS22 COUSUB22-BLKGRP20 and COUSUB22-TRACT22; Dorn county-to-1990-CZ
09110460302,[20901],['09003'],20901,EXACT_UNIQUE_CZ_BY_OFFICIAL_TOWN_RELATION,Census ACS22 COUSUB22-BLKGRP20 and COUSUB22-TRACT22; Dorn county-to-1990-CZ
09110462101,[20901],['09003'],20901,EXACT_UNIQUE_CZ_BY_OFFICIAL_TOWN_RELATION,Census ACS22 COUSUB22-BLKGRP20 and COUSUB22-TRACT22; Dorn county-to-1990-CZ
09110462102,[20901],['09003'],20901,EXACT_UNIQUE_CZ_BY_OFFICIAL_TOWN_RELATION,Census ACS22 COUSUB22-BLKGRP20 and COUSUB22-TRACT22; Dorn county-to-1990-CZ
09110462201,[20901],['09003'],20901,EXACT_UNIQUE_CZ_BY_OFFICIAL_TOWN_RELATION,Census ACS22 COUSUB22-BLKGRP20 and COUSUB22-TRACT22; Dorn county-to-1990-CZ
09110462202,[20901],['09003'],20901,EXACT_UNIQUE_CZ_BY_OFFICIAL_TOWN_RELATION,Census ACS22 COUSUB22-BLKGRP20 and COUSUB22-TRACT22; Dorn county-to-1990-CZ
09110464101,[20901],['09003'],20901,EXACT_UNIQUE_CZ_BY_OFFICIAL_TOWN_RELATION,Census ACS22 COUSUB22-BLKGRP20 and COUSUB22-TRACT22; Dorn county-to-1990-CZ
09110464102,[20901],['09003'],20901,EXACT_UNIQUE_CZ_BY_OFFICIAL_TOWN_RELATION,Census ACS22 COUSUB22-BLKGRP20 and COUSUB22-TRACT22; Dorn county-to-1990-CZ
09110466101,[20901],['09003'],20901,EXACT_UNIQUE_CZ_BY_OFFICIAL_TOWN_RELATION,Census ACS22 COUSUB22-BLKGRP20 and COUSUB22-TRACT22; Dorn county-to-1990-CZ
09110466102,[20901],['09003'],20901,EXACT_UNIQUE_CZ_BY_OFFICIAL_TOWN_RELATION,Census ACS22 COUSUB22-BLKGRP20 and COUSUB22-TRACT22; Dorn county-to-1990-CZ
09110466201,[20901],['09003'],20901,EXACT_UNIQUE_CZ_BY_OFFICIAL_TOWN_RELATION,Census ACS22 COUSUB22-BLKGRP20 and COUSUB22-TRACT22; Dorn county-to-1990-CZ
09110466202,[20901],['09003'],20901,EXACT_UNIQUE_CZ_BY_OFFICIAL_TOWN_RELATION,Census ACS22 COUSUB22-BLKGRP20 and COUSUB22-TRACT22; Dorn county-to-1990-CZ
09110466300,[20901],['09003'],20901,EXACT_UNIQUE_CZ_BY_OFFICIAL_TOWN_RELATION,Census ACS22 COUSUB22-BLKGRP20 and COUSUB22-TRACT22; Dorn county-to-1990-CZ
09110466400,[20901],['09003'],20901,EXACT_UNIQUE_CZ_BY_OFFICIAL_TOWN_RELATION,Census ACS22 COUSUB22-BLKGRP20 and COUSUB22-TRACT22; Dorn county-to-1990-CZ
09110468101,[20901],['09003'],20901,EXACT_UNIQUE_CZ_BY_OFFICIAL_TOWN_RELATION,Census ACS22 COUSUB22-BLKGRP20 and COUSUB22-TRACT22; Dorn county-to-1990-CZ
09110468102,[20901],['09003'],20901,EXACT_UNIQUE_CZ_BY_OFFICIAL_TOWN_RELATION,Census ACS22 COUSUB22-BLKGRP20 and COUSUB22-TRACT22; Dorn county-to-1990-CZ
09110470100,[20901],['09003'],20901,EXACT_UNIQUE_CZ_BY_OFFICIAL_TOWN_RELATION,Census ACS22 COUSUB22-BLKGRP20 and COUSUB22-TRACT22; Dorn county-to-1990-CZ
09110471100,[20901],['09003'],20901,EXACT_UNIQUE_CZ_BY_OFFICIAL_TOWN_RELATION,Census ACS22 COUSUB22-BLKGRP20 and COUSUB22-TRACT22; Dorn county-to-1990-CZ
09110471200,[20901],['09003'],20901,EXACT_UNIQUE_CZ_BY_OFFICIAL_TOWN_RELATION,Census ACS22 COUSUB22-BLKGRP20 and COUSUB22-TRACT22; Dorn county-to-1990-CZ
09110471300,[20901],['09003'],20901,EXACT_UNIQUE_CZ_BY_OFFICIAL_TOWN_RELATION,Census ACS22 COUSUB22-BLKGRP20 and COUSUB22-TRACT22; Dorn county-to-1990-CZ
09110471400,[20901],['09003'],20901,EXACT_UNIQUE_CZ_BY_OFFICIAL_TOWN_RELATION,Census ACS22 COUSUB22-BLKGRP20 and COUSUB22-TRACT22; Dorn county-to-1990-CZ
09110471500,[20901],['09003'],20901,EXACT_UNIQUE_CZ_BY_OFFICIAL_TOWN_RELATION,Census ACS22 COUSUB22-BLKGRP20 and COUSUB22-TRACT22; Dorn county-to-1990-CZ
09110473100,[20901],['09003'],20901,EXACT_UNIQUE_CZ_BY_OFFICIAL_TOWN_RELATION,Census ACS22 COUSUB22-BLKGRP20 and COUSUB22-TRACT22; Dorn county-to-1990-CZ
09110473400,[20901],['09003'],20901,EXACT_UNIQUE_CZ_BY_OFFICIAL_TOWN_RELATION,Census ACS22 COUSUB22-BLKGRP20 and COUSUB22-TRACT22; Dorn county-to-1990-CZ
09110473501,[20901],['09003'],20901,EXACT_UNIQUE_CZ_BY_OFFICIAL_TOWN_RELATION,Census ACS22 COUSUB22-BLKGRP20 and COUSUB22-TRACT22; Dorn county-to-1990-CZ
09110473502,[20901],['09003'],20901,EXACT_UNIQUE_CZ_BY_OFFICIAL_TOWN_RELATION,Census ACS22 COUSUB22-BLKGRP20 and COUSUB22-TRACT22; Dorn county-to-1990-CZ
09110473601,[20901],['09003'],20901,EXACT_UNIQUE_CZ_BY_OFFICIAL_TOWN_RELATION,Census ACS22 COUSUB22-BLKGRP20 and COUSUB22-TRACT22; Dorn county-to-1990-CZ
09110473602,[20901],['09003'],20901,EXACT_UNIQUE_CZ_BY_OFFICIAL_TOWN_RELATION,Census ACS22 COUSUB22-BLKGRP20 and COUSUB22-TRACT22; Dorn county-to-1990-CZ
09110473700,[20901],['09003'],20901,EXACT_UNIQUE_CZ_BY_OFFICIAL_TOWN_RELATION,Census ACS22 COUSUB22-BLKGRP20 and COUSUB22-TRACT22; Dorn county-to-1990-CZ
09110473800,[20901],['09003'],20901,EXACT_UNIQUE_CZ_BY_OFFICIAL_TOWN_RELATION,Census ACS22 COUSUB22-BLKGRP20 and COUSUB22-TRACT22; Dorn county-to-1990-CZ
09110476100,[20901],['09003'],20901,EXACT_UNIQUE_CZ_BY_OFFICIAL_TOWN_RELATION,Census ACS22 COUSUB22-BLKGRP20 and COUSUB22-TRACT22; Dorn county-to-1990-CZ
09110476200,[20901],['09003'],20901,EXACT_UNIQUE_CZ_BY_OFFICIAL_TOWN_RELATION,Census ACS22 COUSUB22-BLKGRP20 and COUSUB22-TRACT22; Dorn county-to-1990-CZ
09110476300,[20901],['09003'],20901,EXACT_UNIQUE_CZ_BY_OFFICIAL_TOWN_RELATION,Census ACS22 COUSUB22-BLKGRP20 and COUSUB22-TRACT22; Dorn county-to-1990-CZ
09110477101,[20901],['09003'],20901,EXACT_UNIQUE_CZ_BY_OFFICIAL_TOWN_RELATION,Census ACS22 COUSUB22-BLKGRP20 and COUSUB22-TRACT22; Dorn county-to-1990-CZ
09110477103,[20901],['09003'],20901,EXACT_UNIQUE_CZ_BY_OFFICIAL_TOWN_RELATION,Census ACS22 COUSUB22-BLKGRP20 and COUSUB22-TRACT22; Dorn county-to-1990-CZ
09110477104,[20901],['09003'],20901,EXACT_UNIQUE_CZ_BY_OFFICIAL_TOWN_RELATION,Census ACS22 COUSUB22-BLKGRP20 and COUSUB22-TRACT22; Dorn county-to-1990-CZ
09110477200,[20901],['09003'],20901,EXACT_UNIQUE_CZ_BY_OFFICIAL_TOWN_RELATION,Census ACS22 COUSUB22-BLKGRP20 and COUSUB22-TRACT22; Dorn county-to-1990-CZ
09110480300,[20901],['09003'],20901,EXACT_UNIQUE_CZ_BY_OFFICIAL_TOWN_RELATION,Census ACS22 COUSUB22-BLKGRP20 and COUSUB22-TRACT22; Dorn county-to-1990-CZ
09110480400,[20901],['09003'],20901,EXACT_UNIQUE_CZ_BY_OFFICIAL_TOWN_RELATION,Census ACS22 COUSUB22-BLKGRP20 and COUSUB22-TRACT22; Dorn county-to-1990-CZ
09110480500,[20901],['09003'],20901,EXACT_UNIQUE_CZ_BY_OFFICIAL_TOWN_RELATION,Census ACS22 COUSUB22-BLKGRP20 and COUSUB22-TRACT22; Dorn county-to-1990-CZ
09110480600,[20901],['09003'],20901,EXACT_UNIQUE_CZ_BY_OFFICIAL_TOWN_RELATION,Census ACS22 COUSUB22-BLKGRP20 and COUSUB22-TRACT22; Dorn county-to-1990-CZ
09110480700,[20901],['09003'],20901,EXACT_UNIQUE_CZ_BY_OFFICIAL_TOWN_RELATION,Census ACS22 COUSUB22-BLKGRP20 and COUSUB22-TRACT22; Dorn county-to-1990-CZ
09110480800,[20901],['09003'],20901,EXACT_UNIQUE_CZ_BY_OFFICIAL_TOWN_RELATION,Census ACS22 COUSUB22-BLKGRP20 and COUSUB22-TRACT22; Dorn county-to-1990-CZ
09110480900,[20901],['09003'],20901,EXACT_UNIQUE_CZ_BY_OFFICIAL_TOWN_RELATION,Census ACS22 COUSUB22-BLKGRP20 and COUSUB22-TRACT22; Dorn county-to-1990-CZ
09110481000,[20901],['09003'],20901,EXACT_UNIQUE_CZ_BY_OFFICIAL_TOWN_RELATION,Census ACS22 COUSUB22-BLKGRP20 and COUSUB22-TRACT22; Dorn county-to-1990-CZ
09110481100,[20901],['09003'],20901,EXACT_UNIQUE_CZ_BY_OFFICIAL_TOWN_RELATION,Census ACS22 COUSUB22-BLKGRP20 and COUSUB22-TRACT22; Dorn county-to-1990-CZ
09110481200,[20901],['09003'],20901,EXACT_UNIQUE_CZ_BY_OFFICIAL_TOWN_RELATION,Census ACS22 COUSUB22-BLKGRP20 and COUSUB22-TRACT22; Dorn county-to-1990-CZ
09110481300,[20901],['09003'],20901,EXACT_UNIQUE_CZ_BY_OFFICIAL_TOWN_RELATION,Census ACS22 COUSUB22-BLKGRP20 and COUSUB22-TRACT22; Dorn county-to-1990-CZ
09110484100,[20901],['09003'],20901,EXACT_UNIQUE_CZ_BY_OFFICIAL_TOWN_RELATION,Census ACS22 COUSUB22-BLKGRP20 and COUSUB22-TRACT22; Dorn county-to-1990-CZ
09110484200,[20901],['09003'],20901,EXACT_UNIQUE_CZ_BY_OFFICIAL_TOWN_RELATION,Census ACS22 COUSUB22-BLKGRP20 and COUSUB22-TRACT22; Dorn county-to-1990-CZ
09110487100,[20901],['09003'],20901,EXACT_UNIQUE_CZ_BY_OFFICIAL_TOWN_RELATION,Census ACS22 COUSUB22-BLKGRP20 and COUSUB22-TRACT22; Dorn county-to-1990-CZ
09110487201,[20901],['09003'],20901,EXACT_UNIQUE_CZ_BY_OFFICIAL_TOWN_RELATION,Census ACS22 COUSUB22-BLKGRP20 and COUSUB22-TRACT22; Dorn county-to-1990-CZ
09110487202,[20901],['09003'],20901,EXACT_UNIQUE_CZ_BY_OFFICIAL_TOWN_RELATION,Census ACS22 COUSUB22-BLKGRP20 and COUSUB22-TRACT22; Dorn county-to-1990-CZ
09110487300,[20901],['09003'],20901,EXACT_UNIQUE_CZ_BY_OFFICIAL_TOWN_RELATION,Census ACS22 COUSUB22-BLKGRP20 and COUSUB22-TRACT22; Dorn county-to-1990-CZ
09110487400,[20901],['09003'],20901,EXACT_UNIQUE_CZ_BY_OFFICIAL_TOWN_RELATION,Census ACS22 COUSUB22-BLKGRP20 and COUSUB22-TRACT22; Dorn county-to-1990-CZ
09110487500,[20901],['09003'],20901,EXACT_UNIQUE_CZ_BY_OFFICIAL_TOWN_RELATION,Census ACS22 COUSUB22-BLKGRP20 and COUSUB22-TRACT22; Dorn county-to-1990-CZ
09110490100,[20901],['09003'],20901,EXACT_UNIQUE_CZ_BY_OFFICIAL_TOWN_RELATION,Census ACS22 COUSUB22-BLKGRP20 and COUSUB22-TRACT22; Dorn county-to-1990-CZ
09110490303,[20901],['09003'],20901,EXACT_UNIQUE_CZ_BY_OFFICIAL_TOWN_RELATION,Census ACS22 COUSUB22-BLKGRP20 and COUSUB22-TRACT22; Dorn county-to-1990-CZ
09110490304,[20901],['09003'],20901,EXACT_UNIQUE_CZ_BY_OFFICIAL_TOWN_RELATION,Census ACS22 COUSUB22-BLKGRP20 and COUSUB22-TRACT22; Dorn county-to-1990-CZ
09110492100,[20901],['09003'],20901,EXACT_UNIQUE_CZ_BY_OFFICIAL_TOWN_RELATION,Census ACS22 COUSUB22-BLKGRP20 and COUSUB22-TRACT22; Dorn county-to-1990-CZ
09110492200,[20901],['09003'],20901,EXACT_UNIQUE_CZ_BY_OFFICIAL_TOWN_RELATION,Census ACS22 COUSUB22-BLKGRP20 and COUSUB22-TRACT22; Dorn county-to-1990-CZ
09110492300,[20901],['09003'],20901,EXACT_UNIQUE_CZ_BY_OFFICIAL_TOWN_RELATION,Census ACS22 COUSUB22-BLKGRP20 and COUSUB22-TRACT22; Dorn county-to-1990-CZ
09110492400,[20901],['09003'],20901,EXACT_UNIQUE_CZ_BY_OFFICIAL_TOWN_RELATION,Census ACS22 COUSUB22-BLKGRP20 and COUSUB22-TRACT22; Dorn county-to-1990-CZ
09110492500,[20901],['09003'],20901,EXACT_UNIQUE_CZ_BY_OFFICIAL_TOWN_RELATION,Census ACS22 COUSUB22-BLKGRP20 and COUSUB22-TRACT22; Dorn county-to-1990-CZ
09110492600,[20901],['09003'],20901,EXACT_UNIQUE_CZ_BY_OFFICIAL_TOWN_RELATION,Census ACS22 COUSUB22-BLKGRP20 and COUSUB22-TRACT22; Dorn county-to-1990-CZ
09110494100,[20901],['09003'],20901,EXACT_UNIQUE_CZ_BY_OFFICIAL_TOWN_RELATION,Census ACS22 COUSUB22-BLKGRP20 and COUSUB22-TRACT22; Dorn county-to-1990-CZ
09110494201,[20901],['09003'],20901,EXACT_UNIQUE_CZ_BY_OFFICIAL_TOWN_RELATION,Census ACS22 COUSUB22-BLKGRP20 and COUSUB22-TRACT22; Dorn county-to-1990-CZ
09110494202,[20901],['09003'],20901,EXACT_UNIQUE_CZ_BY_OFFICIAL_TOWN_RELATION,Census ACS22 COUSUB22-BLKGRP20 and COUSUB22-TRACT22; Dorn county-to-1990-CZ
09110494300,[20901],['09003'],20901,EXACT_UNIQUE_CZ_BY_OFFICIAL_TOWN_RELATION,Census ACS22 COUSUB22-BLKGRP20 and COUSUB22-TRACT22; Dorn county-to-1990-CZ
09110494400,[20901],['09003'],20901,EXACT_UNIQUE_CZ_BY_OFFICIAL_TOWN_RELATION,Census ACS22 COUSUB22-BLKGRP20 and COUSUB22-TRACT22; Dorn county-to-1990-CZ
09110494500,[20901],['09003'],20901,EXACT_UNIQUE_CZ_BY_OFFICIAL_TOWN_RELATION,Census ACS22 COUSUB22-BLKGRP20 and COUSUB22-TRACT22; Dorn county-to-1990-CZ
09110494600,[20901],['09003'],20901,EXACT_UNIQUE_CZ_BY_OFFICIAL_TOWN_RELATION,Census ACS22 COUSUB22-BLKGRP20 and COUSUB22-TRACT22; Dorn county-to-1990-CZ
09110496100,[20901],['09003'],20901,EXACT_UNIQUE_CZ_BY_OFFICIAL_TOWN_RELATION,Census ACS22 COUSUB22-BLKGRP20 and COUSUB22-TRACT22; Dorn county-to-1990-CZ
09110496200,[20901],['09003'],20901,EXACT_UNIQUE_CZ_BY_OFFICIAL_TOWN_RELATION,Census ACS22 COUSUB22-BLKGRP20 and COUSUB22-TRACT22; Dorn county-to-1990-CZ
09110496300,[20901],['09003'],20901,EXACT_UNIQUE_CZ_BY_OFFICIAL_TOWN_RELATION,Census ACS22 COUSUB22-BLKGRP20 and COUSUB22-TRACT22; Dorn county-to-1990-CZ
09110496400,[20901],['09003'],20901,EXACT_UNIQUE_CZ_BY_OFFICIAL_TOWN_RELATION,Census ACS22 COUSUB22-BLKGRP20 and COUSUB22-TRACT22; Dorn county-to-1990-CZ
09110496500,[20901],['09003'],20901,EXACT_UNIQUE_CZ_BY_OFFICIAL_TOWN_RELATION,Census ACS22 COUSUB22-BLKGRP20 and COUSUB22-TRACT22; Dorn county-to-1990-CZ
09110496600,[20901],['09003'],20901,EXACT_UNIQUE_CZ_BY_OFFICIAL_TOWN_RELATION,Census ACS22 COUSUB22-BLKGRP20 and COUSUB22-TRACT22; Dorn county-to-1990-CZ
09110496700,[20901],['09003'],20901,EXACT_UNIQUE_CZ_BY_OFFICIAL_TOWN_RELATION,Census ACS22 COUSUB22-BLKGRP20 and COUSUB22-TRACT22; Dorn county-to-1990-CZ
09110496800,[20901],['09003'],20901,EXACT_UNIQUE_CZ_BY_OFFICIAL_TOWN_RELATION,Census ACS22 COUSUB22-BLKGRP20 and COUSUB22-TRACT22; Dorn county-to-1990-CZ
09110496900,[20901],['09003'],20901,EXACT_UNIQUE_CZ_BY_OFFICIAL_TOWN_RELATION,Census ACS22 COUSUB22-BLKGRP20 and COUSUB22-TRACT22; Dorn county-to-1990-CZ
09110497000,[20901],['09003'],20901,EXACT_UNIQUE_CZ_BY_OFFICIAL_TOWN_RELATION,Census ACS22 COUSUB22-BLKGRP20 and COUSUB22-TRACT22; Dorn county-to-1990-CZ
09110497100,[20901],['09003'],20901,EXACT_UNIQUE_CZ_BY_OFFICIAL_TOWN_RELATION,Census ACS22 COUSUB22-BLKGRP20 and COUSUB22-TRACT22; Dorn county-to-1990-CZ
09110497200,[20901],['09003'],20901,EXACT_UNIQUE_CZ_BY_OFFICIAL_TOWN_RELATION,Census ACS22 COUSUB22-BLKGRP20 and COUSUB22-TRACT22; Dorn county-to-1990-CZ
09110497300,[20901],['09003'],20901,EXACT_UNIQUE_CZ_BY_OFFICIAL_TOWN_RELATION,Census ACS22 COUSUB22-BLKGRP20 and COUSUB22-TRACT22; Dorn county-to-1990-CZ
09110497400,[20901],['09003'],20901,EXACT_UNIQUE_CZ_BY_OFFICIAL_TOWN_RELATION,Census ACS22 COUSUB22-BLKGRP20 and COUSUB22-TRACT22; Dorn county-to-1990-CZ
09110497500,[20901],['09003'],20901,EXACT_UNIQUE_CZ_BY_OFFICIAL_TOWN_RELATION,Census ACS22 COUSUB22-BLKGRP20 and COUSUB22-TRACT22; Dorn county-to-1990-CZ
09110497600,[20901],['09003'],20901,EXACT_UNIQUE_CZ_BY_OFFICIAL_TOWN_RELATION,Census ACS22 COUSUB22-BLKGRP20 and COUSUB22-TRACT22; Dorn county-to-1990-CZ
09110497700,[20901],['09003'],20901,EXACT_UNIQUE_CZ_BY_OFFICIAL_TOWN_RELATION,Census ACS22 COUSUB22-BLKGRP20 and COUSUB22-TRACT22; Dorn county-to-1990-CZ
09110500100,[20901],['09003'],20901,EXACT_UNIQUE_CZ_BY_OFFICIAL_TOWN_RELATION,Census ACS22 COUSUB22-BLKGRP20 and COUSUB22-TRACT22; Dorn county-to-1990-CZ
09110500200,[20901],['09003'],20901,EXACT_UNIQUE_CZ_BY_OFFICIAL_TOWN_RELATION,Census ACS22 COUSUB22-BLKGRP20 and COUSUB22-TRACT22; Dorn county-to-1990-CZ
09110500300,[20901],['09003'],20901,EXACT_UNIQUE_CZ_BY_OFFICIAL_TOWN_RELATION,Census ACS22 COUSUB22-BLKGRP20 and COUSUB22-TRACT22; Dorn county-to-1990-CZ
09110500400,[20901],['09003'],20901,EXACT_UNIQUE_CZ_BY_OFFICIAL_TOWN_RELATION,Census ACS22 COUSUB22-BLKGRP20 and COUSUB22-TRACT22; Dorn county-to-1990-CZ
09110500500,[20901],['09003'],20901,EXACT_UNIQUE_CZ_BY_OFFICIAL_TOWN_RELATION,Census ACS22 COUSUB22-BLKGRP20 and COUSUB22-TRACT22; Dorn county-to-1990-CZ
09110500900,[20901],['09003'],20901,EXACT_UNIQUE_CZ_BY_OFFICIAL_TOWN_RELATION,Census ACS22 COUSUB22-BLKGRP20 and COUSUB22-TRACT22; Dorn county-to-1990-CZ
09110501200,[20901],['09003'],20901,EXACT_UNIQUE_CZ_BY_OFFICIAL_TOWN_RELATION,Census ACS22 COUSUB22-BLKGRP20 and COUSUB22-TRACT22; Dorn county-to-1990-CZ
09110501300,[20901],['09003'],20901,EXACT_UNIQUE_CZ_BY_OFFICIAL_TOWN_RELATION,Census ACS22 COUSUB22-BLKGRP20 and COUSUB22-TRACT22; Dorn county-to-1990-CZ
09110501400,[20901],['09003'],20901,EXACT_UNIQUE_CZ_BY_OFFICIAL_TOWN_RELATION,Census ACS22 COUSUB22-BLKGRP20 and COUSUB22-TRACT22; Dorn county-to-1990-CZ
09110501500,[20901],['09003'],20901,EXACT_UNIQUE_CZ_BY_OFFICIAL_TOWN_RELATION,Census ACS22 COUSUB22-BLKGRP20 and COUSUB22-TRACT22; Dorn county-to-1990-CZ
09110501700,[20901],['09003'],20901,EXACT_UNIQUE_CZ_BY_OFFICIAL_TOWN_RELATION,Census ACS22 COUSUB22-BLKGRP20 and COUSUB22-TRACT22; Dorn county-to-1990-CZ
09110501800,[20901],['09003'],20901,EXACT_UNIQUE_CZ_BY_OFFICIAL_TOWN_RELATION,Census ACS22 COUSUB22-BLKGRP20 and COUSUB22-TRACT22; Dorn county-to-1990-CZ
09110502100,[20901],['09003'],20901,EXACT_UNIQUE_CZ_BY_OFFICIAL_TOWN_RELATION,Census ACS22 COUSUB22-BLKGRP20 and COUSUB22-TRACT22; Dorn county-to-1990-CZ
09110502300,[20901],['09003'],20901,EXACT_UNIQUE_CZ_BY_OFFICIAL_TOWN_RELATION,Census ACS22 COUSUB22-BLKGRP20 and COUSUB22-TRACT22; Dorn county-to-1990-CZ
09110502400,[20901],['09003'],20901,EXACT_UNIQUE_CZ_BY_OFFICIAL_TOWN_RELATION,Census ACS22 COUSUB22-BLKGRP20 and COUSUB22-TRACT22; Dorn county-to-1990-CZ
09110502500,[20901],['09003'],20901,EXACT_UNIQUE_CZ_BY_OFFICIAL_TOWN_RELATION,Census ACS22 COUSUB22-BLKGRP20 and COUSUB22-TRACT22; Dorn county-to-1990-CZ
09110502600,[20901],['09003'],20901,EXACT_UNIQUE_CZ_BY_OFFICIAL_TOWN_RELATION,Census ACS22 COUSUB22-BLKGRP20 and COUSUB22-TRACT22; Dorn county-to-1990-CZ
09110502700,[20901],['09003'],20901,EXACT_UNIQUE_CZ_BY_OFFICIAL_TOWN_RELATION,Census ACS22 COUSUB22-BLKGRP20 and COUSUB22-TRACT22; Dorn county-to-1990-CZ
09110502800,[20901],['09003'],20901,EXACT_UNIQUE_CZ_BY_OFFICIAL_TOWN_RELATION,Census ACS22 COUSUB22-BLKGRP20 and COUSUB22-TRACT22; Dorn county-to-1990-CZ
09110502900,[20901],['09003'],20901,EXACT_UNIQUE_CZ_BY_OFFICIAL_TOWN_RELATION,Census ACS22 COUSUB22-BLKGRP20 and COUSUB22-TRACT22; Dorn county-to-1990-CZ
09110503000,[20901],['09003'],20901,EXACT_UNIQUE_CZ_BY_OFFICIAL_TOWN_RELATION,Census ACS22 COUSUB22-BLKGRP20 and COUSUB22-TRACT22; Dorn county-to-1990-CZ
09110503101,[20901],['09003'],20901,EXACT_UNIQUE_CZ_BY_OFFICIAL_TOWN_RELATION,Census ACS22 COUSUB22-BLKGRP20 and COUSUB22-TRACT22; Dorn county-to-1990-CZ
09110503102,[20901],['09003'],20901,EXACT_UNIQUE_CZ_BY_OFFICIAL_TOWN_RELATION,Census ACS22 COUSUB22-BLKGRP20 and COUSUB22-TRACT22; Dorn county-to-1990-CZ
09110503300,[20901],['09003'],20901,EXACT_UNIQUE_CZ_BY_OFFICIAL_TOWN_RELATION,Census ACS22 COUSUB22-BLKGRP20 and COUSUB22-TRACT22; Dorn county-to-1990-CZ
09110503500,[20901],['09003'],20901,EXACT_UNIQUE_CZ_BY_OFFICIAL_TOWN_RELATION,Census ACS22 COUSUB22-BLKGRP20 and COUSUB22-TRACT22; Dorn county-to-1990-CZ
09110503700,[20901],['09003'],20901,EXACT_UNIQUE_CZ_BY_OFFICIAL_TOWN_RELATION,Census ACS22 COUSUB22-BLKGRP20 and COUSUB22-TRACT22; Dorn county-to-1990-CZ
09110503800,[20901],['09003'],20901,EXACT_UNIQUE_CZ_BY_OFFICIAL_TOWN_RELATION,Census ACS22 COUSUB22-BLKGRP20 and COUSUB22-TRACT22; Dorn county-to-1990-CZ
09110503900,[20901],['09003'],20901,EXACT_UNIQUE_CZ_BY_OFFICIAL_TOWN_RELATION,Census ACS22 COUSUB22-BLKGRP20 and COUSUB22-TRACT22; Dorn county-to-1990-CZ
09110504000,[20901],['09003'],20901,EXACT_UNIQUE_CZ_BY_OFFICIAL_TOWN_RELATION,Census ACS22 COUSUB22-BLKGRP20 and COUSUB22-TRACT22; Dorn county-to-1990-CZ
09110504100,[20901],['09003'],20901,EXACT_UNIQUE_CZ_BY_OFFICIAL_TOWN_RELATION,Census ACS22 COUSUB22-BLKGRP20 and COUSUB22-TRACT22; Dorn county-to-1990-CZ
09110504200,[20901],['09003'],20901,EXACT_UNIQUE_CZ_BY_OFFICIAL_TOWN_RELATION,Census ACS22 COUSUB22-BLKGRP20 and COUSUB22-TRACT22; Dorn county-to-1990-CZ
09110504300,[20901],['09003'],20901,EXACT_UNIQUE_CZ_BY_OFFICIAL_TOWN_RELATION,Census ACS22 COUSUB22-BLKGRP20 and COUSUB22-TRACT22; Dorn county-to-1990-CZ
09110504500,[20901],['09003'],20901,EXACT_UNIQUE_CZ_BY_OFFICIAL_TOWN_RELATION,Census ACS22 COUSUB22-BLKGRP20 and COUSUB22-TRACT22; Dorn county-to-1990-CZ
09110504800,[20901],['09003'],20901,EXACT_UNIQUE_CZ_BY_OFFICIAL_TOWN_RELATION,Census ACS22 COUSUB22-BLKGRP20 and COUSUB22-TRACT22; Dorn county-to-1990-CZ
09110504900,[20901],['09003'],20901,EXACT_UNIQUE_CZ_BY_OFFICIAL_TOWN_RELATION,Census ACS22 COUSUB22-BLKGRP20 and COUSUB22-TRACT22; Dorn county-to-1990-CZ
09110510100,[20901],['09003'],20901,EXACT_UNIQUE_CZ_BY_OFFICIAL_TOWN_RELATION,Census ACS22 COUSUB22-BLKGRP20 and COUSUB22-TRACT22; Dorn county-to-1990-CZ
09110510200,[20901],['09003'],20901,EXACT_UNIQUE_CZ_BY_OFFICIAL_TOWN_RELATION,Census ACS22 COUSUB22-BLKGRP20 and COUSUB22-TRACT22; Dorn county-to-1990-CZ
09110510300,[20901],['09003'],20901,EXACT_UNIQUE_CZ_BY_OFFICIAL_TOWN_RELATION,Census ACS22 COUSUB22-BLKGRP20 and COUSUB22-TRACT22; Dorn county-to-1990-CZ
09110510400,[20901],['09003'],20901,EXACT_UNIQUE_CZ_BY_OFFICIAL_TOWN_RELATION,Census ACS22 COUSUB22-BLKGRP20 and COUSUB22-TRACT22; Dorn county-to-1990-CZ
09110510500,[20901],['09003'],20901,EXACT_UNIQUE_CZ_BY_OFFICIAL_TOWN_RELATION,Census ACS22 COUSUB22-BLKGRP20 and COUSUB22-TRACT22; Dorn county-to-1990-CZ
09110510600,[20901],['09003'],20901,EXACT_UNIQUE_CZ_BY_OFFICIAL_TOWN_RELATION,Census ACS22 COUSUB22-BLKGRP20 and COUSUB22-TRACT22; Dorn county-to-1990-CZ
09110510700,[20901],['09003'],20901,EXACT_UNIQUE_CZ_BY_OFFICIAL_TOWN_RELATION,Census ACS22 COUSUB22-BLKGRP20 and COUSUB22-TRACT22; Dorn county-to-1990-CZ
09110510800,[20901],['09003'],20901,EXACT_UNIQUE_CZ_BY_OFFICIAL_TOWN_RELATION,Census ACS22 COUSUB22-BLKGRP20 and COUSUB22-TRACT22; Dorn county-to-1990-CZ
09110510900,[20901],['09003'],20901,EXACT_UNIQUE_CZ_BY_OFFICIAL_TOWN_RELATION,Census ACS22 COUSUB22-BLKGRP20 and COUSUB22-TRACT22; Dorn county-to-1990-CZ
09110511000,[20901],['09003'],20901,EXACT_UNIQUE_CZ_BY_OFFICIAL_TOWN_RELATION,Census ACS22 COUSUB22-BLKGRP20 and COUSUB22-TRACT22; Dorn county-to-1990-CZ
09110511100,[20901],['09003'],20901,EXACT_UNIQUE_CZ_BY_OFFICIAL_TOWN_RELATION,Census ACS22 COUSUB22-BLKGRP20 and COUSUB22-TRACT22; Dorn county-to-1990-CZ
09110511200,[20901],['09003'],20901,EXACT_UNIQUE_CZ_BY_OFFICIAL_TOWN_RELATION,Census ACS22 COUSUB22-BLKGRP20 and COUSUB22-TRACT22; Dorn county-to-1990-CZ
09110511300,[20901],['09003'],20901,EXACT_UNIQUE_CZ_BY_OFFICIAL_TOWN_RELATION,Census ACS22 COUSUB22-BLKGRP20 and COUSUB22-TRACT22; Dorn county-to-1990-CZ
09110511400,[20901],['09003'],20901,EXACT_UNIQUE_CZ_BY_OFFICIAL_TOWN_RELATION,Census ACS22 COUSUB22-BLKGRP20 and COUSUB22-TRACT22; Dorn county-to-1990-CZ
09110514101,[20901],['09003'],20901,EXACT_UNIQUE_CZ_BY_OFFICIAL_TOWN_RELATION,Census ACS22 COUSUB22-BLKGRP20 and COUSUB22-TRACT22; Dorn county-to-1990-CZ
09110514103,[20901],['09003'],20901,EXACT_UNIQUE_CZ_BY_OFFICIAL_TOWN_RELATION,Census ACS22 COUSUB22-BLKGRP20 and COUSUB22-TRACT22; Dorn county-to-1990-CZ
09110514104,[20901],['09003'],20901,EXACT_UNIQUE_CZ_BY_OFFICIAL_TOWN_RELATION,Census ACS22 COUSUB22-BLKGRP20 and COUSUB22-TRACT22; Dorn county-to-1990-CZ
09110514200,[20901],['09003'],20901,EXACT_UNIQUE_CZ_BY_OFFICIAL_TOWN_RELATION,Census ACS22 COUSUB22-BLKGRP20 and COUSUB22-TRACT22; Dorn county-to-1990-CZ
09110514300,[20901],['09003'],20901,EXACT_UNIQUE_CZ_BY_OFFICIAL_TOWN_RELATION,Census ACS22 COUSUB22-BLKGRP20 and COUSUB22-TRACT22; Dorn county-to-1990-CZ
09110514400,[20901],['09003'],20901,EXACT_UNIQUE_CZ_BY_OFFICIAL_TOWN_RELATION,Census ACS22 COUSUB22-BLKGRP20 and COUSUB22-TRACT22; Dorn county-to-1990-CZ
09110514500,[20901],['09003'],20901,EXACT_UNIQUE_CZ_BY_OFFICIAL_TOWN_RELATION,Census ACS22 COUSUB22-BLKGRP20 and COUSUB22-TRACT22; Dorn county-to-1990-CZ
09110514600,[20901],['09003'],20901,EXACT_UNIQUE_CZ_BY_OFFICIAL_TOWN_RELATION,Census ACS22 COUSUB22-BLKGRP20 and COUSUB22-TRACT22; Dorn county-to-1990-CZ
09110514700,[20901],['09003'],20901,EXACT_UNIQUE_CZ_BY_OFFICIAL_TOWN_RELATION,Census ACS22 COUSUB22-BLKGRP20 and COUSUB22-TRACT22; Dorn county-to-1990-CZ
09110514800,[20901],['09003'],20901,EXACT_UNIQUE_CZ_BY_OFFICIAL_TOWN_RELATION,Census ACS22 COUSUB22-BLKGRP20 and COUSUB22-TRACT22; Dorn county-to-1990-CZ
09110514900,[20901],['09003'],20901,EXACT_UNIQUE_CZ_BY_OFFICIAL_TOWN_RELATION,Census ACS22 COUSUB22-BLKGRP20 and COUSUB22-TRACT22; Dorn county-to-1990-CZ
09110515000,[20901],['09003'],20901,EXACT_UNIQUE_CZ_BY_OFFICIAL_TOWN_RELATION,Census ACS22 COUSUB22-BLKGRP20 and COUSUB22-TRACT22; Dorn county-to-1990-CZ
09110515101,[20901],['09003'],20901,EXACT_UNIQUE_CZ_BY_OFFICIAL_TOWN_RELATION,Census ACS22 COUSUB22-BLKGRP20 and COUSUB22-TRACT22; Dorn county-to-1990-CZ
09110515102,[20901],['09003'],20901,EXACT_UNIQUE_CZ_BY_OFFICIAL_TOWN_RELATION,Census ACS22 COUSUB22-BLKGRP20 and COUSUB22-TRACT22; Dorn county-to-1990-CZ
09110515200,[20901],['09003'],20901,EXACT_UNIQUE_CZ_BY_OFFICIAL_TOWN_RELATION,Census ACS22 COUSUB22-BLKGRP20 and COUSUB22-TRACT22; Dorn county-to-1990-CZ
09110520100,[20901],['09003'],20901,EXACT_UNIQUE_CZ_BY_OFFICIAL_TOWN_RELATION,Census ACS22 COUSUB22-BLKGRP20 and COUSUB22-TRACT22; Dorn county-to-1990-CZ
09110520201,[20901],['09003'],20901,EXACT_UNIQUE_CZ_BY_OFFICIAL_TOWN_RELATION,Census ACS22 COUSUB22-BLKGRP20 and COUSUB22-TRACT22; Dorn county-to-1990-CZ
09110520202,[20901],['09003'],20901,EXACT_UNIQUE_CZ_BY_OFFICIAL_TOWN_RELATION,Census ACS22 COUSUB22-BLKGRP20 and COUSUB22-TRACT22; Dorn county-to-1990-CZ
09110520301,[20901],['09003'],20901,EXACT_UNIQUE_CZ_BY_OFFICIAL_TOWN_RELATION,Census ACS22 COUSUB22-BLKGRP20 and COUSUB22-TRACT22; Dorn county-to-1990-CZ
09110520302,[20901],['09003'],20901,EXACT_UNIQUE_CZ_BY_OFFICIAL_TOWN_RELATION,Census ACS22 COUSUB22-BLKGRP20 and COUSUB22-TRACT22; Dorn county-to-1990-CZ
09110520400,[20901],['09003'],20901,EXACT_UNIQUE_CZ_BY_OFFICIAL_TOWN_RELATION,Census ACS22 COUSUB22-BLKGRP20 and COUSUB22-TRACT22; Dorn county-to-1990-CZ
09110520501,[20901],['09003'],20901,EXACT_UNIQUE_CZ_BY_OFFICIAL_TOWN_RELATION,Census ACS22 COUSUB22-BLKGRP20 and COUSUB22-TRACT22; Dorn county-to-1990-CZ
09110524100,[20901],['09003'],20901,EXACT_UNIQUE_CZ_BY_OFFICIAL_TOWN_RELATION,Census ACS22 COUSUB22-BLKGRP20 and COUSUB22-TRACT22; Dorn county-to-1990-CZ
09110524200,[20901],['09003'],20901,EXACT_UNIQUE_CZ_BY_OFFICIAL_TOWN_RELATION,Census ACS22 COUSUB22-BLKGRP20 and COUSUB22-TRACT22; Dorn county-to-1990-CZ
09110524300,[20901],['09003'],20901,EXACT_UNIQUE_CZ_BY_OFFICIAL_TOWN_RELATION,Census ACS22 COUSUB22-BLKGRP20 and COUSUB22-TRACT22; Dorn county-to-1990-CZ
09110524400,[20901],['09003'],20901,EXACT_UNIQUE_CZ_BY_OFFICIAL_TOWN_RELATION,Census ACS22 COUSUB22-BLKGRP20 and COUSUB22-TRACT22; Dorn county-to-1990-CZ
09110524501,[20901],['09003'],20901,EXACT_UNIQUE_CZ_BY_OFFICIAL_TOWN_RELATION,Census ACS22 COUSUB22-BLKGRP20 and COUSUB22-TRACT22; Dorn county-to-1990-CZ
09110524502,[20901],['09003'],20901,EXACT_UNIQUE_CZ_BY_OFFICIAL_TOWN_RELATION,Census ACS22 COUSUB22-BLKGRP20 and COUSUB22-TRACT22; Dorn county-to-1990-CZ
09110524600,[20901],['09003'],20901,EXACT_UNIQUE_CZ_BY_OFFICIAL_TOWN_RELATION,Census ACS22 COUSUB22-BLKGRP20 and COUSUB22-TRACT22; Dorn county-to-1990-CZ
09110524700,[20901],['09003'],20901,EXACT_UNIQUE_CZ_BY_OFFICIAL_TOWN_RELATION,Census ACS22 COUSUB22-BLKGRP20 and COUSUB22-TRACT22; Dorn county-to-1990-CZ
09110526101,[20901],['09013'],20901,EXACT_UNIQUE_CZ_BY_OFFICIAL_TOWN_RELATION,Census ACS22 COUSUB22-BLKGRP20 and COUSUB22-TRACT22; Dorn county-to-1990-CZ
09110526102,[20901],['09013'],20901,EXACT_UNIQUE_CZ_BY_OFFICIAL_TOWN_RELATION,Census ACS22 COUSUB22-BLKGRP20 and COUSUB22-TRACT22; Dorn county-to-1990-CZ
09110528100,[20901],['09013'],20901,EXACT_UNIQUE_CZ_BY_OFFICIAL_TOWN_RELATION,Census ACS22 COUSUB22-BLKGRP20 and COUSUB22-TRACT22; Dorn county-to-1990-CZ
09110529100,[20901],['09013'],20901,EXACT_UNIQUE_CZ_BY_OFFICIAL_TOWN_RELATION,Census ACS22 COUSUB22-BLKGRP20 and COUSUB22-TRACT22; Dorn county-to-1990-CZ
09110530100,[20901],['09013'],20901,EXACT_UNIQUE_CZ_BY_OFFICIAL_TOWN_RELATION,Census ACS22 COUSUB22-BLKGRP20 and COUSUB22-TRACT22; Dorn county-to-1990-CZ
09110530200,[20901],['09013'],20901,EXACT_UNIQUE_CZ_BY_OFFICIAL_TOWN_RELATION,Census ACS22 COUSUB22-BLKGRP20 and COUSUB22-TRACT22; Dorn county-to-1990-CZ
09110530301,[20901],['09013'],20901,EXACT_UNIQUE_CZ_BY_OFFICIAL_TOWN_RELATION,Census ACS22 COUSUB22-BLKGRP20 and COUSUB22-TRACT22; Dorn county-to-1990-CZ
09110530302,[20901],['09013'],20901,EXACT_UNIQUE_CZ_BY_OFFICIAL_TOWN_RELATION,Census ACS22 COUSUB22-BLKGRP20 and COUSUB22-TRACT22; Dorn county-to-1990-CZ
09110530400,[20901],['09013'],20901,EXACT_UNIQUE_CZ_BY_OFFICIAL_TOWN_RELATION,Census ACS22 COUSUB22-BLKGRP20 and COUSUB22-TRACT22; Dorn county-to-1990-CZ
09110530500,[20901],['09013'],20901,EXACT_UNIQUE_CZ_BY_OFFICIAL_TOWN_RELATION,Census ACS22 COUSUB22-BLKGRP20 and COUSUB22-TRACT22; Dorn county-to-1990-CZ
09110530600,[20901],['09013'],20901,EXACT_UNIQUE_CZ_BY_OFFICIAL_TOWN_RELATION,Census ACS22 COUSUB22-BLKGRP20 and COUSUB22-TRACT22; Dorn county-to-1990-CZ
09110533102,[20901],['09013'],20901,EXACT_UNIQUE_CZ_BY_OFFICIAL_TOWN_RELATION,Census ACS22 COUSUB22-BLKGRP20 and COUSUB22-TRACT22; Dorn county-to-1990-CZ
09110533103,[20901],['09013'],20901,EXACT_UNIQUE_CZ_BY_OFFICIAL_TOWN_RELATION,Census ACS22 COUSUB22-BLKGRP20 and COUSUB22-TRACT22; Dorn county-to-1990-CZ
09110533104,[20901],['09013'],20901,EXACT_UNIQUE_CZ_BY_OFFICIAL_TOWN_RELATION,Census ACS22 COUSUB22-BLKGRP20 and COUSUB22-TRACT22; Dorn county-to-1990-CZ
09110535101,[20901],['09013'],20901,EXACT_UNIQUE_CZ_BY_OFFICIAL_TOWN_RELATION,Census ACS22 COUSUB22-BLKGRP20 and COUSUB22-TRACT22; Dorn county-to-1990-CZ
09110535102,[20901],['09013'],20901,EXACT_UNIQUE_CZ_BY_OFFICIAL_TOWN_RELATION,Census ACS22 COUSUB22-BLKGRP20 and COUSUB22-TRACT22; Dorn county-to-1990-CZ
09110535200,[20901],['09013'],20901,EXACT_UNIQUE_CZ_BY_OFFICIAL_TOWN_RELATION,Census ACS22 COUSUB22-BLKGRP20 and COUSUB22-TRACT22; Dorn county-to-1990-CZ
09110538100,[20901],['09013'],20901,EXACT_UNIQUE_CZ_BY_OFFICIAL_TOWN_RELATION,Census ACS22 COUSUB22-BLKGRP20 and COUSUB22-TRACT22; Dorn county-to-1990-CZ
09110538201,[20901],['09013'],20901,EXACT_UNIQUE_CZ_BY_OFFICIAL_TOWN_RELATION,Census ACS22 COUSUB22-BLKGRP20 and COUSUB22-TRACT22; Dorn county-to-1990-CZ
09110538202,[20901],['09013'],20901,EXACT_UNIQUE_CZ_BY_OFFICIAL_TOWN_RELATION,Census ACS22 COUSUB22-BLKGRP20 and COUSUB22-TRACT22; Dorn county-to-1990-CZ
09110840100,[20901],['09013'],20901,EXACT_UNIQUE_CZ_BY_OFFICIAL_TOWN_RELATION,Census ACS22 COUSUB22-BLKGRP20 and COUSUB22-TRACT22; Dorn county-to-1990-CZ
09110850100,[20901],['09013'],20901,EXACT_UNIQUE_CZ_BY_OFFICIAL_TOWN_RELATION,Census ACS22 COUSUB22-BLKGRP20 and COUSUB22-TRACT22; Dorn county-to-1990-CZ
09110850200,[20901],['09013'],20901,EXACT_UNIQUE_CZ_BY_OFFICIAL_TOWN_RELATION,Census ACS22 COUSUB22-BLKGRP20 and COUSUB22-TRACT22; Dorn county-to-1990-CZ
09110860100,[20901],['09013'],20901,EXACT_UNIQUE_CZ_BY_OFFICIAL_TOWN_RELATION,Census ACS22 COUSUB22-BLKGRP20 and COUSUB22-TRACT22; Dorn county-to-1990-CZ
09110881100,[20901],['09013'],20901,EXACT_UNIQUE_CZ_BY_OFFICIAL_TOWN_RELATION,Census ACS22 COUSUB22-BLKGRP20 and COUSUB22-TRACT22; Dorn county-to-1990-CZ
09110881200,[20901],['09013'],20901,EXACT_UNIQUE_CZ_BY_OFFICIAL_TOWN_RELATION,Census ACS22 COUSUB22-BLKGRP20 and COUSUB22-TRACT22; Dorn county-to-1990-CZ
09110881300,[20901],['09013'],20901,EXACT_UNIQUE_CZ_BY_OFFICIAL_TOWN_RELATION,Census ACS22 COUSUB22-BLKGRP20 and COUSUB22-TRACT22; Dorn county-to-1990-CZ
09110881500,[20901],['09013'],20901,EXACT_UNIQUE_CZ_BY_OFFICIAL_TOWN_RELATION,Census ACS22 COUSUB22-BLKGRP20 and COUSUB22-TRACT22; Dorn county-to-1990-CZ
09110890100,[20901],['09013'],20901,EXACT_UNIQUE_CZ_BY_OFFICIAL_TOWN_RELATION,Census ACS22 COUSUB22-BLKGRP20 and COUSUB22-TRACT22; Dorn county-to-1990-CZ
09110890202,[20901],['09013'],20901,EXACT_UNIQUE_CZ_BY_OFFICIAL_TOWN_RELATION,Census ACS22 COUSUB22-BLKGRP20 and COUSUB22-TRACT22; Dorn county-to-1990-CZ
09110890204,[20901],['09013'],20901,EXACT_UNIQUE_CZ_BY_OFFICIAL_TOWN_RELATION,Census ACS22 COUSUB22-BLKGRP20 and COUSUB22-TRACT22; Dorn county-to-1990-CZ
09110980001,[20901],['09003'],20901,EXACT_UNIQUE_CZ_BY_OFFICIAL_TOWN_RELATION,Census ACS22 COUSUB22-BLKGRP20 and COUSUB22-TRACT22; Dorn county-to-1990-CZ
09110980002,[20901],['09003'],20901,EXACT_UNIQUE_CZ_BY_OFFICIAL_TOWN_RELATION,Census ACS22 COUSUB22-BLKGRP20 and COUSUB22-TRACT22; Dorn county-to-1990-CZ
09110980003,[20901],['09003'],20901,EXACT_UNIQUE_CZ_BY_OFFICIAL_TOWN_RELATION,Census ACS22 COUSUB22-BLKGRP20 and COUSUB22-TRACT22; Dorn county-to-1990-CZ
09110980100,[20901],['09003'],20901,EXACT_UNIQUE_CZ_BY_OFFICIAL_TOWN_RELATION,Census ACS22 COUSUB22-BLKGRP20 and COUSUB22-TRACT22; Dorn county-to-1990-CZ
09120060100,[20901],['09001'],20901,EXACT_UNIQUE_CZ_BY_OFFICIAL_TOWN_RELATION,Census ACS22 COUSUB22-BLKGRP20 and COUSUB22-TRACT22; Dorn county-to-1990-CZ
09120060200,[20901],['09001'],20901,EXACT_UNIQUE_CZ_BY_OFFICIAL_TOWN_RELATION,Census ACS22 COUSUB22-BLKGRP20 and COUSUB22-TRACT22; Dorn county-to-1990-CZ
09120060300,[20901],['09001'],20901,EXACT_UNIQUE_CZ_BY_OFFICIAL_TOWN_RELATION,Census ACS22 COUSUB22-BLKGRP20 and COUSUB22-TRACT22; Dorn county-to-1990-CZ
09120060400,[20901],['09001'],20901,EXACT_UNIQUE_CZ_BY_OFFICIAL_TOWN_RELATION,Census ACS22 COUSUB22-BLKGRP20 and COUSUB22-TRACT22; Dorn county-to-1990-CZ
09120060500,[20901],['09001'],20901,EXACT_UNIQUE_CZ_BY_OFFICIAL_TOWN_RELATION,Census ACS22 COUSUB22-BLKGRP20 and COUSUB22-TRACT22; Dorn county-to-1990-CZ
09120060600,[20901],['09001'],20901,EXACT_UNIQUE_CZ_BY_OFFICIAL_TOWN_RELATION,Census ACS22 COUSUB22-BLKGRP20 and COUSUB22-TRACT22; Dorn county-to-1990-CZ
09120060700,[20901],['09001'],20901,EXACT_UNIQUE_CZ_BY_OFFICIAL_TOWN_RELATION,Census ACS22 COUSUB22-BLKGRP20 and COUSUB22-TRACT22; Dorn county-to-1990-CZ
09120060800,[20901],['09001'],20901,EXACT_UNIQUE_CZ_BY_OFFICIAL_TOWN_RELATION,Census ACS22 COUSUB22-BLKGRP20 and COUSUB22-TRACT22; Dorn county-to-1990-CZ
09120060900,[20901],['09001'],20901,EXACT_UNIQUE_CZ_BY_OFFICIAL_TOWN_RELATION,Census ACS22 COUSUB22-BLKGRP20 and COUSUB22-TRACT22; Dorn county-to-1990-CZ
09120061000,[20901],['09001'],20901,EXACT_UNIQUE_CZ_BY_OFFICIAL_TOWN_RELATION,Census ACS22 COUSUB22-BLKGRP20 and COUSUB22-TRACT22; Dorn county-to-1990-CZ
09120061100,[20901],['09001'],20901,EXACT_UNIQUE_CZ_BY_OFFICIAL_TOWN_RELATION,Census ACS22 COUSUB22-BLKGRP20 and COUSUB22-TRACT22; Dorn county-to-1990-CZ
09120061200,[20901],['09001'],20901,EXACT_UNIQUE_CZ_BY_OFFICIAL_TOWN_RELATION,Census ACS22 COUSUB22-BLKGRP20 and COUSUB22-TRACT22; Dorn county-to-1990-CZ
09120061300,[20901],['09001'],20901,EXACT_UNIQUE_CZ_BY_OFFICIAL_TOWN_RELATION,Census ACS22 COUSUB22-BLKGRP20 and COUSUB22-TRACT22; Dorn county-to-1990-CZ
09120061400,[20901],['09001'],20901,EXACT_UNIQUE_CZ_BY_OFFICIAL_TOWN_RELATION,Census ACS22 COUSUB22-BLKGRP20 and COUSUB22-TRACT22; Dorn county-to-1990-CZ
09120061500,[20901],['09001'],20901,EXACT_UNIQUE_CZ_BY_OFFICIAL_TOWN_RELATION,Census ACS22 COUSUB22-BLKGRP20 and COUSUB22-TRACT22; Dorn county-to-1990-CZ
09120061600,[20901],['09001'],20901,EXACT_UNIQUE_CZ_BY_OFFICIAL_TOWN_RELATION,Census ACS22 COUSUB22-BLKGRP20 and COUSUB22-TRACT22; Dorn county-to-1990-CZ
09120070100,[20901],['09001'],20901,EXACT_UNIQUE_CZ_BY_OFFICIAL_TOWN_RELATION,Census ACS22 COUSUB22-BLKGRP20 and COUSUB22-TRACT22; Dorn county-to-1990-CZ
09120070200,[20901],['09001'],20901,EXACT_UNIQUE_CZ_BY_OFFICIAL_TOWN_RELATION,Census ACS22 COUSUB22-BLKGRP20 and COUSUB22-TRACT22; Dorn county-to-1990-CZ
09120070300,[20901],['09001'],20901,EXACT_UNIQUE_CZ_BY_OFFICIAL_TOWN_RELATION,Census ACS22 COUSUB22-BLKGRP20 and COUSUB22-TRACT22; Dorn county-to-1990-CZ
09120070400,[20901],['09001'],20901,EXACT_UNIQUE_CZ_BY_OFFICIAL_TOWN_RELATION,Census ACS22 COUSUB22-BLKGRP20 and COUSUB22-TRACT22; Dorn county-to-1990-CZ
09120070500,[20901],['09001'],20901,EXACT_UNIQUE_CZ_BY_OFFICIAL_TOWN_RELATION,Census ACS22 COUSUB22-BLKGRP20 and COUSUB22-TRACT22; Dorn county-to-1990-CZ
09120070600,[20901],['09001'],20901,EXACT_UNIQUE_CZ_BY_OFFICIAL_TOWN_RELATION,Census ACS22 COUSUB22-BLKGRP20 and COUSUB22-TRACT22; Dorn county-to-1990-CZ
09120070900,[20901],['09001'],20901,EXACT_UNIQUE_CZ_BY_OFFICIAL_TOWN_RELATION,Census ACS22 COUSUB22-BLKGRP20 and COUSUB22-TRACT22; Dorn county-to-1990-CZ
09120071000,[20901],['09001'],20901,EXACT_UNIQUE_CZ_BY_OFFICIAL_TOWN_RELATION,Census ACS22 COUSUB22-BLKGRP20 and COUSUB22-TRACT22; Dorn county-to-1990-CZ
09120071100,[20901],['09001'],20901,EXACT_UNIQUE_CZ_BY_OFFICIAL_TOWN_RELATION,Census ACS22 COUSUB22-BLKGRP20 and COUSUB22-TRACT22; Dorn county-to-1990-CZ
09120071200,[20901],['09001'],20901,EXACT_UNIQUE_CZ_BY_OFFICIAL_TOWN_RELATION,Census ACS22 COUSUB22-BLKGRP20 and COUSUB22-TRACT22; Dorn county-to-1990-CZ
09120071300,[20901],['09001'],20901,EXACT_UNIQUE_CZ_BY_OFFICIAL_TOWN_RELATION,Census ACS22 COUSUB22-BLKGRP20 and COUSUB22-TRACT22; Dorn county-to-1990-CZ
09120071400,[20901],['09001'],20901,EXACT_UNIQUE_CZ_BY_OFFICIAL_TOWN_RELATION,Census ACS22 COUSUB22-BLKGRP20 and COUSUB22-TRACT22; Dorn county-to-1990-CZ
09120071600,[20901],['09001'],20901,EXACT_UNIQUE_CZ_BY_OFFICIAL_TOWN_RELATION,Census ACS22 COUSUB22-BLKGRP20 and COUSUB22-TRACT22; Dorn county-to-1990-CZ
09120071900,[20901],['09001'],20901,EXACT_UNIQUE_CZ_BY_OFFICIAL_TOWN_RELATION,Census ACS22 COUSUB22-BLKGRP20 and COUSUB22-TRACT22; Dorn county-to-1990-CZ
09120072000,[20901],['09001'],20901,EXACT_UNIQUE_CZ_BY_OFFICIAL_TOWN_RELATION,Census ACS22 COUSUB22-BLKGRP20 and COUSUB22-TRACT22; Dorn county-to-1990-CZ
09120072100,[20901],['09001'],20901,EXACT_UNIQUE_CZ_BY_OFFICIAL_TOWN_RELATION,Census ACS22 COUSUB22-BLKGRP20 and COUSUB22-TRACT22; Dorn county-to-1990-CZ
09120072200,[20901],['09001'],20901,EXACT_UNIQUE_CZ_BY_OFFICIAL_TOWN_RELATION,Census ACS22 COUSUB22-BLKGRP20 and COUSUB22-TRACT22; Dorn county-to-1990-CZ
09120072300,[20901],['09001'],20901,EXACT_UNIQUE_CZ_BY_OFFICIAL_TOWN_RELATION,Census ACS22 COUSUB22-BLKGRP20 and COUSUB22-TRACT22; Dorn county-to-1990-CZ
09120072400,[20901],['09001'],20901,EXACT_UNIQUE_CZ_BY_OFFICIAL_TOWN_RELATION,Census ACS22 COUSUB22-BLKGRP20 and COUSUB22-TRACT22; Dorn county-to-1990-CZ
09120072500,[20901],['09001'],20901,EXACT_UNIQUE_CZ_BY_OFFICIAL_TOWN_RELATION,Census ACS22 COUSUB22-BLKGRP20 and COUSUB22-TRACT22; Dorn county-to-1990-CZ
09120072600,[20901],['09001'],20901,EXACT_UNIQUE_CZ_BY_OFFICIAL_TOWN_RELATION,Census ACS22 COUSUB22-BLKGRP20 and COUSUB22-TRACT22; Dorn county-to-1990-CZ
09120072700,[20901],['09001'],20901,EXACT_UNIQUE_CZ_BY_OFFICIAL_TOWN_RELATION,Census ACS22 COUSUB22-BLKGRP20 and COUSUB22-TRACT22; Dorn county-to-1990-CZ
09120072800,[20901],['09001'],20901,EXACT_UNIQUE_CZ_BY_OFFICIAL_TOWN_RELATION,Census ACS22 COUSUB22-BLKGRP20 and COUSUB22-TRACT22; Dorn county-to-1990-CZ
09120072900,[20901],['09001'],20901,EXACT_UNIQUE_CZ_BY_OFFICIAL_TOWN_RELATION,Census ACS22 COUSUB22-BLKGRP20 and COUSUB22-TRACT22; Dorn county-to-1990-CZ
09120073000,[20901],['09001'],20901,EXACT_UNIQUE_CZ_BY_OFFICIAL_TOWN_RELATION,Census ACS22 COUSUB22-BLKGRP20 and COUSUB22-TRACT22; Dorn county-to-1990-CZ
09120073100,[20901],['09001'],20901,EXACT_UNIQUE_CZ_BY_OFFICIAL_TOWN_RELATION,Census ACS22 COUSUB22-BLKGRP20 and COUSUB22-TRACT22; Dorn county-to-1990-CZ
09120073200,[20901],['09001'],20901,EXACT_UNIQUE_CZ_BY_OFFICIAL_TOWN_RELATION,Census ACS22 COUSUB22-BLKGRP20 and COUSUB22-TRACT22; Dorn county-to-1990-CZ
09120073300,[20901],['09001'],20901,EXACT_UNIQUE_CZ_BY_OFFICIAL_TOWN_RELATION,Census ACS22 COUSUB22-BLKGRP20 and COUSUB22-TRACT22; Dorn county-to-1990-CZ
09120073400,[20901],['09001'],20901,EXACT_UNIQUE_CZ_BY_OFFICIAL_TOWN_RELATION,Census ACS22 COUSUB22-BLKGRP20 and COUSUB22-TRACT22; Dorn county-to-1990-CZ
09120073500,[20901],['09001'],20901,EXACT_UNIQUE_CZ_BY_OFFICIAL_TOWN_RELATION,Census ACS22 COUSUB22-BLKGRP20 and COUSUB22-TRACT22; Dorn county-to-1990-CZ
09120073600,[20901],['09001'],20901,EXACT_UNIQUE_CZ_BY_OFFICIAL_TOWN_RELATION,Census ACS22 COUSUB22-BLKGRP20 and COUSUB22-TRACT22; Dorn county-to-1990-CZ
09120073700,[20901],['09001'],20901,EXACT_UNIQUE_CZ_BY_OFFICIAL_TOWN_RELATION,Census ACS22 COUSUB22-BLKGRP20 and COUSUB22-TRACT22; Dorn county-to-1990-CZ
09120073800,[20901],['09001'],20901,EXACT_UNIQUE_CZ_BY_OFFICIAL_TOWN_RELATION,Census ACS22 COUSUB22-BLKGRP20 and COUSUB22-TRACT22; Dorn county-to-1990-CZ
09120073900,[20901],['09001'],20901,EXACT_UNIQUE_CZ_BY_OFFICIAL_TOWN_RELATION,Census ACS22 COUSUB22-BLKGRP20 and COUSUB22-TRACT22; Dorn county-to-1990-CZ
09120074000,[20901],['09001'],20901,EXACT_UNIQUE_CZ_BY_OFFICIAL_TOWN_RELATION,Census ACS22 COUSUB22-BLKGRP20 and COUSUB22-TRACT22; Dorn county-to-1990-CZ
09120074300,[20901],['09001'],20901,EXACT_UNIQUE_CZ_BY_OFFICIAL_TOWN_RELATION,Census ACS22 COUSUB22-BLKGRP20 and COUSUB22-TRACT22; Dorn county-to-1990-CZ
09120074400,[20901],['09001'],20901,EXACT_UNIQUE_CZ_BY_OFFICIAL_TOWN_RELATION,Census ACS22 COUSUB22-BLKGRP20 and COUSUB22-TRACT22; Dorn county-to-1990-CZ
09120080100,[20901],['09001'],20901,EXACT_UNIQUE_CZ_BY_OFFICIAL_TOWN_RELATION,Census ACS22 COUSUB22-BLKGRP20 and COUSUB22-TRACT22; Dorn county-to-1990-CZ
09120080200,[20901],['09001'],20901,EXACT_UNIQUE_CZ_BY_OFFICIAL_TOWN_RELATION,Census ACS22 COUSUB22-BLKGRP20 and COUSUB22-TRACT22; Dorn county-to-1990-CZ
09120080400,[20901],['09001'],20901,EXACT_UNIQUE_CZ_BY_OFFICIAL_TOWN_RELATION,Census ACS22 COUSUB22-BLKGRP20 and COUSUB22-TRACT22; Dorn county-to-1990-CZ
09120080500,[20901],['09001'],20901,EXACT_UNIQUE_CZ_BY_OFFICIAL_TOWN_RELATION,Census ACS22 COUSUB22-BLKGRP20 and COUSUB22-TRACT22; Dorn county-to-1990-CZ
09120080600,[20901],['09001'],20901,EXACT_UNIQUE_CZ_BY_OFFICIAL_TOWN_RELATION,Census ACS22 COUSUB22-BLKGRP20 and COUSUB22-TRACT22; Dorn county-to-1990-CZ
09120080700,[20901],['09001'],20901,EXACT_UNIQUE_CZ_BY_OFFICIAL_TOWN_RELATION,Census ACS22 COUSUB22-BLKGRP20 and COUSUB22-TRACT22; Dorn county-to-1990-CZ
09120080800,[20901],['09001'],20901,EXACT_UNIQUE_CZ_BY_OFFICIAL_TOWN_RELATION,Census ACS22 COUSUB22-BLKGRP20 and COUSUB22-TRACT22; Dorn county-to-1990-CZ
09120080900,[20901],['09001'],20901,EXACT_UNIQUE_CZ_BY_OFFICIAL_TOWN_RELATION,Census ACS22 COUSUB22-BLKGRP20 and COUSUB22-TRACT22; Dorn county-to-1990-CZ
09120081000,[20901],['09001'],20901,EXACT_UNIQUE_CZ_BY_OFFICIAL_TOWN_RELATION,Census ACS22 COUSUB22-BLKGRP20 and COUSUB22-TRACT22; Dorn county-to-1990-CZ
09120081100,[20901],['09001'],20901,EXACT_UNIQUE_CZ_BY_OFFICIAL_TOWN_RELATION,Census ACS22 COUSUB22-BLKGRP20 and COUSUB22-TRACT22; Dorn county-to-1990-CZ
09120081200,[20901],['09001'],20901,EXACT_UNIQUE_CZ_BY_OFFICIAL_TOWN_RELATION,Census ACS22 COUSUB22-BLKGRP20 and COUSUB22-TRACT22; Dorn county-to-1990-CZ
09120081300,[20901],['09001'],20901,EXACT_UNIQUE_CZ_BY_OFFICIAL_TOWN_RELATION,Census ACS22 COUSUB22-BLKGRP20 and COUSUB22-TRACT22; Dorn county-to-1990-CZ
09120090100,[20901],['09001'],20901,EXACT_UNIQUE_CZ_BY_OFFICIAL_TOWN_RELATION,Census ACS22 COUSUB22-BLKGRP20 and COUSUB22-TRACT22; Dorn county-to-1990-CZ
09120090200,[20901],['09001'],20901,EXACT_UNIQUE_CZ_BY_OFFICIAL_TOWN_RELATION,Census ACS22 COUSUB22-BLKGRP20 and COUSUB22-TRACT22; Dorn county-to-1990-CZ
09120090300,[20901],['09001'],20901,EXACT_UNIQUE_CZ_BY_OFFICIAL_TOWN_RELATION,Census ACS22 COUSUB22-BLKGRP20 and COUSUB22-TRACT22; Dorn county-to-1990-CZ
09120090400,[20901],['09001'],20901,EXACT_UNIQUE_CZ_BY_OFFICIAL_TOWN_RELATION,Census ACS22 COUSUB22-BLKGRP20 and COUSUB22-TRACT22; Dorn county-to-1990-CZ
09120090500,[20901],['09001'],20901,EXACT_UNIQUE_CZ_BY_OFFICIAL_TOWN_RELATION,Census ACS22 COUSUB22-BLKGRP20 and COUSUB22-TRACT22; Dorn county-to-1990-CZ
09120090600,[20901],['09001'],20901,EXACT_UNIQUE_CZ_BY_OFFICIAL_TOWN_RELATION,Census ACS22 COUSUB22-BLKGRP20 and COUSUB22-TRACT22; Dorn county-to-1990-CZ
09120090700,[20901],['09001'],20901,EXACT_UNIQUE_CZ_BY_OFFICIAL_TOWN_RELATION,Census ACS22 COUSUB22-BLKGRP20 and COUSUB22-TRACT22; Dorn county-to-1990-CZ
09120100100,[20901],['09001'],20901,EXACT_UNIQUE_CZ_BY_OFFICIAL_TOWN_RELATION,Census ACS22 COUSUB22-BLKGRP20 and COUSUB22-TRACT22; Dorn county-to-1990-CZ
09120100200,[20901],['09001'],20901,EXACT_UNIQUE_CZ_BY_OFFICIAL_TOWN_RELATION,Census ACS22 COUSUB22-BLKGRP20 and COUSUB22-TRACT22; Dorn county-to-1990-CZ
09120100300,[20901],['09001'],20901,EXACT_UNIQUE_CZ_BY_OFFICIAL_TOWN_RELATION,Census ACS22 COUSUB22-BLKGRP20 and COUSUB22-TRACT22; Dorn county-to-1990-CZ
09120105100,[20901],['09001'],20901,EXACT_UNIQUE_CZ_BY_OFFICIAL_TOWN_RELATION,Census ACS22 COUSUB22-BLKGRP20 and COUSUB22-TRACT22; Dorn county-to-1990-CZ
09120105200,[20901],['09001'],20901,EXACT_UNIQUE_CZ_BY_OFFICIAL_TOWN_RELATION,Census ACS22 COUSUB22-BLKGRP20 and COUSUB22-TRACT22; Dorn county-to-1990-CZ
09120257200,[20901],['09001'],20901,EXACT_UNIQUE_CZ_BY_OFFICIAL_TOWN_RELATION,Census ACS22 COUSUB22-BLKGRP20 and COUSUB22-TRACT22; Dorn county-to-1990-CZ
09120990000,[20901],['09001'],20901,EXACT_UNIQUE_CZ_BY_OFFICIAL_TOWN_RELATION,Census ACS22 COUSUB22-BLKGRP20 and COUSUB22-TRACT22; Dorn county-to-1990-CZ
09130541100,[20901],['09007'],20901,EXACT_UNIQUE_CZ_BY_OFFICIAL_TOWN_RELATION,Census ACS22 COUSUB22-BLKGRP20 and COUSUB22-TRACT22; Dorn county-to-1990-CZ
09130541200,[20901],['09007'],20901,EXACT_UNIQUE_CZ_BY_OFFICIAL_TOWN_RELATION,Census ACS22 COUSUB22-BLKGRP20 and COUSUB22-TRACT22; Dorn county-to-1990-CZ
09130541301,[20901],['09007'],20901,EXACT_UNIQUE_CZ_BY_OFFICIAL_TOWN_RELATION,Census ACS22 COUSUB22-BLKGRP20 and COUSUB22-TRACT22; Dorn county-to-1990-CZ
09130541302,[20901],['09007'],20901,EXACT_UNIQUE_CZ_BY_OFFICIAL_TOWN_RELATION,Census ACS22 COUSUB22-BLKGRP20 and COUSUB22-TRACT22; Dorn county-to-1990-CZ
09130541401,[20901],['09007'],20901,EXACT_UNIQUE_CZ_BY_OFFICIAL_TOWN_RELATION,Census ACS22 COUSUB22-BLKGRP20 and COUSUB22-TRACT22; Dorn county-to-1990-CZ
09130541402,[20901],['09007'],20901,EXACT_UNIQUE_CZ_BY_OFFICIAL_TOWN_RELATION,Census ACS22 COUSUB22-BLKGRP20 and COUSUB22-TRACT22; Dorn county-to-1990-CZ
09130541500,[20901],['09007'],20901,EXACT_UNIQUE_CZ_BY_OFFICIAL_TOWN_RELATION,Census ACS22 COUSUB22-BLKGRP20 and COUSUB22-TRACT22; Dorn county-to-1990-CZ
09130541600,[20901],['09007'],20901,EXACT_UNIQUE_CZ_BY_OFFICIAL_TOWN_RELATION,Census ACS22 COUSUB22-BLKGRP20 and COUSUB22-TRACT22; Dorn county-to-1990-CZ
09130541700,[20901],['09007'],20901,EXACT_UNIQUE_CZ_BY_OFFICIAL_TOWN_RELATION,Census ACS22 COUSUB22-BLKGRP20 and COUSUB22-TRACT22; Dorn county-to-1990-CZ
09130542000,[20901],['09007'],20901,EXACT_UNIQUE_CZ_BY_OFFICIAL_TOWN_RELATION,Census ACS22 COUSUB22-BLKGRP20 and COUSUB22-TRACT22; Dorn county-to-1990-CZ
09130542100,[20901],['09007'],20901,EXACT_UNIQUE_CZ_BY_OFFICIAL_TOWN_RELATION,Census ACS22 COUSUB22-BLKGRP20 and COUSUB22-TRACT22; Dorn county-to-1990-CZ
09130542200,[20901],['09007'],20901,EXACT_UNIQUE_CZ_BY_OFFICIAL_TOWN_RELATION,Census ACS22 COUSUB22-BLKGRP20 and COUSUB22-TRACT22; Dorn county-to-1990-CZ
09130550100,[20901],['09007'],20901,EXACT_UNIQUE_CZ_BY_OFFICIAL_TOWN_RELATION,Census ACS22 COUSUB22-BLKGRP20 and COUSUB22-TRACT22; Dorn county-to-1990-CZ
09130550201,[20901],['09007'],20901,EXACT_UNIQUE_CZ_BY_OFFICIAL_TOWN_RELATION,Census ACS22 COUSUB22-BLKGRP20 and COUSUB22-TRACT22; Dorn county-to-1990-CZ
09130550202,[20901],['09007'],20901,EXACT_UNIQUE_CZ_BY_OFFICIAL_TOWN_RELATION,Census ACS22 COUSUB22-BLKGRP20 and COUSUB22-TRACT22; Dorn county-to-1990-CZ
09130560100,[20901],['09007'],20901,EXACT_UNIQUE_CZ_BY_OFFICIAL_TOWN_RELATION,Census ACS22 COUSUB22-BLKGRP20 and COUSUB22-TRACT22; Dorn county-to-1990-CZ
09130560200,[20901],['09007'],20901,EXACT_UNIQUE_CZ_BY_OFFICIAL_TOWN_RELATION,Census ACS22 COUSUB22-BLKGRP20 and COUSUB22-TRACT22; Dorn county-to-1990-CZ
09130570100,[20901],['09007'],20901,EXACT_UNIQUE_CZ_BY_OFFICIAL_TOWN_RELATION,Census ACS22 COUSUB22-BLKGRP20 and COUSUB22-TRACT22; Dorn county-to-1990-CZ
09130570200,[20901],['09007'],20901,EXACT_UNIQUE_CZ_BY_OFFICIAL_TOWN_RELATION,Census ACS22 COUSUB22-BLKGRP20 and COUSUB22-TRACT22; Dorn county-to-1990-CZ
09130570300,[20901],['09007'],20901,EXACT_UNIQUE_CZ_BY_OFFICIAL_TOWN_RELATION,Census ACS22 COUSUB22-BLKGRP20 and COUSUB22-TRACT22; Dorn county-to-1990-CZ
09130580100,[20901],['09007'],20901,EXACT_UNIQUE_CZ_BY_OFFICIAL_TOWN_RELATION,Census ACS22 COUSUB22-BLKGRP20 and COUSUB22-TRACT22; Dorn county-to-1990-CZ
09130585100,[20901],['09007'],20901,EXACT_UNIQUE_CZ_BY_OFFICIAL_TOWN_RELATION,Census ACS22 COUSUB22-BLKGRP20 and COUSUB22-TRACT22; Dorn county-to-1990-CZ
09130590101,[20901],['09007'],20901,EXACT_UNIQUE_CZ_BY_OFFICIAL_TOWN_RELATION,Census ACS22 COUSUB22-BLKGRP20 and COUSUB22-TRACT22; Dorn county-to-1990-CZ
09130590102,[20901],['09007'],20901,EXACT_UNIQUE_CZ_BY_OFFICIAL_TOWN_RELATION,Census ACS22 COUSUB22-BLKGRP20 and COUSUB22-TRACT22; Dorn county-to-1990-CZ
09130595101,[20901],['09007'],20901,EXACT_UNIQUE_CZ_BY_OFFICIAL_TOWN_RELATION,Census ACS22 COUSUB22-BLKGRP20 and COUSUB22-TRACT22; Dorn county-to-1990-CZ
09130595102,[20901],['09007'],20901,EXACT_UNIQUE_CZ_BY_OFFICIAL_TOWN_RELATION,Census ACS22 COUSUB22-BLKGRP20 and COUSUB22-TRACT22; Dorn county-to-1990-CZ
09130600100,[20901],['09007'],20901,EXACT_UNIQUE_CZ_BY_OFFICIAL_TOWN_RELATION,Census ACS22 COUSUB22-BLKGRP20 and COUSUB22-TRACT22; Dorn county-to-1990-CZ
09130610100,[20901],['09007'],20901,EXACT_UNIQUE_CZ_BY_OFFICIAL_TOWN_RELATION,Census ACS22 COUSUB22-BLKGRP20 and COUSUB22-TRACT22; Dorn county-to-1990-CZ
09130610200,[20901],['09007'],20901,EXACT_UNIQUE_CZ_BY_OFFICIAL_TOWN_RELATION,Census ACS22 COUSUB22-BLKGRP20 and COUSUB22-TRACT22; Dorn county-to-1990-CZ
09130610300,[20901],['09007'],20901,EXACT_UNIQUE_CZ_BY_OFFICIAL_TOWN_RELATION,Census ACS22 COUSUB22-BLKGRP20 and COUSUB22-TRACT22; Dorn county-to-1990-CZ
09130610400,[20901],['09007'],20901,EXACT_UNIQUE_CZ_BY_OFFICIAL_TOWN_RELATION,Census ACS22 COUSUB22-BLKGRP20 and COUSUB22-TRACT22; Dorn county-to-1990-CZ
09130620100,[20901],['09007'],20901,EXACT_UNIQUE_CZ_BY_OFFICIAL_TOWN_RELATION,Census ACS22 COUSUB22-BLKGRP20 and COUSUB22-TRACT22; Dorn county-to-1990-CZ
09130630101,[20901],['09007'],20901,EXACT_UNIQUE_CZ_BY_OFFICIAL_TOWN_RELATION,Census ACS22 COUSUB22-BLKGRP20 and COUSUB22-TRACT22; Dorn county-to-1990-CZ
09130630102,[20901],['09007'],20901,EXACT_UNIQUE_CZ_BY_OFFICIAL_TOWN_RELATION,Census ACS22 COUSUB22-BLKGRP20 and COUSUB22-TRACT22; Dorn county-to-1990-CZ
09130640100,[20901],['09007'],20901,EXACT_UNIQUE_CZ_BY_OFFICIAL_TOWN_RELATION,Census ACS22 COUSUB22-BLKGRP20 and COUSUB22-TRACT22; Dorn county-to-1990-CZ
09130650100,[20901],['09011'],20901,EXACT_UNIQUE_CZ_BY_OFFICIAL_TOWN_RELATION,Census ACS22 COUSUB22-BLKGRP20 and COUSUB22-TRACT22; Dorn county-to-1990-CZ
09130660101,[20901],['09011'],20901,EXACT_UNIQUE_CZ_BY_OFFICIAL_TOWN_RELATION,Census ACS22 COUSUB22-BLKGRP20 and COUSUB22-TRACT22; Dorn county-to-1990-CZ
09130660103,[20901],['09011'],20901,EXACT_UNIQUE_CZ_BY_OFFICIAL_TOWN_RELATION,Census ACS22 COUSUB22-BLKGRP20 and COUSUB22-TRACT22; Dorn county-to-1990-CZ
09130660104,[20901],['09011'],20901,EXACT_UNIQUE_CZ_BY_OFFICIAL_TOWN_RELATION,Census ACS22 COUSUB22-BLKGRP20 and COUSUB22-TRACT22; Dorn county-to-1990-CZ
09130670100,[20901],['09007'],20901,EXACT_UNIQUE_CZ_BY_OFFICIAL_TOWN_RELATION,Census ACS22 COUSUB22-BLKGRP20 and COUSUB22-TRACT22; Dorn county-to-1990-CZ
09130670200,[20901],['09007'],20901,EXACT_UNIQUE_CZ_BY_OFFICIAL_TOWN_RELATION,Census ACS22 COUSUB22-BLKGRP20 and COUSUB22-TRACT22; Dorn county-to-1990-CZ
09130680101,[20901],['09007'],20901,EXACT_UNIQUE_CZ_BY_OFFICIAL_TOWN_RELATION,Census ACS22 COUSUB22-BLKGRP20 and COUSUB22-TRACT22; Dorn county-to-1990-CZ
09130680102,[20901],['09007'],20901,EXACT_UNIQUE_CZ_BY_OFFICIAL_TOWN_RELATION,Census ACS22 COUSUB22-BLKGRP20 and COUSUB22-TRACT22; Dorn county-to-1990-CZ
09130680200,[20901],['09007'],20901,EXACT_UNIQUE_CZ_BY_OFFICIAL_TOWN_RELATION,Census ACS22 COUSUB22-BLKGRP20 and COUSUB22-TRACT22; Dorn county-to-1990-CZ
09130990100,[20901],"['09007', '09011']",20901,EXACT_UNIQUE_CZ_BY_OFFICIAL_TOWN_RELATION,Census ACS22 COUSUB22-BLKGRP20 and COUSUB22-TRACT22; Dorn county-to-1990-CZ
09140110100,[20901],['09001'],20901,EXACT_UNIQUE_CZ_BY_OFFICIAL_TOWN_RELATION,Census ACS22 COUSUB22-BLKGRP20 and COUSUB22-TRACT22; Dorn county-to-1990-CZ
09140110201,[20901],['09001'],20901,EXACT_UNIQUE_CZ_BY_OFFICIAL_TOWN_RELATION,Census ACS22 COUSUB22-BLKGRP20 and COUSUB22-TRACT22; Dorn county-to-1990-CZ
09140110202,[20901],['09001'],20901,EXACT_UNIQUE_CZ_BY_OFFICIAL_TOWN_RELATION,Census ACS22 COUSUB22-BLKGRP20 and COUSUB22-TRACT22; Dorn county-to-1990-CZ
09140110301,[20901],['09001'],20901,EXACT_UNIQUE_CZ_BY_OFFICIAL_TOWN_RELATION,Census ACS22 COUSUB22-BLKGRP20 and COUSUB22-TRACT22; Dorn county-to-1990-CZ
09140110302,[20901],['09001'],20901,EXACT_UNIQUE_CZ_BY_OFFICIAL_TOWN_RELATION,Census ACS22 COUSUB22-BLKGRP20 and COUSUB22-TRACT22; Dorn county-to-1990-CZ
09140110400,[20901],['09001'],20901,EXACT_UNIQUE_CZ_BY_OFFICIAL_TOWN_RELATION,Census ACS22 COUSUB22-BLKGRP20 and COUSUB22-TRACT22; Dorn county-to-1990-CZ
09140110500,[20901],['09001'],20901,EXACT_UNIQUE_CZ_BY_OFFICIAL_TOWN_RELATION,Census ACS22 COUSUB22-BLKGRP20 and COUSUB22-TRACT22; Dorn county-to-1990-CZ
09140110601,[20901],['09001'],20901,EXACT_UNIQUE_CZ_BY_OFFICIAL_TOWN_RELATION,Census ACS22 COUSUB22-BLKGRP20 and COUSUB22-TRACT22; Dorn county-to-1990-CZ
09140110602,[20901],['09001'],20901,EXACT_UNIQUE_CZ_BY_OFFICIAL_TOWN_RELATION,Census ACS22 COUSUB22-BLKGRP20 and COUSUB22-TRACT22; Dorn county-to-1990-CZ
09140120100,[20901],['09009'],20901,EXACT_UNIQUE_CZ_BY_OFFICIAL_TOWN_RELATION,Census ACS22 COUSUB22-BLKGRP20 and COUSUB22-TRACT22; Dorn county-to-1990-CZ
09140120200,[20901],['09009'],20901,EXACT_UNIQUE_CZ_BY_OFFICIAL_TOWN_RELATION,Census ACS22 COUSUB22-BLKGRP20 and COUSUB22-TRACT22; Dorn county-to-1990-CZ
09140125100,[20901],['09009'],20901,EXACT_UNIQUE_CZ_BY_OFFICIAL_TOWN_RELATION,Census ACS22 COUSUB22-BLKGRP20 and COUSUB22-TRACT22; Dorn county-to-1990-CZ
09140125200,[20901],['09009'],20901,EXACT_UNIQUE_CZ_BY_OFFICIAL_TOWN_RELATION,Census ACS22 COUSUB22-BLKGRP20 and COUSUB22-TRACT22; Dorn county-to-1990-CZ
09140125300,[20901],['09009'],20901,EXACT_UNIQUE_CZ_BY_OFFICIAL_TOWN_RELATION,Census ACS22 COUSUB22-BLKGRP20 and COUSUB22-TRACT22; Dorn county-to-1990-CZ
09140125400,[20901],['09009'],20901,EXACT_UNIQUE_CZ_BY_OFFICIAL_TOWN_RELATION,Census ACS22 COUSUB22-BLKGRP20 and COUSUB22-TRACT22; Dorn county-to-1990-CZ
09140130101,[20901],['09009'],20901,EXACT_UNIQUE_CZ_BY_OFFICIAL_TOWN_RELATION,Census ACS22 COUSUB22-BLKGRP20 and COUSUB22-TRACT22; Dorn county-to-1990-CZ
09140130102,[20901],['09009'],20901,EXACT_UNIQUE_CZ_BY_OFFICIAL_TOWN_RELATION,Census ACS22 COUSUB22-BLKGRP20 and COUSUB22-TRACT22; Dorn county-to-1990-CZ
09140130201,[20901],['09009'],20901,EXACT_UNIQUE_CZ_BY_OFFICIAL_TOWN_RELATION,Census ACS22 COUSUB22-BLKGRP20 and COUSUB22-TRACT22; Dorn county-to-1990-CZ
09140130202,[20901],['09009'],20901,EXACT_UNIQUE_CZ_BY_OFFICIAL_TOWN_RELATION,Census ACS22 COUSUB22-BLKGRP20 and COUSUB22-TRACT22; Dorn county-to-1990-CZ
09140341100,[20901],['09009'],20901,EXACT_UNIQUE_CZ_BY_OFFICIAL_TOWN_RELATION,Census ACS22 COUSUB22-BLKGRP20 and COUSUB22-TRACT22; Dorn county-to-1990-CZ
09140342100,[20901],['09005'],20901,EXACT_UNIQUE_CZ_BY_OFFICIAL_TOWN_RELATION,Census ACS22 COUSUB22-BLKGRP20 and COUSUB22-TRACT22; Dorn county-to-1990-CZ
09140343101,[20901],['09009'],20901,EXACT_UNIQUE_CZ_BY_OFFICIAL_TOWN_RELATION,Census ACS22 COUSUB22-BLKGRP20 and COUSUB22-TRACT22; Dorn county-to-1990-CZ
09140343102,[20901],['09009'],20901,EXACT_UNIQUE_CZ_BY_OFFICIAL_TOWN_RELATION,Census ACS22 COUSUB22-BLKGRP20 and COUSUB22-TRACT22; Dorn county-to-1990-CZ
09140343200,[20901],['09009'],20901,EXACT_UNIQUE_CZ_BY_OFFICIAL_TOWN_RELATION,Census ACS22 COUSUB22-BLKGRP20 and COUSUB22-TRACT22; Dorn county-to-1990-CZ
09140343300,[20901],['09009'],20901,EXACT_UNIQUE_CZ_BY_OFFICIAL_TOWN_RELATION,Census ACS22 COUSUB22-BLKGRP20 and COUSUB22-TRACT22; Dorn county-to-1990-CZ
09140343400,[20901],['09009'],20901,EXACT_UNIQUE_CZ_BY_OFFICIAL_TOWN_RELATION,Census ACS22 COUSUB22-BLKGRP20 and COUSUB22-TRACT22; Dorn county-to-1990-CZ
09140344100,[20901],['09009'],20901,EXACT_UNIQUE_CZ_BY_OFFICIAL_TOWN_RELATION,Census ACS22 COUSUB22-BLKGRP20 and COUSUB22-TRACT22; Dorn county-to-1990-CZ
09140344200,[20901],['09009'],20901,EXACT_UNIQUE_CZ_BY_OFFICIAL_TOWN_RELATION,Census ACS22 COUSUB22-BLKGRP20 and COUSUB22-TRACT22; Dorn county-to-1990-CZ
09140345100,[20901],['09009'],20901,EXACT_UNIQUE_CZ_BY_OFFICIAL_TOWN_RELATION,Census ACS22 COUSUB22-BLKGRP20 and COUSUB22-TRACT22; Dorn county-to-1990-CZ
09140345201,[20901],['09009'],20901,EXACT_UNIQUE_CZ_BY_OFFICIAL_TOWN_RELATION,Census ACS22 COUSUB22-BLKGRP20 and COUSUB22-TRACT22; Dorn county-to-1990-CZ
09140345202,[20901],['09009'],20901,EXACT_UNIQUE_CZ_BY_OFFICIAL_TOWN_RELATION,Census ACS22 COUSUB22-BLKGRP20 and COUSUB22-TRACT22; Dorn county-to-1990-CZ
09140345300,[20901],['09009'],20901,EXACT_UNIQUE_CZ_BY_OFFICIAL_TOWN_RELATION,Census ACS22 COUSUB22-BLKGRP20 and COUSUB22-TRACT22; Dorn county-to-1990-CZ
09140345400,[20901],['09009'],20901,EXACT_UNIQUE_CZ_BY_OFFICIAL_TOWN_RELATION,Census ACS22 COUSUB22-BLKGRP20 and COUSUB22-TRACT22; Dorn county-to-1990-CZ
09140346101,[20901],['09009'],20901,EXACT_UNIQUE_CZ_BY_OFFICIAL_TOWN_RELATION,Census ACS22 COUSUB22-BLKGRP20 and COUSUB22-TRACT22; Dorn county-to-1990-CZ
09140346102,[20901],['09009'],20901,EXACT_UNIQUE_CZ_BY_OFFICIAL_TOWN_RELATION,Census ACS22 COUSUB22-BLKGRP20 and COUSUB22-TRACT22; Dorn county-to-1990-CZ
09140347100,[20901],['09009'],20901,EXACT_UNIQUE_CZ_BY_OFFICIAL_TOWN_RELATION,Census ACS22 COUSUB22-BLKGRP20 and COUSUB22-TRACT22; Dorn county-to-1990-CZ
09140347200,[20901],['09009'],20901,EXACT_UNIQUE_CZ_BY_OFFICIAL_TOWN_RELATION,Census ACS22 COUSUB22-BLKGRP20 and COUSUB22-TRACT22; Dorn county-to-1990-CZ
09140348111,[20901],['09009'],20901,EXACT_UNIQUE_CZ_BY_OFFICIAL_TOWN_RELATION,Census ACS22 COUSUB22-BLKGRP20 and COUSUB22-TRACT22; Dorn county-to-1990-CZ
09140348122,[20901],['09009'],20901,EXACT_UNIQUE_CZ_BY_OFFICIAL_TOWN_RELATION,Census ACS22 COUSUB22-BLKGRP20 and COUSUB22-TRACT22; Dorn county-to-1990-CZ
09140348123,[20901],['09009'],20901,EXACT_UNIQUE_CZ_BY_OFFICIAL_TOWN_RELATION,Census ACS22 COUSUB22-BLKGRP20 and COUSUB22-TRACT22; Dorn county-to-1990-CZ
09140348124,[20901],['09009'],20901,EXACT_UNIQUE_CZ_BY_OFFICIAL_TOWN_RELATION,Census ACS22 COUSUB22-BLKGRP20 and COUSUB22-TRACT22; Dorn county-to-1990-CZ
09140348125,[20901],['09009'],20901,EXACT_UNIQUE_CZ_BY_OFFICIAL_TOWN_RELATION,Census ACS22 COUSUB22-BLKGRP20 and COUSUB22-TRACT22; Dorn county-to-1990-CZ
09140349100,[20901],['09005'],20901,EXACT_UNIQUE_CZ_BY_OFFICIAL_TOWN_RELATION,Census ACS22 COUSUB22-BLKGRP20 and COUSUB22-TRACT22; Dorn county-to-1990-CZ
09140349200,[20901],['09005'],20901,EXACT_UNIQUE_CZ_BY_OFFICIAL_TOWN_RELATION,Census ACS22 COUSUB22-BLKGRP20 and COUSUB22-TRACT22; Dorn county-to-1990-CZ
09140350101,[20901],['09009'],20901,EXACT_UNIQUE_CZ_BY_OFFICIAL_TOWN_RELATION,Census ACS22 COUSUB22-BLKGRP20 and COUSUB22-TRACT22; Dorn county-to-1990-CZ
09140350200,[20901],['09009'],20901,EXACT_UNIQUE_CZ_BY_OFFICIAL_TOWN_RELATION,Census ACS22 COUSUB22-BLKGRP20 and COUSUB22-TRACT22; Dorn county-to-1990-CZ
09140350300,[20901],['09009'],20901,EXACT_UNIQUE_CZ_BY_OFFICIAL_TOWN_RELATION,Census ACS22 COUSUB22-BLKGRP20 and COUSUB22-TRACT22; Dorn county-to-1990-CZ
09140350400,[20901],['09009'],20901,EXACT_UNIQUE_CZ_BY_OFFICIAL_TOWN_RELATION,Census ACS22 COUSUB22-BLKGRP20 and COUSUB22-TRACT22; Dorn county-to-1990-CZ
09140350500,[20901],['09009'],20901,EXACT_UNIQUE_CZ_BY_OFFICIAL_TOWN_RELATION,Census ACS22 COUSUB22-BLKGRP20 and COUSUB22-TRACT22; Dorn county-to-1990-CZ
09140350800,[20901],['09009'],20901,EXACT_UNIQUE_CZ_BY_OFFICIAL_TOWN_RELATION,Census ACS22 COUSUB22-BLKGRP20 and COUSUB22-TRACT22; Dorn county-to-1990-CZ
09140350900,[20901],['09009'],20901,EXACT_UNIQUE_CZ_BY_OFFICIAL_TOWN_RELATION,Census ACS22 COUSUB22-BLKGRP20 and COUSUB22-TRACT22; Dorn county-to-1990-CZ
09140351000,[20901],['09009'],20901,EXACT_UNIQUE_CZ_BY_OFFICIAL_TOWN_RELATION,Census ACS22 COUSUB22-BLKGRP20 and COUSUB22-TRACT22; Dorn county-to-1990-CZ
09140351100,[20901],['09009'],20901,EXACT_UNIQUE_CZ_BY_OFFICIAL_TOWN_RELATION,Census ACS22 COUSUB22-BLKGRP20 and COUSUB22-TRACT22; Dorn county-to-1990-CZ
09140351200,[20901],['09009'],20901,EXACT_UNIQUE_CZ_BY_OFFICIAL_TOWN_RELATION,Census ACS22 COUSUB22-BLKGRP20 and COUSUB22-TRACT22; Dorn county-to-1990-CZ
09140351300,[20901],['09009'],20901,EXACT_UNIQUE_CZ_BY_OFFICIAL_TOWN_RELATION,Census ACS22 COUSUB22-BLKGRP20 and COUSUB22-TRACT22; Dorn county-to-1990-CZ
09140351400,[20901],['09009'],20901,EXACT_UNIQUE_CZ_BY_OFFICIAL_TOWN_RELATION,Census ACS22 COUSUB22-BLKGRP20 and COUSUB22-TRACT22; Dorn county-to-1990-CZ
09140351500,[20901],['09009'],20901,EXACT_UNIQUE_CZ_BY_OFFICIAL_TOWN_RELATION,Census ACS22 COUSUB22-BLKGRP20 and COUSUB22-TRACT22; Dorn county-to-1990-CZ
09140351601,[20901],['09009'],20901,EXACT_UNIQUE_CZ_BY_OFFICIAL_TOWN_RELATION,Census ACS22 COUSUB22-BLKGRP20 and COUSUB22-TRACT22; Dorn county-to-1990-CZ
09140351602,[20901],['09009'],20901,EXACT_UNIQUE_CZ_BY_OFFICIAL_TOWN_RELATION,Census ACS22 COUSUB22-BLKGRP20 and COUSUB22-TRACT22; Dorn county-to-1990-CZ
09140351700,[20901],['09009'],20901,EXACT_UNIQUE_CZ_BY_OFFICIAL_TOWN_RELATION,Census ACS22 COUSUB22-BLKGRP20 and COUSUB22-TRACT22; Dorn county-to-1990-CZ
09140351800,[20901],['09009'],20901,EXACT_UNIQUE_CZ_BY_OFFICIAL_TOWN_RELATION,Census ACS22 COUSUB22-BLKGRP20 and COUSUB22-TRACT22; Dorn county-to-1990-CZ
09140351900,[20901],['09009'],20901,EXACT_UNIQUE_CZ_BY_OFFICIAL_TOWN_RELATION,Census ACS22 COUSUB22-BLKGRP20 and COUSUB22-TRACT22; Dorn county-to-1990-CZ
09140352000,[20901],['09009'],20901,EXACT_UNIQUE_CZ_BY_OFFICIAL_TOWN_RELATION,Census ACS22 COUSUB22-BLKGRP20 and COUSUB22-TRACT22; Dorn county-to-1990-CZ
09140352100,[20901],['09009'],20901,EXACT_UNIQUE_CZ_BY_OFFICIAL_TOWN_RELATION,Census ACS22 COUSUB22-BLKGRP20 and COUSUB22-TRACT22; Dorn county-to-1990-CZ
09140352200,[20901],['09009'],20901,EXACT_UNIQUE_CZ_BY_OFFICIAL_TOWN_RELATION,Census ACS22 COUSUB22-BLKGRP20 and COUSUB22-TRACT22; Dorn county-to-1990-CZ
09140352300,[20901],['09009'],20901,EXACT_UNIQUE_CZ_BY_OFFICIAL_TOWN_RELATION,Census ACS22 COUSUB22-BLKGRP20 and COUSUB22-TRACT22; Dorn county-to-1990-CZ
09140352400,[20901],['09009'],20901,EXACT_UNIQUE_CZ_BY_OFFICIAL_TOWN_RELATION,Census ACS22 COUSUB22-BLKGRP20 and COUSUB22-TRACT22; Dorn county-to-1990-CZ
09140352500,[20901],['09009'],20901,EXACT_UNIQUE_CZ_BY_OFFICIAL_TOWN_RELATION,Census ACS22 COUSUB22-BLKGRP20 and COUSUB22-TRACT22; Dorn county-to-1990-CZ
09140352600,[20901],['09009'],20901,EXACT_UNIQUE_CZ_BY_OFFICIAL_TOWN_RELATION,Census ACS22 COUSUB22-BLKGRP20 and COUSUB22-TRACT22; Dorn county-to-1990-CZ
09140352701,[20901],['09009'],20901,EXACT_UNIQUE_CZ_BY_OFFICIAL_TOWN_RELATION,Census ACS22 COUSUB22-BLKGRP20 and COUSUB22-TRACT22; Dorn county-to-1990-CZ
09140352702,[20901],['09009'],20901,EXACT_UNIQUE_CZ_BY_OFFICIAL_TOWN_RELATION,Census ACS22 COUSUB22-BLKGRP20 and COUSUB22-TRACT22; Dorn county-to-1990-CZ
09140352800,[20901],['09009'],20901,EXACT_UNIQUE_CZ_BY_OFFICIAL_TOWN_RELATION,Census ACS22 COUSUB22-BLKGRP20 and COUSUB22-TRACT22; Dorn county-to-1990-CZ
09140360100,[20901],['09005'],20901,EXACT_UNIQUE_CZ_BY_OFFICIAL_TOWN_RELATION,Census ACS22 COUSUB22-BLKGRP20 and COUSUB22-TRACT22; Dorn county-to-1990-CZ
09140360200,[20901],['09005'],20901,EXACT_UNIQUE_CZ_BY_OFFICIAL_TOWN_RELATION,Census ACS22 COUSUB22-BLKGRP20 and COUSUB22-TRACT22; Dorn county-to-1990-CZ
09140360300,[20901],['09005'],20901,EXACT_UNIQUE_CZ_BY_OFFICIAL_TOWN_RELATION,Census ACS22 COUSUB22-BLKGRP20 and COUSUB22-TRACT22; Dorn county-to-1990-CZ
09140360400,[20901],['09005'],20901,EXACT_UNIQUE_CZ_BY_OFFICIAL_TOWN_RELATION,Census ACS22 COUSUB22-BLKGRP20 and COUSUB22-TRACT22; Dorn county-to-1990-CZ
09140361100,[20901],['09009'],20901,EXACT_UNIQUE_CZ_BY_OFFICIAL_TOWN_RELATION,Census ACS22 COUSUB22-BLKGRP20 and COUSUB22-TRACT22; Dorn county-to-1990-CZ
09140361200,[20901],['09009'],20901,EXACT_UNIQUE_CZ_BY_OFFICIAL_TOWN_RELATION,Census ACS22 COUSUB22-BLKGRP20 and COUSUB22-TRACT22; Dorn county-to-1990-CZ
09140361300,[20901],['09009'],20901,EXACT_UNIQUE_CZ_BY_OFFICIAL_TOWN_RELATION,Census ACS22 COUSUB22-BLKGRP20 and COUSUB22-TRACT22; Dorn county-to-1990-CZ
09140362101,[20901],['09005'],20901,EXACT_UNIQUE_CZ_BY_OFFICIAL_TOWN_RELATION,Census ACS22 COUSUB22-BLKGRP20 and COUSUB22-TRACT22; Dorn county-to-1990-CZ
09140362102,[20901],['09005'],20901,EXACT_UNIQUE_CZ_BY_OFFICIAL_TOWN_RELATION,Census ACS22 COUSUB22-BLKGRP20 and COUSUB22-TRACT22; Dorn county-to-1990-CZ
09140405100,[20901],['09003'],20901,EXACT_UNIQUE_CZ_BY_OFFICIAL_TOWN_RELATION,Census ACS22 COUSUB22-BLKGRP20 and COUSUB22-TRACT22; Dorn county-to-1990-CZ
09140405200,[20901],['09003'],20901,EXACT_UNIQUE_CZ_BY_OFFICIAL_TOWN_RELATION,Census ACS22 COUSUB22-BLKGRP20 and COUSUB22-TRACT22; Dorn county-to-1990-CZ
09140405300,[20901],['09003'],20901,EXACT_UNIQUE_CZ_BY_OFFICIAL_TOWN_RELATION,Census ACS22 COUSUB22-BLKGRP20 and COUSUB22-TRACT22; Dorn county-to-1990-CZ
09140405401,[20901],['09003'],20901,EXACT_UNIQUE_CZ_BY_OFFICIAL_TOWN_RELATION,Census ACS22 COUSUB22-BLKGRP20 and COUSUB22-TRACT22; Dorn county-to-1990-CZ
09140405402,[20901],['09003'],20901,EXACT_UNIQUE_CZ_BY_OFFICIAL_TOWN_RELATION,Census ACS22 COUSUB22-BLKGRP20 and COUSUB22-TRACT22; Dorn county-to-1990-CZ
09140405500,[20901],['09003'],20901,EXACT_UNIQUE_CZ_BY_OFFICIAL_TOWN_RELATION,Census ACS22 COUSUB22-BLKGRP20 and COUSUB22-TRACT22; Dorn county-to-1990-CZ
09140405600,[20901],['09003'],20901,EXACT_UNIQUE_CZ_BY_OFFICIAL_TOWN_RELATION,Census ACS22 COUSUB22-BLKGRP20 and COUSUB22-TRACT22; Dorn county-to-1990-CZ
09140405700,[20901],['09003'],20901,EXACT_UNIQUE_CZ_BY_OFFICIAL_TOWN_RELATION,Census ACS22 COUSUB22-BLKGRP20 and COUSUB22-TRACT22; Dorn county-to-1990-CZ
09140405801,[20901],['09003'],20901,EXACT_UNIQUE_CZ_BY_OFFICIAL_TOWN_RELATION,Census ACS22 COUSUB22-BLKGRP20 and COUSUB22-TRACT22; Dorn county-to-1990-CZ
09140405802,[20901],['09003'],20901,EXACT_UNIQUE_CZ_BY_OFFICIAL_TOWN_RELATION,Census ACS22 COUSUB22-BLKGRP20 and COUSUB22-TRACT22; Dorn county-to-1990-CZ
09140405900,[20901],['09003'],20901,EXACT_UNIQUE_CZ_BY_OFFICIAL_TOWN_RELATION,Census ACS22 COUSUB22-BLKGRP20 and COUSUB22-TRACT22; Dorn county-to-1990-CZ
09140406001,[20901],['09003'],20901,EXACT_UNIQUE_CZ_BY_OFFICIAL_TOWN_RELATION,Census ACS22 COUSUB22-BLKGRP20 and COUSUB22-TRACT22; Dorn county-to-1990-CZ
09140406002,[20901],['09003'],20901,EXACT_UNIQUE_CZ_BY_OFFICIAL_TOWN_RELATION,Census ACS22 COUSUB22-BLKGRP20 and COUSUB22-TRACT22; Dorn county-to-1990-CZ
09140406100,[20901],['09003'],20901,EXACT_UNIQUE_CZ_BY_OFFICIAL_TOWN_RELATION,Census ACS22 COUSUB22-BLKGRP20 and COUSUB22-TRACT22; Dorn county-to-1990-CZ
09140425300,[20901],['09005'],20901,EXACT_UNIQUE_CZ_BY_OFFICIAL_TOWN_RELATION,Census ACS22 COUSUB22-BLKGRP20 and COUSUB22-TRACT22; Dorn county-to-1990-CZ
09140425400,[20901],['09005'],20901,EXACT_UNIQUE_CZ_BY_OFFICIAL_TOWN_RELATION,Census ACS22 COUSUB22-BLKGRP20 and COUSUB22-TRACT22; Dorn county-to-1990-CZ
09140425500,[20901],['09005'],20901,EXACT_UNIQUE_CZ_BY_OFFICIAL_TOWN_RELATION,Census ACS22 COUSUB22-BLKGRP20 and COUSUB22-TRACT22; Dorn county-to-1990-CZ
09150708100,[20901],['09011'],20901,EXACT_UNIQUE_CZ_BY_OFFICIAL_TOWN_RELATION,Census ACS22 COUSUB22-BLKGRP20 and COUSUB22-TRACT22; Dorn county-to-1990-CZ
09150815000,[20901],['09015'],20901,EXACT_UNIQUE_CZ_BY_OFFICIAL_TOWN_RELATION,Census ACS22 COUSUB22-BLKGRP20 and COUSUB22-TRACT22; Dorn county-to-1990-CZ
09150820000,[20901],['09015'],20901,EXACT_UNIQUE_CZ_BY_OFFICIAL_TOWN_RELATION,Census ACS22 COUSUB22-BLKGRP20 and COUSUB22-TRACT22; Dorn county-to-1990-CZ
09150825000,[20901],['09015'],20901,EXACT_UNIQUE_CZ_BY_OFFICIAL_TOWN_RELATION,Census ACS22 COUSUB22-BLKGRP20 and COUSUB22-TRACT22; Dorn county-to-1990-CZ
09150830100,[20901],['09015'],20901,EXACT_UNIQUE_CZ_BY_OFFICIAL_TOWN_RELATION,Census ACS22 COUSUB22-BLKGRP20 and COUSUB22-TRACT22; Dorn county-to-1990-CZ
09150890203,[20901],['09013'],20901,EXACT_UNIQUE_CZ_BY_OFFICIAL_TOWN_RELATION,Census ACS22 COUSUB22-BLKGRP20 and COUSUB22-TRACT22; Dorn county-to-1990-CZ
09150900100,[20901],['09015'],20901,EXACT_UNIQUE_CZ_BY_OFFICIAL_TOWN_RELATION,Census ACS22 COUSUB22-BLKGRP20 and COUSUB22-TRACT22; Dorn county-to-1990-CZ
09150900200,[20901],['09015'],20901,EXACT_UNIQUE_CZ_BY_OFFICIAL_TOWN_RELATION,Census ACS22 COUSUB22-BLKGRP20 and COUSUB22-TRACT22; Dorn county-to-1990-CZ
09150901101,[20901],['09015'],20901,EXACT_UNIQUE_CZ_BY_OFFICIAL_TOWN_RELATION,Census ACS22 COUSUB22-BLKGRP20 and COUSUB22-TRACT22; Dorn county-to-1990-CZ
09150901102,[20901],['09015'],20901,EXACT_UNIQUE_CZ_BY_OFFICIAL_TOWN_RELATION,Census ACS22 COUSUB22-BLKGRP20 and COUSUB22-TRACT22; Dorn county-to-1990-CZ
09150902200,[20901],['09015'],20901,EXACT_UNIQUE_CZ_BY_OFFICIAL_TOWN_RELATION,Census ACS22 COUSUB22-BLKGRP20 and COUSUB22-TRACT22; Dorn county-to-1990-CZ
09150902500,[20901],['09015'],20901,EXACT_UNIQUE_CZ_BY_OFFICIAL_TOWN_RELATION,Census ACS22 COUSUB22-BLKGRP20 and COUSUB22-TRACT22; Dorn county-to-1990-CZ
09150903101,[20901],['09015'],20901,EXACT_UNIQUE_CZ_BY_OFFICIAL_TOWN_RELATION,Census ACS22 COUSUB22-BLKGRP20 and COUSUB22-TRACT22; Dorn county-to-1990-CZ
09150903102,[20901],['09015'],20901,EXACT_UNIQUE_CZ_BY_OFFICIAL_TOWN_RELATION,Census ACS22 COUSUB22-BLKGRP20 and COUSUB22-TRACT22; Dorn county-to-1990-CZ
09150903200,[20901],['09015'],20901,EXACT_UNIQUE_CZ_BY_OFFICIAL_TOWN_RELATION,Census ACS22 COUSUB22-BLKGRP20 and COUSUB22-TRACT22; Dorn county-to-1990-CZ
09150904101,[20901],['09015'],20901,EXACT_UNIQUE_CZ_BY_OFFICIAL_TOWN_RELATION,Census ACS22 COUSUB22-BLKGRP20 and COUSUB22-TRACT22; Dorn county-to-1990-CZ
09150904102,[20901],['09015'],20901,EXACT_UNIQUE_CZ_BY_OFFICIAL_TOWN_RELATION,Census ACS22 COUSUB22-BLKGRP20 and COUSUB22-TRACT22; Dorn county-to-1990-CZ
09150904400,[20901],['09015'],20901,EXACT_UNIQUE_CZ_BY_OFFICIAL_TOWN_RELATION,Census ACS22 COUSUB22-BLKGRP20 and COUSUB22-TRACT22; Dorn county-to-1990-CZ
09150904500,[20901],['09015'],20901,EXACT_UNIQUE_CZ_BY_OFFICIAL_TOWN_RELATION,Census ACS22 COUSUB22-BLKGRP20 and COUSUB22-TRACT22; Dorn county-to-1990-CZ
09150905101,[20901],['09015'],20901,EXACT_UNIQUE_CZ_BY_OFFICIAL_TOWN_RELATION,Census ACS22 COUSUB22-BLKGRP20 and COUSUB22-TRACT22; Dorn county-to-1990-CZ
09150905102,[20901],['09015'],20901,EXACT_UNIQUE_CZ_BY_OFFICIAL_TOWN_RELATION,Census ACS22 COUSUB22-BLKGRP20 and COUSUB22-TRACT22; Dorn county-to-1990-CZ
09150906100,[20901],['09015'],20901,EXACT_UNIQUE_CZ_BY_OFFICIAL_TOWN_RELATION,Census ACS22 COUSUB22-BLKGRP20 and COUSUB22-TRACT22; Dorn county-to-1990-CZ
09150907100,[20901],['09015'],20901,EXACT_UNIQUE_CZ_BY_OFFICIAL_TOWN_RELATION,Census ACS22 COUSUB22-BLKGRP20 and COUSUB22-TRACT22; Dorn county-to-1990-CZ
09150907200,[20901],['09015'],20901,EXACT_UNIQUE_CZ_BY_OFFICIAL_TOWN_RELATION,Census ACS22 COUSUB22-BLKGRP20 and COUSUB22-TRACT22; Dorn county-to-1990-CZ
09150907300,[20901],['09015'],20901,EXACT_UNIQUE_CZ_BY_OFFICIAL_TOWN_RELATION,Census ACS22 COUSUB22-BLKGRP20 and COUSUB22-TRACT22; Dorn county-to-1990-CZ
09150908100,[20901],['09015'],20901,EXACT_UNIQUE_CZ_BY_OFFICIAL_TOWN_RELATION,Census ACS22 COUSUB22-BLKGRP20 and COUSUB22-TRACT22; Dorn county-to-1990-CZ
09160260200,[20901],['09005'],20901,EXACT_UNIQUE_CZ_BY_OFFICIAL_TOWN_RELATION,Census ACS22 COUSUB22-BLKGRP20 and COUSUB22-TRACT22; Dorn county-to-1990-CZ
09160261100,[20901],['09005'],20901,EXACT_UNIQUE_CZ_BY_OFFICIAL_TOWN_RELATION,Census ACS22 COUSUB22-BLKGRP20 and COUSUB22-TRACT22; Dorn county-to-1990-CZ
09160262100,[20901],['09005'],20901,EXACT_UNIQUE_CZ_BY_OFFICIAL_TOWN_RELATION,Census ACS22 COUSUB22-BLKGRP20 and COUSUB22-TRACT22; Dorn county-to-1990-CZ
09160263200,[20901],['09005'],20901,EXACT_UNIQUE_CZ_BY_OFFICIAL_TOWN_RELATION,Census ACS22 COUSUB22-BLKGRP20 and COUSUB22-TRACT22; Dorn county-to-1990-CZ
09160265100,[20901],['09005'],20901,EXACT_UNIQUE_CZ_BY_OFFICIAL_TOWN_RELATION,Census ACS22 COUSUB22-BLKGRP20 and COUSUB22-TRACT22; Dorn county-to-1990-CZ
09160266100,[20901],['09005'],20901,EXACT_UNIQUE_CZ_BY_OFFICIAL_TOWN_RELATION,Census ACS22 COUSUB22-BLKGRP20 and COUSUB22-TRACT22; Dorn county-to-1990-CZ
09160267100,[20901],['09005'],20901,EXACT_UNIQUE_CZ_BY_OFFICIAL_TOWN_RELATION,Census ACS22 COUSUB22-BLKGRP20 and COUSUB22-TRACT22; Dorn county-to-1990-CZ
09160268100,[20901],['09005'],20901,EXACT_UNIQUE_CZ_BY_OFFICIAL_TOWN_RELATION,Census ACS22 COUSUB22-BLKGRP20 and COUSUB22-TRACT22; Dorn county-to-1990-CZ
09160290100,[20901],['09005'],20901,EXACT_UNIQUE_CZ_BY_OFFICIAL_TOWN_RELATION,Census ACS22 COUSUB22-BLKGRP20 and COUSUB22-TRACT22; Dorn county-to-1990-CZ
09160293100,[20901],['09005'],20901,EXACT_UNIQUE_CZ_BY_OFFICIAL_TOWN_RELATION,Census ACS22 COUSUB22-BLKGRP20 and COUSUB22-TRACT22; Dorn county-to-1990-CZ
09160296100,[20901],['09005'],20901,EXACT_UNIQUE_CZ_BY_OFFICIAL_TOWN_RELATION,Census ACS22 COUSUB22-BLKGRP20 and COUSUB22-TRACT22; Dorn county-to-1990-CZ
09160298300,[20901],['09005'],20901,EXACT_UNIQUE_CZ_BY_OFFICIAL_TOWN_RELATION,Census ACS22 COUSUB22-BLKGRP20 and COUSUB22-TRACT22; Dorn county-to-1990-CZ
09160298400,[20901],['09005'],20901,EXACT_UNIQUE_CZ_BY_OFFICIAL_TOWN_RELATION,Census ACS22 COUSUB22-BLKGRP20 and COUSUB22-TRACT22; Dorn county-to-1990-CZ
09160300100,[20901],['09005'],20901,EXACT_UNIQUE_CZ_BY_OFFICIAL_TOWN_RELATION,Census ACS22 COUSUB22-BLKGRP20 and COUSUB22-TRACT22; Dorn county-to-1990-CZ
09160300400,[20901],['09005'],20901,EXACT_UNIQUE_CZ_BY_OFFICIAL_TOWN_RELATION,Census ACS22 COUSUB22-BLKGRP20 and COUSUB22-TRACT22; Dorn county-to-1990-CZ
09160300500,[20901],['09005'],20901,EXACT_UNIQUE_CZ_BY_OFFICIAL_TOWN_RELATION,Census ACS22 COUSUB22-BLKGRP20 and COUSUB22-TRACT22; Dorn county-to-1990-CZ
09160303100,[20901],['09005'],20901,EXACT_UNIQUE_CZ_BY_OFFICIAL_TOWN_RELATION,Census ACS22 COUSUB22-BLKGRP20 and COUSUB22-TRACT22; Dorn county-to-1990-CZ
09160306100,[20901],['09005'],20901,EXACT_UNIQUE_CZ_BY_OFFICIAL_TOWN_RELATION,Census ACS22 COUSUB22-BLKGRP20 and COUSUB22-TRACT22; Dorn county-to-1990-CZ
09160310100,[20901],['09005'],20901,EXACT_UNIQUE_CZ_BY_OFFICIAL_TOWN_RELATION,Census ACS22 COUSUB22-BLKGRP20 and COUSUB22-TRACT22; Dorn county-to-1990-CZ
09160310200,[20901],['09005'],20901,EXACT_UNIQUE_CZ_BY_OFFICIAL_TOWN_RELATION,Census ACS22 COUSUB22-BLKGRP20 and COUSUB22-TRACT22; Dorn county-to-1990-CZ
09160310300,[20901],['09005'],20901,EXACT_UNIQUE_CZ_BY_OFFICIAL_TOWN_RELATION,Census ACS22 COUSUB22-BLKGRP20 and COUSUB22-TRACT22; Dorn county-to-1990-CZ
09160310400,[20901],['09005'],20901,EXACT_UNIQUE_CZ_BY_OFFICIAL_TOWN_RELATION,Census ACS22 COUSUB22-BLKGRP20 and COUSUB22-TRACT22; Dorn county-to-1990-CZ
09160310500,[20901],['09005'],20901,EXACT_UNIQUE_CZ_BY_OFFICIAL_TOWN_RELATION,Census ACS22 COUSUB22-BLKGRP20 and COUSUB22-TRACT22; Dorn county-to-1990-CZ
09160310601,[20901],['09005'],20901,EXACT_UNIQUE_CZ_BY_OFFICIAL_TOWN_RELATION,Census ACS22 COUSUB22-BLKGRP20 and COUSUB22-TRACT22; Dorn county-to-1990-CZ
09160310602,[20901],['09005'],20901,EXACT_UNIQUE_CZ_BY_OFFICIAL_TOWN_RELATION,Census ACS22 COUSUB22-BLKGRP20 and COUSUB22-TRACT22; Dorn county-to-1990-CZ
09160310700,[20901],['09005'],20901,EXACT_UNIQUE_CZ_BY_OFFICIAL_TOWN_RELATION,Census ACS22 COUSUB22-BLKGRP20 and COUSUB22-TRACT22; Dorn county-to-1990-CZ
09160310801,[20901],['09005'],20901,EXACT_UNIQUE_CZ_BY_OFFICIAL_TOWN_RELATION,Census ACS22 COUSUB22-BLKGRP20 and COUSUB22-TRACT22; Dorn county-to-1990-CZ
09160310803,[20901],['09005'],20901,EXACT_UNIQUE_CZ_BY_OFFICIAL_TOWN_RELATION,Census ACS22 COUSUB22-BLKGRP20 and COUSUB22-TRACT22; Dorn county-to-1990-CZ
09160310804,[20901],['09005'],20901,EXACT_UNIQUE_CZ_BY_OFFICIAL_TOWN_RELATION,Census ACS22 COUSUB22-BLKGRP20 and COUSUB22-TRACT22; Dorn county-to-1990-CZ
09160320101,[20901],['09005'],20901,EXACT_UNIQUE_CZ_BY_OFFICIAL_TOWN_RELATION,Census ACS22 COUSUB22-BLKGRP20 and COUSUB22-TRACT22; Dorn county-to-1990-CZ
09160320102,[20901],['09005'],20901,EXACT_UNIQUE_CZ_BY_OFFICIAL_TOWN_RELATION,Census ACS22 COUSUB22-BLKGRP20 and COUSUB22-TRACT22; Dorn county-to-1990-CZ
09160320200,[20901],['09005'],20901,EXACT_UNIQUE_CZ_BY_OFFICIAL_TOWN_RELATION,Census ACS22 COUSUB22-BLKGRP20 and COUSUB22-TRACT22; Dorn county-to-1990-CZ
09160330100,[20901],['09003'],20901,EXACT_UNIQUE_CZ_BY_OFFICIAL_TOWN_RELATION,Census ACS22 COUSUB22-BLKGRP20 and COUSUB22-TRACT22; Dorn county-to-1990-CZ
09160410101,[20901],['09003'],20901,EXACT_UNIQUE_CZ_BY_OFFICIAL_TOWN_RELATION,Census ACS22 COUSUB22-BLKGRP20 and COUSUB22-TRACT22; Dorn county-to-1990-CZ
09160410102,[20901],['09003'],20901,EXACT_UNIQUE_CZ_BY_OFFICIAL_TOWN_RELATION,Census ACS22 COUSUB22-BLKGRP20 and COUSUB22-TRACT22; Dorn county-to-1990-CZ
09160425601,[20901],['09005'],20901,EXACT_UNIQUE_CZ_BY_OFFICIAL_TOWN_RELATION,Census ACS22 COUSUB22-BLKGRP20 and COUSUB22-TRACT22; Dorn county-to-1990-CZ
09160425602,[20901],['09005'],20901,EXACT_UNIQUE_CZ_BY_OFFICIAL_TOWN_RELATION,Census ACS22 COUSUB22-BLKGRP20 and COUSUB22-TRACT22; Dorn county-to-1990-CZ
09170140101,[20901],['09009'],20901,EXACT_UNIQUE_CZ_BY_OFFICIAL_TOWN_RELATION,Census ACS22 COUSUB22-BLKGRP20 and COUSUB22-TRACT22; Dorn county-to-1990-CZ
09170140102,[20901],['09009'],20901,EXACT_UNIQUE_CZ_BY_OFFICIAL_TOWN_RELATION,Census ACS22 COUSUB22-BLKGRP20 and COUSUB22-TRACT22; Dorn county-to-1990-CZ
09170140200,[20901],['09009'],20901,EXACT_UNIQUE_CZ_BY_OFFICIAL_TOWN_RELATION,Census ACS22 COUSUB22-BLKGRP20 and COUSUB22-TRACT22; Dorn county-to-1990-CZ
09170140300,[20901],['09009'],20901,EXACT_UNIQUE_CZ_BY_OFFICIAL_TOWN_RELATION,Census ACS22 COUSUB22-BLKGRP20 and COUSUB22-TRACT22; Dorn county-to-1990-CZ
09170140400,[20901],['09009'],20901,EXACT_UNIQUE_CZ_BY_OFFICIAL_TOWN_RELATION,Census ACS22 COUSUB22-BLKGRP20 and COUSUB22-TRACT22; Dorn county-to-1990-CZ
09170140500,[20901],['09009'],20901,EXACT_UNIQUE_CZ_BY_OFFICIAL_TOWN_RELATION,Census ACS22 COUSUB22-BLKGRP20 and COUSUB22-TRACT22; Dorn county-to-1990-CZ
09170140600,[20901],['09009'],20901,EXACT_UNIQUE_CZ_BY_OFFICIAL_TOWN_RELATION,Census ACS22 COUSUB22-BLKGRP20 and COUSUB22-TRACT22; Dorn county-to-1990-CZ
09170140700,[20901],['09009'],20901,EXACT_UNIQUE_CZ_BY_OFFICIAL_TOWN_RELATION,Census ACS22 COUSUB22-BLKGRP20 and COUSUB22-TRACT22; Dorn county-to-1990-CZ
09170140800,[20901],['09009'],20901,EXACT_UNIQUE_CZ_BY_OFFICIAL_TOWN_RELATION,Census ACS22 COUSUB22-BLKGRP20 and COUSUB22-TRACT22; Dorn county-to-1990-CZ
09170140900,[20901],['09009'],20901,EXACT_UNIQUE_CZ_BY_OFFICIAL_TOWN_RELATION,Census ACS22 COUSUB22-BLKGRP20 and COUSUB22-TRACT22; Dorn county-to-1990-CZ
09170141000,[20901],['09009'],20901,EXACT_UNIQUE_CZ_BY_OFFICIAL_TOWN_RELATION,Census ACS22 COUSUB22-BLKGRP20 and COUSUB22-TRACT22; Dorn county-to-1990-CZ
09170141100,[20901],['09009'],20901,EXACT_UNIQUE_CZ_BY_OFFICIAL_TOWN_RELATION,Census ACS22 COUSUB22-BLKGRP20 and COUSUB22-TRACT22; Dorn county-to-1990-CZ
09170141200,[20901],['09009'],20901,EXACT_UNIQUE_CZ_BY_OFFICIAL_TOWN_RELATION,Census ACS22 COUSUB22-BLKGRP20 and COUSUB22-TRACT22; Dorn county-to-1990-CZ
09170141301,[20901],['09009'],20901,EXACT_UNIQUE_CZ_BY_OFFICIAL_TOWN_RELATION,Census ACS22 COUSUB22-BLKGRP20 and COUSUB22-TRACT22; Dorn county-to-1990-CZ
09170141400,[20901],['09009'],20901,EXACT_UNIQUE_CZ_BY_OFFICIAL_TOWN_RELATION,Census ACS22 COUSUB22-BLKGRP20 and COUSUB22-TRACT22; Dorn county-to-1990-CZ
09170141500,[20901],['09009'],20901,EXACT_UNIQUE_CZ_BY_OFFICIAL_TOWN_RELATION,Census ACS22 COUSUB22-BLKGRP20 and COUSUB22-TRACT22; Dorn county-to-1990-CZ
09170141600,[20901],['09009'],20901,EXACT_UNIQUE_CZ_BY_OFFICIAL_TOWN_RELATION,Census ACS22 COUSUB22-BLKGRP20 and COUSUB22-TRACT22; Dorn county-to-1990-CZ
09170141800,[20901],['09009'],20901,EXACT_UNIQUE_CZ_BY_OFFICIAL_TOWN_RELATION,Census ACS22 COUSUB22-BLKGRP20 and COUSUB22-TRACT22; Dorn county-to-1990-CZ
09170141900,[20901],['09009'],20901,EXACT_UNIQUE_CZ_BY_OFFICIAL_TOWN_RELATION,Census ACS22 COUSUB22-BLKGRP20 and COUSUB22-TRACT22; Dorn county-to-1990-CZ
09170142000,[20901],['09009'],20901,EXACT_UNIQUE_CZ_BY_OFFICIAL_TOWN_RELATION,Census ACS22 COUSUB22-BLKGRP20 and COUSUB22-TRACT22; Dorn county-to-1990-CZ
09170142100,[20901],['09009'],20901,EXACT_UNIQUE_CZ_BY_OFFICIAL_TOWN_RELATION,Census ACS22 COUSUB22-BLKGRP20 and COUSUB22-TRACT22; Dorn county-to-1990-CZ
09170142200,[20901],['09009'],20901,EXACT_UNIQUE_CZ_BY_OFFICIAL_TOWN_RELATION,Census ACS22 COUSUB22-BLKGRP20 and COUSUB22-TRACT22; Dorn county-to-1990-CZ
09170142300,[20901],['09009'],20901,EXACT_UNIQUE_CZ_BY_OFFICIAL_TOWN_RELATION,Census ACS22 COUSUB22-BLKGRP20 and COUSUB22-TRACT22; Dorn county-to-1990-CZ
09170142400,[20901],['09009'],20901,EXACT_UNIQUE_CZ_BY_OFFICIAL_TOWN_RELATION,Census ACS22 COUSUB22-BLKGRP20 and COUSUB22-TRACT22; Dorn county-to-1990-CZ
09170142500,[20901],['09009'],20901,EXACT_UNIQUE_CZ_BY_OFFICIAL_TOWN_RELATION,Census ACS22 COUSUB22-BLKGRP20 and COUSUB22-TRACT22; Dorn county-to-1990-CZ
09170142601,[20901],['09009'],20901,EXACT_UNIQUE_CZ_BY_OFFICIAL_TOWN_RELATION,Census ACS22 COUSUB22-BLKGRP20 and COUSUB22-TRACT22; Dorn county-to-1990-CZ
09170142604,[20901],['09009'],20901,EXACT_UNIQUE_CZ_BY_OFFICIAL_TOWN_RELATION,Census ACS22 COUSUB22-BLKGRP20 and COUSUB22-TRACT22; Dorn county-to-1990-CZ
09170142605,[20901],['09009'],20901,EXACT_UNIQUE_CZ_BY_OFFICIAL_TOWN_RELATION,Census ACS22 COUSUB22-BLKGRP20 and COUSUB22-TRACT22; Dorn county-to-1990-CZ
09170142700,[20901],['09009'],20901,EXACT_UNIQUE_CZ_BY_OFFICIAL_TOWN_RELATION,Census ACS22 COUSUB22-BLKGRP20 and COUSUB22-TRACT22; Dorn county-to-1990-CZ
09170142800,[20901],['09009'],20901,EXACT_UNIQUE_CZ_BY_OFFICIAL_TOWN_RELATION,Census ACS22 COUSUB22-BLKGRP20 and COUSUB22-TRACT22; Dorn county-to-1990-CZ
09170150100,[20901],['09009'],20901,EXACT_UNIQUE_CZ_BY_OFFICIAL_TOWN_RELATION,Census ACS22 COUSUB22-BLKGRP20 and COUSUB22-TRACT22; Dorn county-to-1990-CZ
09170150200,[20901],['09009'],20901,EXACT_UNIQUE_CZ_BY_OFFICIAL_TOWN_RELATION,Census ACS22 COUSUB22-BLKGRP20 and COUSUB22-TRACT22; Dorn county-to-1990-CZ
09170150300,[20901],['09009'],20901,EXACT_UNIQUE_CZ_BY_OFFICIAL_TOWN_RELATION,Census ACS22 COUSUB22-BLKGRP20 and COUSUB22-TRACT22; Dorn county-to-1990-CZ
09170150400,[20901],['09009'],20901,EXACT_UNIQUE_CZ_BY_OFFICIAL_TOWN_RELATION,Census ACS22 COUSUB22-BLKGRP20 and COUSUB22-TRACT22; Dorn county-to-1990-CZ
09170150500,[20901],['09009'],20901,EXACT_UNIQUE_CZ_BY_OFFICIAL_TOWN_RELATION,Census ACS22 COUSUB22-BLKGRP20 and COUSUB22-TRACT22; Dorn county-to-1990-CZ
09170150600,[20901],['09009'],20901,EXACT_UNIQUE_CZ_BY_OFFICIAL_TOWN_RELATION,Census ACS22 COUSUB22-BLKGRP20 and COUSUB22-TRACT22; Dorn county-to-1990-CZ
09170150700,[20901],['09009'],20901,EXACT_UNIQUE_CZ_BY_OFFICIAL_TOWN_RELATION,Census ACS22 COUSUB22-BLKGRP20 and COUSUB22-TRACT22; Dorn county-to-1990-CZ
09170150800,[20901],['09009'],20901,EXACT_UNIQUE_CZ_BY_OFFICIAL_TOWN_RELATION,Census ACS22 COUSUB22-BLKGRP20 and COUSUB22-TRACT22; Dorn county-to-1990-CZ
09170150900,[20901],['09009'],20901,EXACT_UNIQUE_CZ_BY_OFFICIAL_TOWN_RELATION,Census ACS22 COUSUB22-BLKGRP20 and COUSUB22-TRACT22; Dorn county-to-1990-CZ
09170151000,[20901],['09009'],20901,EXACT_UNIQUE_CZ_BY_OFFICIAL_TOWN_RELATION,Census ACS22 COUSUB22-BLKGRP20 and COUSUB22-TRACT22; Dorn county-to-1990-CZ
09170151100,[20901],['09009'],20901,EXACT_UNIQUE_CZ_BY_OFFICIAL_TOWN_RELATION,Census ACS22 COUSUB22-BLKGRP20 and COUSUB22-TRACT22; Dorn county-to-1990-CZ
09170151200,[20901],['09009'],20901,EXACT_UNIQUE_CZ_BY_OFFICIAL_TOWN_RELATION,Census ACS22 COUSUB22-BLKGRP20 and COUSUB22-TRACT22; Dorn county-to-1990-CZ
09170154101,[20901],['09009'],20901,EXACT_UNIQUE_CZ_BY_OFFICIAL_TOWN_RELATION,Census ACS22 COUSUB22-BLKGRP20 and COUSUB22-TRACT22; Dorn county-to-1990-CZ
09170154102,[20901],['09009'],20901,EXACT_UNIQUE_CZ_BY_OFFICIAL_TOWN_RELATION,Census ACS22 COUSUB22-BLKGRP20 and COUSUB22-TRACT22; Dorn county-to-1990-CZ
09170154200,[20901],['09009'],20901,EXACT_UNIQUE_CZ_BY_OFFICIAL_TOWN_RELATION,Census ACS22 COUSUB22-BLKGRP20 and COUSUB22-TRACT22; Dorn county-to-1990-CZ
09170154500,[20901],['09009'],20901,EXACT_UNIQUE_CZ_BY_OFFICIAL_TOWN_RELATION,Census ACS22 COUSUB22-BLKGRP20 and COUSUB22-TRACT22; Dorn county-to-1990-CZ
09170154600,[20901],['09009'],20901,EXACT_UNIQUE_CZ_BY_OFFICIAL_TOWN_RELATION,Census ACS22 COUSUB22-BLKGRP20 and COUSUB22-TRACT22; Dorn county-to-1990-CZ
09170154700,[20901],['09009'],20901,EXACT_UNIQUE_CZ_BY_OFFICIAL_TOWN_RELATION,Census ACS22 COUSUB22-BLKGRP20 and COUSUB22-TRACT22; Dorn county-to-1990-CZ
09170154800,[20901],['09009'],20901,EXACT_UNIQUE_CZ_BY_OFFICIAL_TOWN_RELATION,Census ACS22 COUSUB22-BLKGRP20 and COUSUB22-TRACT22; Dorn county-to-1990-CZ
09170154900,[20901],['09009'],20901,EXACT_UNIQUE_CZ_BY_OFFICIAL_TOWN_RELATION,Census ACS22 COUSUB22-BLKGRP20 and COUSUB22-TRACT22; Dorn county-to-1990-CZ
09170155000,[20901],['09009'],20901,EXACT_UNIQUE_CZ_BY_OFFICIAL_TOWN_RELATION,Census ACS22 COUSUB22-BLKGRP20 and COUSUB22-TRACT22; Dorn county-to-1990-CZ
09170155100,[20901],['09009'],20901,EXACT_UNIQUE_CZ_BY_OFFICIAL_TOWN_RELATION,Census ACS22 COUSUB22-BLKGRP20 and COUSUB22-TRACT22; Dorn county-to-1990-CZ
09170157100,[20901],['09009'],20901,EXACT_UNIQUE_CZ_BY_OFFICIAL_TOWN_RELATION,Census ACS22 COUSUB22-BLKGRP20 and COUSUB22-TRACT22; Dorn county-to-1990-CZ
09170157200,[20901],['09009'],20901,EXACT_UNIQUE_CZ_BY_OFFICIAL_TOWN_RELATION,Census ACS22 COUSUB22-BLKGRP20 and COUSUB22-TRACT22; Dorn county-to-1990-CZ
09170157300,[20901],['09009'],20901,EXACT_UNIQUE_CZ_BY_OFFICIAL_TOWN_RELATION,Census ACS22 COUSUB22-BLKGRP20 and COUSUB22-TRACT22; Dorn county-to-1990-CZ
09170157400,[20901],['09009'],20901,EXACT_UNIQUE_CZ_BY_OFFICIAL_TOWN_RELATION,Census ACS22 COUSUB22-BLKGRP20 and COUSUB22-TRACT22; Dorn county-to-1990-CZ
09170160100,[20901],['09009'],20901,EXACT_UNIQUE_CZ_BY_OFFICIAL_TOWN_RELATION,Census ACS22 COUSUB22-BLKGRP20 and COUSUB22-TRACT22; Dorn county-to-1990-CZ
09170160200,[20901],['09009'],20901,EXACT_UNIQUE_CZ_BY_OFFICIAL_TOWN_RELATION,Census ACS22 COUSUB22-BLKGRP20 and COUSUB22-TRACT22; Dorn county-to-1990-CZ
09170161100,[20901],['09009'],20901,EXACT_UNIQUE_CZ_BY_OFFICIAL_TOWN_RELATION,Census ACS22 COUSUB22-BLKGRP20 and COUSUB22-TRACT22; Dorn county-to-1990-CZ
09170165100,[20901],['09009'],20901,EXACT_UNIQUE_CZ_BY_OFFICIAL_TOWN_RELATION,Census ACS22 COUSUB22-BLKGRP20 and COUSUB22-TRACT22; Dorn county-to-1990-CZ
09170165200,[20901],['09009'],20901,EXACT_UNIQUE_CZ_BY_OFFICIAL_TOWN_RELATION,Census ACS22 COUSUB22-BLKGRP20 and COUSUB22-TRACT22; Dorn county-to-1990-CZ
09170165300,[20901],['09009'],20901,EXACT_UNIQUE_CZ_BY_OFFICIAL_TOWN_RELATION,Census ACS22 COUSUB22-BLKGRP20 and COUSUB22-TRACT22; Dorn county-to-1990-CZ
09170165400,[20901],['09009'],20901,EXACT_UNIQUE_CZ_BY_OFFICIAL_TOWN_RELATION,Census ACS22 COUSUB22-BLKGRP20 and COUSUB22-TRACT22; Dorn county-to-1990-CZ
09170165500,[20901],['09009'],20901,EXACT_UNIQUE_CZ_BY_OFFICIAL_TOWN_RELATION,Census ACS22 COUSUB22-BLKGRP20 and COUSUB22-TRACT22; Dorn county-to-1990-CZ
09170165600,[20901],['09009'],20901,EXACT_UNIQUE_CZ_BY_OFFICIAL_TOWN_RELATION,Census ACS22 COUSUB22-BLKGRP20 and COUSUB22-TRACT22; Dorn county-to-1990-CZ
09170165700,[20901],['09009'],20901,EXACT_UNIQUE_CZ_BY_OFFICIAL_TOWN_RELATION,Census ACS22 COUSUB22-BLKGRP20 and COUSUB22-TRACT22; Dorn county-to-1990-CZ
09170165801,[20901],['09009'],20901,EXACT_UNIQUE_CZ_BY_OFFICIAL_TOWN_RELATION,Census ACS22 COUSUB22-BLKGRP20 and COUSUB22-TRACT22; Dorn county-to-1990-CZ
09170165802,[20901],['09009'],20901,EXACT_UNIQUE_CZ_BY_OFFICIAL_TOWN_RELATION,Census ACS22 COUSUB22-BLKGRP20 and COUSUB22-TRACT22; Dorn county-to-1990-CZ
09170165900,[20901],['09009'],20901,EXACT_UNIQUE_CZ_BY_OFFICIAL_TOWN_RELATION,Census ACS22 COUSUB22-BLKGRP20 and COUSUB22-TRACT22; Dorn county-to-1990-CZ
09170166002,[20901],['09009'],20901,EXACT_UNIQUE_CZ_BY_OFFICIAL_TOWN_RELATION,Census ACS22 COUSUB22-BLKGRP20 and COUSUB22-TRACT22; Dorn county-to-1990-CZ
09170166003,[20901],['09009'],20901,EXACT_UNIQUE_CZ_BY_OFFICIAL_TOWN_RELATION,Census ACS22 COUSUB22-BLKGRP20 and COUSUB22-TRACT22; Dorn county-to-1990-CZ
09170166004,[20901],['09009'],20901,EXACT_UNIQUE_CZ_BY_OFFICIAL_TOWN_RELATION,Census ACS22 COUSUB22-BLKGRP20 and COUSUB22-TRACT22; Dorn county-to-1990-CZ
09170167101,[20901],['09009'],20901,EXACT_UNIQUE_CZ_BY_OFFICIAL_TOWN_RELATION,Census ACS22 COUSUB22-BLKGRP20 and COUSUB22-TRACT22; Dorn county-to-1990-CZ
09170167102,[20901],['09009'],20901,EXACT_UNIQUE_CZ_BY_OFFICIAL_TOWN_RELATION,Census ACS22 COUSUB22-BLKGRP20 and COUSUB22-TRACT22; Dorn county-to-1990-CZ
09170167201,[20901],['09009'],20901,EXACT_UNIQUE_CZ_BY_OFFICIAL_TOWN_RELATION,Census ACS22 COUSUB22-BLKGRP20 and COUSUB22-TRACT22; Dorn county-to-1990-CZ
09170167202,[20901],['09009'],20901,EXACT_UNIQUE_CZ_BY_OFFICIAL_TOWN_RELATION,Census ACS22 COUSUB22-BLKGRP20 and COUSUB22-TRACT22; Dorn county-to-1990-CZ
09170167301,[20901],['09009'],20901,EXACT_UNIQUE_CZ_BY_OFFICIAL_TOWN_RELATION,Census ACS22 COUSUB22-BLKGRP20 and COUSUB22-TRACT22; Dorn county-to-1990-CZ
09170170100,[20901],['09009'],20901,EXACT_UNIQUE_CZ_BY_OFFICIAL_TOWN_RELATION,Census ACS22 COUSUB22-BLKGRP20 and COUSUB22-TRACT22; Dorn county-to-1990-CZ
09170170200,[20901],['09009'],20901,EXACT_UNIQUE_CZ_BY_OFFICIAL_TOWN_RELATION,Census ACS22 COUSUB22-BLKGRP20 and COUSUB22-TRACT22; Dorn county-to-1990-CZ
09170170300,[20901],['09009'],20901,EXACT_UNIQUE_CZ_BY_OFFICIAL_TOWN_RELATION,Census ACS22 COUSUB22-BLKGRP20 and COUSUB22-TRACT22; Dorn county-to-1990-CZ
09170170400,[20901],['09009'],20901,EXACT_UNIQUE_CZ_BY_OFFICIAL_TOWN_RELATION,Census ACS22 COUSUB22-BLKGRP20 and COUSUB22-TRACT22; Dorn county-to-1990-CZ
09170170500,[20901],['09009'],20901,EXACT_UNIQUE_CZ_BY_OFFICIAL_TOWN_RELATION,Census ACS22 COUSUB22-BLKGRP20 and COUSUB22-TRACT22; Dorn county-to-1990-CZ
09170170600,[20901],['09009'],20901,EXACT_UNIQUE_CZ_BY_OFFICIAL_TOWN_RELATION,Census ACS22 COUSUB22-BLKGRP20 and COUSUB22-TRACT22; Dorn county-to-1990-CZ
09170170700,[20901],['09009'],20901,EXACT_UNIQUE_CZ_BY_OFFICIAL_TOWN_RELATION,Census ACS22 COUSUB22-BLKGRP20 and COUSUB22-TRACT22; Dorn county-to-1990-CZ
09170170800,[20901],['09009'],20901,EXACT_UNIQUE_CZ_BY_OFFICIAL_TOWN_RELATION,Census ACS22 COUSUB22-BLKGRP20 and COUSUB22-TRACT22; Dorn county-to-1990-CZ
09170170900,[20901],['09009'],20901,EXACT_UNIQUE_CZ_BY_OFFICIAL_TOWN_RELATION,Census ACS22 COUSUB22-BLKGRP20 and COUSUB22-TRACT22; Dorn county-to-1990-CZ
09170171000,[20901],['09009'],20901,EXACT_UNIQUE_CZ_BY_OFFICIAL_TOWN_RELATION,Census ACS22 COUSUB22-BLKGRP20 and COUSUB22-TRACT22; Dorn county-to-1990-CZ
09170171100,[20901],['09009'],20901,EXACT_UNIQUE_CZ_BY_OFFICIAL_TOWN_RELATION,Census ACS22 COUSUB22-BLKGRP20 and COUSUB22-TRACT22; Dorn county-to-1990-CZ
09170171201,[20901],['09009'],20901,EXACT_UNIQUE_CZ_BY_OFFICIAL_TOWN_RELATION,Census ACS22 COUSUB22-BLKGRP20 and COUSUB22-TRACT22; Dorn county-to-1990-CZ
09170171202,[20901],['09009'],20901,EXACT_UNIQUE_CZ_BY_OFFICIAL_TOWN_RELATION,Census ACS22 COUSUB22-BLKGRP20 and COUSUB22-TRACT22; Dorn county-to-1990-CZ
09170171300,[20901],['09009'],20901,EXACT_UNIQUE_CZ_BY_OFFICIAL_TOWN_RELATION,Census ACS22 COUSUB22-BLKGRP20 and COUSUB22-TRACT22; Dorn county-to-1990-CZ
09170171400,[20901],['09009'],20901,EXACT_UNIQUE_CZ_BY_OFFICIAL_TOWN_RELATION,Census ACS22 COUSUB22-BLKGRP20 and COUSUB22-TRACT22; Dorn county-to-1990-CZ
09170171500,[20901],['09009'],20901,EXACT_UNIQUE_CZ_BY_OFFICIAL_TOWN_RELATION,Census ACS22 COUSUB22-BLKGRP20 and COUSUB22-TRACT22; Dorn county-to-1990-CZ
09170171600,[20901],['09009'],20901,EXACT_UNIQUE_CZ_BY_OFFICIAL_TOWN_RELATION,Census ACS22 COUSUB22-BLKGRP20 and COUSUB22-TRACT22; Dorn county-to-1990-CZ
09170171700,[20901],['09009'],20901,EXACT_UNIQUE_CZ_BY_OFFICIAL_TOWN_RELATION,Census ACS22 COUSUB22-BLKGRP20 and COUSUB22-TRACT22; Dorn county-to-1990-CZ
09170175100,[20901],['09009'],20901,EXACT_UNIQUE_CZ_BY_OFFICIAL_TOWN_RELATION,Census ACS22 COUSUB22-BLKGRP20 and COUSUB22-TRACT22; Dorn county-to-1990-CZ
09170175200,[20901],['09009'],20901,EXACT_UNIQUE_CZ_BY_OFFICIAL_TOWN_RELATION,Census ACS22 COUSUB22-BLKGRP20 and COUSUB22-TRACT22; Dorn county-to-1990-CZ
09170175300,[20901],['09009'],20901,EXACT_UNIQUE_CZ_BY_OFFICIAL_TOWN_RELATION,Census ACS22 COUSUB22-BLKGRP20 and COUSUB22-TRACT22; Dorn county-to-1990-CZ
09170175400,[20901],['09009'],20901,EXACT_UNIQUE_CZ_BY_OFFICIAL_TOWN_RELATION,Census ACS22 COUSUB22-BLKGRP20 and COUSUB22-TRACT22; Dorn county-to-1990-CZ
09170175501,[20901],['09009'],20901,EXACT_UNIQUE_CZ_BY_OFFICIAL_TOWN_RELATION,Census ACS22 COUSUB22-BLKGRP20 and COUSUB22-TRACT22; Dorn county-to-1990-CZ
09170175502,[20901],['09009'],20901,EXACT_UNIQUE_CZ_BY_OFFICIAL_TOWN_RELATION,Census ACS22 COUSUB22-BLKGRP20 and COUSUB22-TRACT22; Dorn county-to-1990-CZ
09170175600,[20901],['09009'],20901,EXACT_UNIQUE_CZ_BY_OFFICIAL_TOWN_RELATION,Census ACS22 COUSUB22-BLKGRP20 and COUSUB22-TRACT22; Dorn county-to-1990-CZ
09170175700,[20901],['09009'],20901,EXACT_UNIQUE_CZ_BY_OFFICIAL_TOWN_RELATION,Census ACS22 COUSUB22-BLKGRP20 and COUSUB22-TRACT22; Dorn county-to-1990-CZ
09170175800,[20901],['09009'],20901,EXACT_UNIQUE_CZ_BY_OFFICIAL_TOWN_RELATION,Census ACS22 COUSUB22-BLKGRP20 and COUSUB22-TRACT22; Dorn county-to-1990-CZ
09170175900,[20901],['09009'],20901,EXACT_UNIQUE_CZ_BY_OFFICIAL_TOWN_RELATION,Census ACS22 COUSUB22-BLKGRP20 and COUSUB22-TRACT22; Dorn county-to-1990-CZ
09170176000,[20901],['09009'],20901,EXACT_UNIQUE_CZ_BY_OFFICIAL_TOWN_RELATION,Census ACS22 COUSUB22-BLKGRP20 and COUSUB22-TRACT22; Dorn county-to-1990-CZ
09170180101,[20901],['09009'],20901,EXACT_UNIQUE_CZ_BY_OFFICIAL_TOWN_RELATION,Census ACS22 COUSUB22-BLKGRP20 and COUSUB22-TRACT22; Dorn county-to-1990-CZ
09170180102,[20901],['09009'],20901,EXACT_UNIQUE_CZ_BY_OFFICIAL_TOWN_RELATION,Census ACS22 COUSUB22-BLKGRP20 and COUSUB22-TRACT22; Dorn county-to-1990-CZ
09170180200,[20901],['09009'],20901,EXACT_UNIQUE_CZ_BY_OFFICIAL_TOWN_RELATION,Census ACS22 COUSUB22-BLKGRP20 and COUSUB22-TRACT22; Dorn county-to-1990-CZ
09170180300,[20901],['09009'],20901,EXACT_UNIQUE_CZ_BY_OFFICIAL_TOWN_RELATION,Census ACS22 COUSUB22-BLKGRP20 and COUSUB22-TRACT22; Dorn county-to-1990-CZ
09170180400,[20901],['09009'],20901,EXACT_UNIQUE_CZ_BY_OFFICIAL_TOWN_RELATION,Census ACS22 COUSUB22-BLKGRP20 and COUSUB22-TRACT22; Dorn county-to-1990-CZ
09170180500,[20901],['09009'],20901,EXACT_UNIQUE_CZ_BY_OFFICIAL_TOWN_RELATION,Census ACS22 COUSUB22-BLKGRP20 and COUSUB22-TRACT22; Dorn county-to-1990-CZ
09170180601,[20901],['09009'],20901,EXACT_UNIQUE_CZ_BY_OFFICIAL_TOWN_RELATION,Census ACS22 COUSUB22-BLKGRP20 and COUSUB22-TRACT22; Dorn county-to-1990-CZ
09170180602,[20901],['09009'],20901,EXACT_UNIQUE_CZ_BY_OFFICIAL_TOWN_RELATION,Census ACS22 COUSUB22-BLKGRP20 and COUSUB22-TRACT22; Dorn county-to-1990-CZ
09170184101,[20901],['09009'],20901,EXACT_UNIQUE_CZ_BY_OFFICIAL_TOWN_RELATION,Census ACS22 COUSUB22-BLKGRP20 and COUSUB22-TRACT22; Dorn county-to-1990-CZ
09170184200,[20901],['09009'],20901,EXACT_UNIQUE_CZ_BY_OFFICIAL_TOWN_RELATION,Census ACS22 COUSUB22-BLKGRP20 and COUSUB22-TRACT22; Dorn county-to-1990-CZ
09170184300,[20901],['09009'],20901,EXACT_UNIQUE_CZ_BY_OFFICIAL_TOWN_RELATION,Census ACS22 COUSUB22-BLKGRP20 and COUSUB22-TRACT22; Dorn county-to-1990-CZ
09170184400,[20901],['09009'],20901,EXACT_UNIQUE_CZ_BY_OFFICIAL_TOWN_RELATION,Census ACS22 COUSUB22-BLKGRP20 and COUSUB22-TRACT22; Dorn county-to-1990-CZ
09170184500,[20901],['09009'],20901,EXACT_UNIQUE_CZ_BY_OFFICIAL_TOWN_RELATION,Census ACS22 COUSUB22-BLKGRP20 and COUSUB22-TRACT22; Dorn county-to-1990-CZ
09170184600,[20901],['09009'],20901,EXACT_UNIQUE_CZ_BY_OFFICIAL_TOWN_RELATION,Census ACS22 COUSUB22-BLKGRP20 and COUSUB22-TRACT22; Dorn county-to-1990-CZ
09170184700,[20901],['09009'],20901,EXACT_UNIQUE_CZ_BY_OFFICIAL_TOWN_RELATION,Census ACS22 COUSUB22-BLKGRP20 and COUSUB22-TRACT22; Dorn county-to-1990-CZ
09170186100,[20901],['09009'],20901,EXACT_UNIQUE_CZ_BY_OFFICIAL_TOWN_RELATION,Census ACS22 COUSUB22-BLKGRP20 and COUSUB22-TRACT22; Dorn county-to-1990-CZ
09170186200,[20901],['09009'],20901,EXACT_UNIQUE_CZ_BY_OFFICIAL_TOWN_RELATION,Census ACS22 COUSUB22-BLKGRP20 and COUSUB22-TRACT22; Dorn county-to-1990-CZ
09170190100,[20901],['09009'],20901,EXACT_UNIQUE_CZ_BY_OFFICIAL_TOWN_RELATION,Census ACS22 COUSUB22-BLKGRP20 and COUSUB22-TRACT22; Dorn county-to-1990-CZ
09170190200,[20901],['09009'],20901,EXACT_UNIQUE_CZ_BY_OFFICIAL_TOWN_RELATION,Census ACS22 COUSUB22-BLKGRP20 and COUSUB22-TRACT22; Dorn county-to-1990-CZ
09170190301,[20901],['09009'],20901,EXACT_UNIQUE_CZ_BY_OFFICIAL_TOWN_RELATION,Census ACS22 COUSUB22-BLKGRP20 and COUSUB22-TRACT22; Dorn county-to-1990-CZ
09170190302,[20901],['09009'],20901,EXACT_UNIQUE_CZ_BY_OFFICIAL_TOWN_RELATION,Census ACS22 COUSUB22-BLKGRP20 and COUSUB22-TRACT22; Dorn county-to-1990-CZ
09170190303,[20901],['09009'],20901,EXACT_UNIQUE_CZ_BY_OFFICIAL_TOWN_RELATION,Census ACS22 COUSUB22-BLKGRP20 and COUSUB22-TRACT22; Dorn county-to-1990-CZ
09170194101,[20901],['09009'],20901,EXACT_UNIQUE_CZ_BY_OFFICIAL_TOWN_RELATION,Census ACS22 COUSUB22-BLKGRP20 and COUSUB22-TRACT22; Dorn county-to-1990-CZ
09170194102,[20901],['09009'],20901,EXACT_UNIQUE_CZ_BY_OFFICIAL_TOWN_RELATION,Census ACS22 COUSUB22-BLKGRP20 and COUSUB22-TRACT22; Dorn county-to-1990-CZ
09170194201,[20901],['09009'],20901,EXACT_UNIQUE_CZ_BY_OFFICIAL_TOWN_RELATION,Census ACS22 COUSUB22-BLKGRP20 and COUSUB22-TRACT22; Dorn county-to-1990-CZ
09170194202,[20901],['09009'],20901,EXACT_UNIQUE_CZ_BY_OFFICIAL_TOWN_RELATION,Census ACS22 COUSUB22-BLKGRP20 and COUSUB22-TRACT22; Dorn county-to-1990-CZ
09170361401,[20901],['09009'],20901,EXACT_UNIQUE_CZ_BY_OFFICIAL_TOWN_RELATION,Census ACS22 COUSUB22-BLKGRP20 and COUSUB22-TRACT22; Dorn county-to-1990-CZ
09170361402,[20901],['09009'],20901,EXACT_UNIQUE_CZ_BY_OFFICIAL_TOWN_RELATION,Census ACS22 COUSUB22-BLKGRP20 and COUSUB22-TRACT22; Dorn county-to-1990-CZ
09170361500,[20901],['09009'],20901,EXACT_UNIQUE_CZ_BY_OFFICIAL_TOWN_RELATION,Census ACS22 COUSUB22-BLKGRP20 and COUSUB22-TRACT22; Dorn county-to-1990-CZ
09170990000,[20901],['09009'],20901,EXACT_UNIQUE_CZ_BY_OFFICIAL_TOWN_RELATION,Census ACS22 COUSUB22-BLKGRP20 and COUSUB22-TRACT22; Dorn county-to-1990-CZ
09180690300,[20901],['09011'],20901,EXACT_UNIQUE_CZ_BY_OFFICIAL_TOWN_RELATION,Census ACS22 COUSUB22-BLKGRP20 and COUSUB22-TRACT22; Dorn county-to-1990-CZ
09180690400,[20901],['09011'],20901,EXACT_UNIQUE_CZ_BY_OFFICIAL_TOWN_RELATION,Census ACS22 COUSUB22-BLKGRP20 and COUSUB22-TRACT22; Dorn county-to-1990-CZ
09180690500,[20901],['09011'],20901,EXACT_UNIQUE_CZ_BY_OFFICIAL_TOWN_RELATION,Census ACS22 COUSUB22-BLKGRP20 and COUSUB22-TRACT22; Dorn county-to-1990-CZ
09180690700,[20901],['09011'],20901,EXACT_UNIQUE_CZ_BY_OFFICIAL_TOWN_RELATION,Census ACS22 COUSUB22-BLKGRP20 and COUSUB22-TRACT22; Dorn county-to-1990-CZ
09180690800,[20901],['09011'],20901,EXACT_UNIQUE_CZ_BY_OFFICIAL_TOWN_RELATION,Census ACS22 COUSUB22-BLKGRP20 and COUSUB22-TRACT22; Dorn county-to-1990-CZ
09180690900,[20901],['09011'],20901,EXACT_UNIQUE_CZ_BY_OFFICIAL_TOWN_RELATION,Census ACS22 COUSUB22-BLKGRP20 and COUSUB22-TRACT22; Dorn county-to-1990-CZ
09180693300,[20901],['09011'],20901,EXACT_UNIQUE_CZ_BY_OFFICIAL_TOWN_RELATION,Census ACS22 COUSUB22-BLKGRP20 and COUSUB22-TRACT22; Dorn county-to-1990-CZ
09180693400,[20901],['09011'],20901,EXACT_UNIQUE_CZ_BY_OFFICIAL_TOWN_RELATION,Census ACS22 COUSUB22-BLKGRP20 and COUSUB22-TRACT22; Dorn county-to-1990-CZ
09180693500,[20901],['09011'],20901,EXACT_UNIQUE_CZ_BY_OFFICIAL_TOWN_RELATION,Census ACS22 COUSUB22-BLKGRP20 and COUSUB22-TRACT22; Dorn county-to-1990-CZ
09180693600,[20901],['09011'],20901,EXACT_UNIQUE_CZ_BY_OFFICIAL_TOWN_RELATION,Census ACS22 COUSUB22-BLKGRP20 and COUSUB22-TRACT22; Dorn county-to-1990-CZ
09180693700,[20901],['09011'],20901,EXACT_UNIQUE_CZ_BY_OFFICIAL_TOWN_RELATION,Census ACS22 COUSUB22-BLKGRP20 and COUSUB22-TRACT22; Dorn county-to-1990-CZ
09180695201,[20901],['09011'],20901,EXACT_UNIQUE_CZ_BY_OFFICIAL_TOWN_RELATION,Census ACS22 COUSUB22-BLKGRP20 and COUSUB22-TRACT22; Dorn county-to-1990-CZ
09180695202,[20901],['09011'],20901,EXACT_UNIQUE_CZ_BY_OFFICIAL_TOWN_RELATION,Census ACS22 COUSUB22-BLKGRP20 and COUSUB22-TRACT22; Dorn county-to-1990-CZ
09180696100,[20901],['09011'],20901,EXACT_UNIQUE_CZ_BY_OFFICIAL_TOWN_RELATION,Census ACS22 COUSUB22-BLKGRP20 and COUSUB22-TRACT22; Dorn county-to-1990-CZ
09180696200,[20901],['09011'],20901,EXACT_UNIQUE_CZ_BY_OFFICIAL_TOWN_RELATION,Census ACS22 COUSUB22-BLKGRP20 and COUSUB22-TRACT22; Dorn county-to-1990-CZ
09180696300,[20901],['09011'],20901,EXACT_UNIQUE_CZ_BY_OFFICIAL_TOWN_RELATION,Census ACS22 COUSUB22-BLKGRP20 and COUSUB22-TRACT22; Dorn county-to-1990-CZ
09180696401,[20901],['09011'],20901,EXACT_UNIQUE_CZ_BY_OFFICIAL_TOWN_RELATION,Census ACS22 COUSUB22-BLKGRP20 and COUSUB22-TRACT22; Dorn county-to-1990-CZ
09180696500,[20901],['09011'],20901,EXACT_UNIQUE_CZ_BY_OFFICIAL_TOWN_RELATION,Census ACS22 COUSUB22-BLKGRP20 and COUSUB22-TRACT22; Dorn county-to-1990-CZ
09180696600,[20901],['09011'],20901,EXACT_UNIQUE_CZ_BY_OFFICIAL_TOWN_RELATION,Census ACS22 COUSUB22-BLKGRP20 and COUSUB22-TRACT22; Dorn county-to-1990-CZ
09180696701,[20901],['09011'],20901,EXACT_UNIQUE_CZ_BY_OFFICIAL_TOWN_RELATION,Census ACS22 COUSUB22-BLKGRP20 and COUSUB22-TRACT22; Dorn county-to-1990-CZ
09180696800,[20901],['09011'],20901,EXACT_UNIQUE_CZ_BY_OFFICIAL_TOWN_RELATION,Census ACS22 COUSUB22-BLKGRP20 and COUSUB22-TRACT22; Dorn county-to-1990-CZ
09180697000,[20901],['09011'],20901,EXACT_UNIQUE_CZ_BY_OFFICIAL_TOWN_RELATION,Census ACS22 COUSUB22-BLKGRP20 and COUSUB22-TRACT22; Dorn county-to-1990-CZ
09180700100,[20901],['09011'],20901,EXACT_UNIQUE_CZ_BY_OFFICIAL_TOWN_RELATION,Census ACS22 COUSUB22-BLKGRP20 and COUSUB22-TRACT22; Dorn county-to-1990-CZ
09180701100,[20901],['09011'],20901,EXACT_UNIQUE_CZ_BY_OFFICIAL_TOWN_RELATION,Census ACS22 COUSUB22-BLKGRP20 and COUSUB22-TRACT22; Dorn county-to-1990-CZ
09180701200,[20901],['09011'],20901,EXACT_UNIQUE_CZ_BY_OFFICIAL_TOWN_RELATION,Census ACS22 COUSUB22-BLKGRP20 and COUSUB22-TRACT22; Dorn county-to-1990-CZ
09180702100,[20901],['09011'],20901,EXACT_UNIQUE_CZ_BY_OFFICIAL_TOWN_RELATION,Census ACS22 COUSUB22-BLKGRP20 and COUSUB22-TRACT22; Dorn county-to-1990-CZ
09180702300,[20901],['09011'],20901,EXACT_UNIQUE_CZ_BY_OFFICIAL_TOWN_RELATION,Census ACS22 COUSUB22-BLKGRP20 and COUSUB22-TRACT22; Dorn county-to-1990-CZ
09180702400,[20901],['09011'],20901,EXACT_UNIQUE_CZ_BY_OFFICIAL_TOWN_RELATION,Census ACS22 COUSUB22-BLKGRP20 and COUSUB22-TRACT22; Dorn county-to-1990-CZ
09180702500,[20901],['09011'],20901,EXACT_UNIQUE_CZ_BY_OFFICIAL_TOWN_RELATION,Census ACS22 COUSUB22-BLKGRP20 and COUSUB22-TRACT22; Dorn county-to-1990-CZ
09180702600,[20901],['09011'],20901,EXACT_UNIQUE_CZ_BY_OFFICIAL_TOWN_RELATION,Census ACS22 COUSUB22-BLKGRP20 and COUSUB22-TRACT22; Dorn county-to-1990-CZ
09180702700,[20901],['09011'],20901,EXACT_UNIQUE_CZ_BY_OFFICIAL_TOWN_RELATION,Census ACS22 COUSUB22-BLKGRP20 and COUSUB22-TRACT22; Dorn county-to-1990-CZ
09180702800,[20901],['09011'],20901,EXACT_UNIQUE_CZ_BY_OFFICIAL_TOWN_RELATION,Census ACS22 COUSUB22-BLKGRP20 and COUSUB22-TRACT22; Dorn county-to-1990-CZ
09180702900,[20901],['09011'],20901,EXACT_UNIQUE_CZ_BY_OFFICIAL_TOWN_RELATION,Census ACS22 COUSUB22-BLKGRP20 and COUSUB22-TRACT22; Dorn county-to-1990-CZ
09180703000,[20901],['09011'],20901,EXACT_UNIQUE_CZ_BY_OFFICIAL_TOWN_RELATION,Census ACS22 COUSUB22-BLKGRP20 and COUSUB22-TRACT22; Dorn county-to-1990-CZ
09180705101,[20901],['09011'],20901,EXACT_UNIQUE_CZ_BY_OFFICIAL_TOWN_RELATION,Census ACS22 COUSUB22-BLKGRP20 and COUSUB22-TRACT22; Dorn county-to-1990-CZ
09180705102,[20901],['09011'],20901,EXACT_UNIQUE_CZ_BY_OFFICIAL_TOWN_RELATION,Census ACS22 COUSUB22-BLKGRP20 and COUSUB22-TRACT22; Dorn county-to-1990-CZ
09180705200,[20901],['09011'],20901,EXACT_UNIQUE_CZ_BY_OFFICIAL_TOWN_RELATION,Census ACS22 COUSUB22-BLKGRP20 and COUSUB22-TRACT22; Dorn county-to-1990-CZ
09180705300,[20901],['09011'],20901,EXACT_UNIQUE_CZ_BY_OFFICIAL_TOWN_RELATION,Census ACS22 COUSUB22-BLKGRP20 and COUSUB22-TRACT22; Dorn county-to-1990-CZ
09180705400,[20901],['09011'],20901,EXACT_UNIQUE_CZ_BY_OFFICIAL_TOWN_RELATION,Census ACS22 COUSUB22-BLKGRP20 and COUSUB22-TRACT22; Dorn county-to-1990-CZ
09180707100,[20901],['09011'],20901,EXACT_UNIQUE_CZ_BY_OFFICIAL_TOWN_RELATION,Census ACS22 COUSUB22-BLKGRP20 and COUSUB22-TRACT22; Dorn county-to-1990-CZ
09180709100,[20901],['09011'],20901,EXACT_UNIQUE_CZ_BY_OFFICIAL_TOWN_RELATION,Census ACS22 COUSUB22-BLKGRP20 and COUSUB22-TRACT22; Dorn county-to-1990-CZ
09180709200,[20901],['09011'],20901,EXACT_UNIQUE_CZ_BY_OFFICIAL_TOWN_RELATION,Census ACS22 COUSUB22-BLKGRP20 and COUSUB22-TRACT22; Dorn county-to-1990-CZ
09180710100,[20901],['09011'],20901,EXACT_UNIQUE_CZ_BY_OFFICIAL_TOWN_RELATION,Census ACS22 COUSUB22-BLKGRP20 and COUSUB22-TRACT22; Dorn county-to-1990-CZ
09180711100,[20901],['09011'],20901,EXACT_UNIQUE_CZ_BY_OFFICIAL_TOWN_RELATION,Census ACS22 COUSUB22-BLKGRP20 and COUSUB22-TRACT22; Dorn county-to-1990-CZ
09180712100,[20901],['09011'],20901,EXACT_UNIQUE_CZ_BY_OFFICIAL_TOWN_RELATION,Census ACS22 COUSUB22-BLKGRP20 and COUSUB22-TRACT22; Dorn county-to-1990-CZ
09180713100,[20901],['09011'],20901,EXACT_UNIQUE_CZ_BY_OFFICIAL_TOWN_RELATION,Census ACS22 COUSUB22-BLKGRP20 and COUSUB22-TRACT22; Dorn county-to-1990-CZ
09180714101,[20901],['09011'],20901,EXACT_UNIQUE_CZ_BY_OFFICIAL_TOWN_RELATION,Census ACS22 COUSUB22-BLKGRP20 and COUSUB22-TRACT22; Dorn county-to-1990-CZ
09180714103,[20901],['09011'],20901,EXACT_UNIQUE_CZ_BY_OFFICIAL_TOWN_RELATION,Census ACS22 COUSUB22-BLKGRP20 and COUSUB22-TRACT22; Dorn county-to-1990-CZ
09180714104,[20901],['09011'],20901,EXACT_UNIQUE_CZ_BY_OFFICIAL_TOWN_RELATION,Census ACS22 COUSUB22-BLKGRP20 and COUSUB22-TRACT22; Dorn county-to-1990-CZ
09180715100,[20901],['09011'],20901,EXACT_UNIQUE_CZ_BY_OFFICIAL_TOWN_RELATION,Census ACS22 COUSUB22-BLKGRP20 and COUSUB22-TRACT22; Dorn county-to-1990-CZ
09180716101,[20901],['09011'],20901,EXACT_UNIQUE_CZ_BY_OFFICIAL_TOWN_RELATION,Census ACS22 COUSUB22-BLKGRP20 and COUSUB22-TRACT22; Dorn county-to-1990-CZ
09180716102,[20901],['09011'],20901,EXACT_UNIQUE_CZ_BY_OFFICIAL_TOWN_RELATION,Census ACS22 COUSUB22-BLKGRP20 and COUSUB22-TRACT22; Dorn county-to-1990-CZ
09180800300,[20901],['09015'],20901,EXACT_UNIQUE_CZ_BY_OFFICIAL_TOWN_RELATION,Census ACS22 COUSUB22-BLKGRP20 and COUSUB22-TRACT22; Dorn county-to-1990-CZ
09180800400,[20901],['09015'],20901,EXACT_UNIQUE_CZ_BY_OFFICIAL_TOWN_RELATION,Census ACS22 COUSUB22-BLKGRP20 and COUSUB22-TRACT22; Dorn county-to-1990-CZ
09180800501,[20901],['09015'],20901,EXACT_UNIQUE_CZ_BY_OFFICIAL_TOWN_RELATION,Census ACS22 COUSUB22-BLKGRP20 and COUSUB22-TRACT22; Dorn county-to-1990-CZ
09180800502,[20901],['09015'],20901,EXACT_UNIQUE_CZ_BY_OFFICIAL_TOWN_RELATION,Census ACS22 COUSUB22-BLKGRP20 and COUSUB22-TRACT22; Dorn county-to-1990-CZ
09180800600,[20901],['09015'],20901,EXACT_UNIQUE_CZ_BY_OFFICIAL_TOWN_RELATION,Census ACS22 COUSUB22-BLKGRP20 and COUSUB22-TRACT22; Dorn county-to-1990-CZ
09180800700,[20901],['09015'],20901,EXACT_UNIQUE_CZ_BY_OFFICIAL_TOWN_RELATION,Census ACS22 COUSUB22-BLKGRP20 and COUSUB22-TRACT22; Dorn county-to-1990-CZ
09180870100,[20901],['09011'],20901,EXACT_UNIQUE_CZ_BY_OFFICIAL_TOWN_RELATION,Census ACS22 COUSUB22-BLKGRP20 and COUSUB22-TRACT22; Dorn county-to-1990-CZ
09180870200,[20901],['09011'],20901,EXACT_UNIQUE_CZ_BY_OFFICIAL_TOWN_RELATION,Census ACS22 COUSUB22-BLKGRP20 and COUSUB22-TRACT22; Dorn county-to-1990-CZ
09180870300,[20901],['09011'],20901,EXACT_UNIQUE_CZ_BY_OFFICIAL_TOWN_RELATION,Census ACS22 COUSUB22-BLKGRP20 and COUSUB22-TRACT22; Dorn county-to-1990-CZ
09180870501,[20901],['09011'],20901,EXACT_UNIQUE_CZ_BY_OFFICIAL_TOWN_RELATION,Census ACS22 COUSUB22-BLKGRP20 and COUSUB22-TRACT22; Dorn county-to-1990-CZ
09180870502,[20901],['09011'],20901,EXACT_UNIQUE_CZ_BY_OFFICIAL_TOWN_RELATION,Census ACS22 COUSUB22-BLKGRP20 and COUSUB22-TRACT22; Dorn county-to-1990-CZ
09180870701,[20901],['09011'],20901,EXACT_UNIQUE_CZ_BY_OFFICIAL_TOWN_RELATION,Census ACS22 COUSUB22-BLKGRP20 and COUSUB22-TRACT22; Dorn county-to-1990-CZ
09180870703,[20901],['09011'],20901,EXACT_UNIQUE_CZ_BY_OFFICIAL_TOWN_RELATION,Census ACS22 COUSUB22-BLKGRP20 and COUSUB22-TRACT22; Dorn county-to-1990-CZ
09180870704,[20901],['09011'],20901,EXACT_UNIQUE_CZ_BY_OFFICIAL_TOWN_RELATION,Census ACS22 COUSUB22-BLKGRP20 and COUSUB22-TRACT22; Dorn county-to-1990-CZ
09180980000,[20901],['09011'],20901,EXACT_UNIQUE_CZ_BY_OFFICIAL_TOWN_RELATION,Census ACS22 COUSUB22-BLKGRP20 and COUSUB22-TRACT22; Dorn county-to-1990-CZ
09180990100,[20901],['09011'],20901,EXACT_UNIQUE_CZ_BY_OFFICIAL_TOWN_RELATION,Census ACS22 COUSUB22-BLKGRP20 and COUSUB22-TRACT22; Dorn county-to-1990-CZ
09190010101,[20901],['09001'],20901,EXACT_UNIQUE_CZ_BY_OFFICIAL_TOWN_RELATION,Census ACS22 COUSUB22-BLKGRP20 and COUSUB22-TRACT22; Dorn county-to-1990-CZ
09190010102,[20901],['09001'],20901,EXACT_UNIQUE_CZ_BY_OFFICIAL_TOWN_RELATION,Census ACS22 COUSUB22-BLKGRP20 and COUSUB22-TRACT22; Dorn county-to-1990-CZ
09190010201,[20901],['09001'],20901,EXACT_UNIQUE_CZ_BY_OFFICIAL_TOWN_RELATION,Census ACS22 COUSUB22-BLKGRP20 and COUSUB22-TRACT22; Dorn county-to-1990-CZ
09190010202,[20901],['09001'],20901,EXACT_UNIQUE_CZ_BY_OFFICIAL_TOWN_RELATION,Census ACS22 COUSUB22-BLKGRP20 and COUSUB22-TRACT22; Dorn county-to-1990-CZ
09190010300,[20901],['09001'],20901,EXACT_UNIQUE_CZ_BY_OFFICIAL_TOWN_RELATION,Census ACS22 COUSUB22-BLKGRP20 and COUSUB22-TRACT22; Dorn county-to-1990-CZ
09190010400,[20901],['09001'],20901,EXACT_UNIQUE_CZ_BY_OFFICIAL_TOWN_RELATION,Census ACS22 COUSUB22-BLKGRP20 and COUSUB22-TRACT22; Dorn county-to-1990-CZ
09190010500,[20901],['09001'],20901,EXACT_UNIQUE_CZ_BY_OFFICIAL_TOWN_RELATION,Census ACS22 COUSUB22-BLKGRP20 and COUSUB22-TRACT22; Dorn county-to-1990-CZ
09190010600,[20901],['09001'],20901,EXACT_UNIQUE_CZ_BY_OFFICIAL_TOWN_RELATION,Census ACS22 COUSUB22-BLKGRP20 and COUSUB22-TRACT22; Dorn county-to-1990-CZ
09190010700,[20901],['09001'],20901,EXACT_UNIQUE_CZ_BY_OFFICIAL_TOWN_RELATION,Census ACS22 COUSUB22-BLKGRP20 and COUSUB22-TRACT22; Dorn county-to-1990-CZ
09190010800,[20901],['09001'],20901,EXACT_UNIQUE_CZ_BY_OFFICIAL_TOWN_RELATION,Census ACS22 COUSUB22-BLKGRP20 and COUSUB22-TRACT22; Dorn county-to-1990-CZ
09190010900,[20901],['09001'],20901,EXACT_UNIQUE_CZ_BY_OFFICIAL_TOWN_RELATION,Census ACS22 COUSUB22-BLKGRP20 and COUSUB22-TRACT22; Dorn county-to-1990-CZ
09190011000,[20901],['09001'],20901,EXACT_UNIQUE_CZ_BY_OFFICIAL_TOWN_RELATION,Census ACS22 COUSUB22-BLKGRP20 and COUSUB22-TRACT22; Dorn county-to-1990-CZ
09190011100,[20901],['09001'],20901,EXACT_UNIQUE_CZ_BY_OFFICIAL_TOWN_RELATION,Census ACS22 COUSUB22-BLKGRP20 and COUSUB22-TRACT22; Dorn county-to-1990-CZ
09190011200,[20901],['09001'],20901,EXACT_UNIQUE_CZ_BY_OFFICIAL_TOWN_RELATION,Census ACS22 COUSUB22-BLKGRP20 and COUSUB22-TRACT22; Dorn county-to-1990-CZ
09190011300,[20901],['09001'],20901,EXACT_UNIQUE_CZ_BY_OFFICIAL_TOWN_RELATION,Census ACS22 COUSUB22-BLKGRP20 and COUSUB22-TRACT22; Dorn county-to-1990-CZ
09190020101,[20901],['09001'],20901,EXACT_UNIQUE_CZ_BY_OFFICIAL_TOWN_RELATION,Census ACS22 COUSUB22-BLKGRP20 and COUSUB22-TRACT22; Dorn county-to-1990-CZ
09190020102,[20901],['09001'],20901,EXACT_UNIQUE_CZ_BY_OFFICIAL_TOWN_RELATION,Census ACS22 COUSUB22-BLKGRP20 and COUSUB22-TRACT22; Dorn county-to-1990-CZ
09190020200,[20901],['09001'],20901,EXACT_UNIQUE_CZ_BY_OFFICIAL_TOWN_RELATION,Census ACS22 COUSUB22-BLKGRP20 and COUSUB22-TRACT22; Dorn county-to-1990-CZ
09190020301,[20901],['09001'],20901,EXACT_UNIQUE_CZ_BY_OFFICIAL_TOWN_RELATION,Census ACS22 COUSUB22-BLKGRP20 and COUSUB22-TRACT22; Dorn county-to-1990-CZ
09190020302,[20901],['09001'],20901,EXACT_UNIQUE_CZ_BY_OFFICIAL_TOWN_RELATION,Census ACS22 COUSUB22-BLKGRP20 and COUSUB22-TRACT22; Dorn county-to-1990-CZ
09190020400,[20901],['09001'],20901,EXACT_UNIQUE_CZ_BY_OFFICIAL_TOWN_RELATION,Census ACS22 COUSUB22-BLKGRP20 and COUSUB22-TRACT22; Dorn county-to-1990-CZ
09190020500,[20901],['09001'],20901,EXACT_UNIQUE_CZ_BY_OFFICIAL_TOWN_RELATION,Census ACS22 COUSUB22-BLKGRP20 and COUSUB22-TRACT22; Dorn county-to-1990-CZ
09190020600,[20901],['09001'],20901,EXACT_UNIQUE_CZ_BY_OFFICIAL_TOWN_RELATION,Census ACS22 COUSUB22-BLKGRP20 and COUSUB22-TRACT22; Dorn county-to-1990-CZ
09190020700,[20901],['09001'],20901,EXACT_UNIQUE_CZ_BY_OFFICIAL_TOWN_RELATION,Census ACS22 COUSUB22-BLKGRP20 and COUSUB22-TRACT22; Dorn county-to-1990-CZ
09190020800,[20901],['09001'],20901,EXACT_UNIQUE_CZ_BY_OFFICIAL_TOWN_RELATION,Census ACS22 COUSUB22-BLKGRP20 and COUSUB22-TRACT22; Dorn county-to-1990-CZ
09190020900,[20901],['09001'],20901,EXACT_UNIQUE_CZ_BY_OFFICIAL_TOWN_RELATION,Census ACS22 COUSUB22-BLKGRP20 and COUSUB22-TRACT22; Dorn county-to-1990-CZ
09190021000,[20901],['09001'],20901,EXACT_UNIQUE_CZ_BY_OFFICIAL_TOWN_RELATION,Census ACS22 COUSUB22-BLKGRP20 and COUSUB22-TRACT22; Dorn county-to-1990-CZ
09190021100,[20901],['09001'],20901,EXACT_UNIQUE_CZ_BY_OFFICIAL_TOWN_RELATION,Census ACS22 COUSUB22-BLKGRP20 and COUSUB22-TRACT22; Dorn county-to-1990-CZ
09190021200,[20901],['09001'],20901,EXACT_UNIQUE_CZ_BY_OFFICIAL_TOWN_RELATION,Census ACS22 COUSUB22-BLKGRP20 and COUSUB22-TRACT22; Dorn county-to-1990-CZ
09190021300,[20901],['09001'],20901,EXACT_UNIQUE_CZ_BY_OFFICIAL_TOWN_RELATION,Census ACS22 COUSUB22-BLKGRP20 and COUSUB22-TRACT22; Dorn county-to-1990-CZ
09190021401,[20901],['09001'],20901,EXACT_UNIQUE_CZ_BY_OFFICIAL_TOWN_RELATION,Census ACS22 COUSUB22-BLKGRP20 and COUSUB22-TRACT22; Dorn county-to-1990-CZ
09190021402,[20901],['09001'],20901,EXACT_UNIQUE_CZ_BY_OFFICIAL_TOWN_RELATION,Census ACS22 COUSUB22-BLKGRP20 and COUSUB22-TRACT22; Dorn county-to-1990-CZ
09190021501,[20901],['09001'],20901,EXACT_UNIQUE_CZ_BY_OFFICIAL_TOWN_RELATION,Census ACS22 COUSUB22-BLKGRP20 and COUSUB22-TRACT22; Dorn county-to-1990-CZ
09190021502,[20901],['09001'],20901,EXACT_UNIQUE_CZ_BY_OFFICIAL_TOWN_RELATION,Census ACS22 COUSUB22-BLKGRP20 and COUSUB22-TRACT22; Dorn county-to-1990-CZ
09190021601,[20901],['09001'],20901,EXACT_UNIQUE_CZ_BY_OFFICIAL_TOWN_RELATION,Census ACS22 COUSUB22-BLKGRP20 and COUSUB22-TRACT22; Dorn county-to-1990-CZ
09190021602,[20901],['09001'],20901,EXACT_UNIQUE_CZ_BY_OFFICIAL_TOWN_RELATION,Census ACS22 COUSUB22-BLKGRP20 and COUSUB22-TRACT22; Dorn county-to-1990-CZ
09190021701,[20901],['09001'],20901,EXACT_UNIQUE_CZ_BY_OFFICIAL_TOWN_RELATION,Census ACS22 COUSUB22-BLKGRP20 and COUSUB22-TRACT22; Dorn county-to-1990-CZ
09190021702,[20901],['09001'],20901,EXACT_UNIQUE_CZ_BY_OFFICIAL_TOWN_RELATION,Census ACS22 COUSUB22-BLKGRP20 and COUSUB22-TRACT22; Dorn county-to-1990-CZ
09190021801,[20901],['09001'],20901,EXACT_UNIQUE_CZ_BY_OFFICIAL_TOWN_RELATION,Census ACS22 COUSUB22-BLKGRP20 and COUSUB22-TRACT22; Dorn county-to-1990-CZ
09190021802,[20901],['09001'],20901,EXACT_UNIQUE_CZ_BY_OFFICIAL_TOWN_RELATION,Census ACS22 COUSUB22-BLKGRP20 and COUSUB22-TRACT22; Dorn county-to-1990-CZ
09190021900,[20901],['09001'],20901,EXACT_UNIQUE_CZ_BY_OFFICIAL_TOWN_RELATION,Census ACS22 COUSUB22-BLKGRP20 and COUSUB22-TRACT22; Dorn county-to-1990-CZ
09190022000,[20901],['09001'],20901,EXACT_UNIQUE_CZ_BY_OFFICIAL_TOWN_RELATION,Census ACS22 COUSUB22-BLKGRP20 and COUSUB22-TRACT22; Dorn county-to-1990-CZ
09190022101,[20901],['09001'],20901,EXACT_UNIQUE_CZ_BY_OFFICIAL_TOWN_RELATION,Census ACS22 COUSUB22-BLKGRP20 and COUSUB22-TRACT22; Dorn county-to-1990-CZ
09190022102,[20901],['09001'],20901,EXACT_UNIQUE_CZ_BY_OFFICIAL_TOWN_RELATION,Census ACS22 COUSUB22-BLKGRP20 and COUSUB22-TRACT22; Dorn county-to-1990-CZ
09190022201,[20901],['09001'],20901,EXACT_UNIQUE_CZ_BY_OFFICIAL_TOWN_RELATION,Census ACS22 COUSUB22-BLKGRP20 and COUSUB22-TRACT22; Dorn county-to-1990-CZ
09190022202,[20901],['09001'],20901,EXACT_UNIQUE_CZ_BY_OFFICIAL_TOWN_RELATION,Census ACS22 COUSUB22-BLKGRP20 and COUSUB22-TRACT22; Dorn county-to-1990-CZ
09190022300,[20901],['09001'],20901,EXACT_UNIQUE_CZ_BY_OFFICIAL_TOWN_RELATION,Census ACS22 COUSUB22-BLKGRP20 and COUSUB22-TRACT22; Dorn county-to-1990-CZ
09190022400,[20901],['09001'],20901,EXACT_UNIQUE_CZ_BY_OFFICIAL_TOWN_RELATION,Census ACS22 COUSUB22-BLKGRP20 and COUSUB22-TRACT22; Dorn county-to-1990-CZ
09190030100,[20901],['09001'],20901,EXACT_UNIQUE_CZ_BY_OFFICIAL_TOWN_RELATION,Census ACS22 COUSUB22-BLKGRP20 and COUSUB22-TRACT22; Dorn county-to-1990-CZ
09190030200,[20901],['09001'],20901,EXACT_UNIQUE_CZ_BY_OFFICIAL_TOWN_RELATION,Census ACS22 COUSUB22-BLKGRP20 and COUSUB22-TRACT22; Dorn county-to-1990-CZ
09190030300,[20901],['09001'],20901,EXACT_UNIQUE_CZ_BY_OFFICIAL_TOWN_RELATION,Census ACS22 COUSUB22-BLKGRP20 and COUSUB22-TRACT22; Dorn county-to-1990-CZ
09190030400,[20901],['09001'],20901,EXACT_UNIQUE_CZ_BY_OFFICIAL_TOWN_RELATION,Census ACS22 COUSUB22-BLKGRP20 and COUSUB22-TRACT22; Dorn county-to-1990-CZ
09190030500,[20901],['09001'],20901,EXACT_UNIQUE_CZ_BY_OFFICIAL_TOWN_RELATION,Census ACS22 COUSUB22-BLKGRP20 and COUSUB22-TRACT22; Dorn county-to-1990-CZ
09190035101,[20901],['09001'],20901,EXACT_UNIQUE_CZ_BY_OFFICIAL_TOWN_RELATION,Census ACS22 COUSUB22-BLKGRP20 and COUSUB22-TRACT22; Dorn county-to-1990-CZ
09190035102,[20901],['09001'],20901,EXACT_UNIQUE_CZ_BY_OFFICIAL_TOWN_RELATION,Census ACS22 COUSUB22-BLKGRP20 and COUSUB22-TRACT22; Dorn county-to-1990-CZ
09190035200,[20901],['09001'],20901,EXACT_UNIQUE_CZ_BY_OFFICIAL_TOWN_RELATION,Census ACS22 COUSUB22-BLKGRP20 and COUSUB22-TRACT22; Dorn county-to-1990-CZ
09190035300,[20901],['09001'],20901,EXACT_UNIQUE_CZ_BY_OFFICIAL_TOWN_RELATION,Census ACS22 COUSUB22-BLKGRP20 and COUSUB22-TRACT22; Dorn county-to-1990-CZ
09190035400,[20901],['09001'],20901,EXACT_UNIQUE_CZ_BY_OFFICIAL_TOWN_RELATION,Census ACS22 COUSUB22-BLKGRP20 and COUSUB22-TRACT22; Dorn county-to-1990-CZ
09190042500,[20901],['09001'],20901,EXACT_UNIQUE_CZ_BY_OFFICIAL_TOWN_RELATION,Census ACS22 COUSUB22-BLKGRP20 and COUSUB22-TRACT22; Dorn county-to-1990-CZ
09190042600,[20901],['09001'],20901,EXACT_UNIQUE_CZ_BY_OFFICIAL_TOWN_RELATION,Census ACS22 COUSUB22-BLKGRP20 and COUSUB22-TRACT22; Dorn county-to-1990-CZ
09190042700,[20901],['09001'],20901,EXACT_UNIQUE_CZ_BY_OFFICIAL_TOWN_RELATION,Census ACS22 COUSUB22-BLKGRP20 and COUSUB22-TRACT22; Dorn county-to-1990-CZ
09190042800,[20901],['09001'],20901,EXACT_UNIQUE_CZ_BY_OFFICIAL_TOWN_RELATION,Census ACS22 COUSUB22-BLKGRP20 and COUSUB22-TRACT22; Dorn county-to-1990-CZ
09190042900,[20901],['09001'],20901,EXACT_UNIQUE_CZ_BY_OFFICIAL_TOWN_RELATION,Census ACS22 COUSUB22-BLKGRP20 and COUSUB22-TRACT22; Dorn county-to-1990-CZ
09190043000,[20901],['09001'],20901,EXACT_UNIQUE_CZ_BY_OFFICIAL_TOWN_RELATION,Census ACS22 COUSUB22-BLKGRP20 and COUSUB22-TRACT22; Dorn county-to-1990-CZ
09190043100,[20901],['09001'],20901,EXACT_UNIQUE_CZ_BY_OFFICIAL_TOWN_RELATION,Census ACS22 COUSUB22-BLKGRP20 and COUSUB22-TRACT22; Dorn county-to-1990-CZ
09190043200,[20901],['09001'],20901,EXACT_UNIQUE_CZ_BY_OFFICIAL_TOWN_RELATION,Census ACS22 COUSUB22-BLKGRP20 and COUSUB22-TRACT22; Dorn county-to-1990-CZ
09190043300,[20901],['09001'],20901,EXACT_UNIQUE_CZ_BY_OFFICIAL_TOWN_RELATION,Census ACS22 COUSUB22-BLKGRP20 and COUSUB22-TRACT22; Dorn county-to-1990-CZ
09190043400,[20901],['09001'],20901,EXACT_UNIQUE_CZ_BY_OFFICIAL_TOWN_RELATION,Census ACS22 COUSUB22-BLKGRP20 and COUSUB22-TRACT22; Dorn county-to-1990-CZ
09190043500,[20901],['09001'],20901,EXACT_UNIQUE_CZ_BY_OFFICIAL_TOWN_RELATION,Census ACS22 COUSUB22-BLKGRP20 and COUSUB22-TRACT22; Dorn county-to-1990-CZ
09190043600,[20901],['09001'],20901,EXACT_UNIQUE_CZ_BY_OFFICIAL_TOWN_RELATION,Census ACS22 COUSUB22-BLKGRP20 and COUSUB22-TRACT22; Dorn county-to-1990-CZ
09190043700,[20901],['09001'],20901,EXACT_UNIQUE_CZ_BY_OFFICIAL_TOWN_RELATION,Census ACS22 COUSUB22-BLKGRP20 and COUSUB22-TRACT22; Dorn county-to-1990-CZ
09190043800,[20901],['09001'],20901,EXACT_UNIQUE_CZ_BY_OFFICIAL_TOWN_RELATION,Census ACS22 COUSUB22-BLKGRP20 and COUSUB22-TRACT22; Dorn county-to-1990-CZ
09190043900,[20901],['09001'],20901,EXACT_UNIQUE_CZ_BY_OFFICIAL_TOWN_RELATION,Census ACS22 COUSUB22-BLKGRP20 and COUSUB22-TRACT22; Dorn county-to-1990-CZ
09190044000,[20901],['09001'],20901,EXACT_UNIQUE_CZ_BY_OFFICIAL_TOWN_RELATION,Census ACS22 COUSUB22-BLKGRP20 and COUSUB22-TRACT22; Dorn county-to-1990-CZ
09190044100,[20901],['09001'],20901,EXACT_UNIQUE_CZ_BY_OFFICIAL_TOWN_RELATION,Census ACS22 COUSUB22-BLKGRP20 and COUSUB22-TRACT22; Dorn county-to-1990-CZ
09190044200,[20901],['09001'],20901,EXACT_UNIQUE_CZ_BY_OFFICIAL_TOWN_RELATION,Census ACS22 COUSUB22-BLKGRP20 and COUSUB22-TRACT22; Dorn county-to-1990-CZ
09190044300,[20901],['09001'],20901,EXACT_UNIQUE_CZ_BY_OFFICIAL_TOWN_RELATION,Census ACS22 COUSUB22-BLKGRP20 and COUSUB22-TRACT22; Dorn county-to-1990-CZ
09190044400,[20901],['09001'],20901,EXACT_UNIQUE_CZ_BY_OFFICIAL_TOWN_RELATION,Census ACS22 COUSUB22-BLKGRP20 and COUSUB22-TRACT22; Dorn county-to-1990-CZ
09190044500,[20901],['09001'],20901,EXACT_UNIQUE_CZ_BY_OFFICIAL_TOWN_RELATION,Census ACS22 COUSUB22-BLKGRP20 and COUSUB22-TRACT22; Dorn county-to-1990-CZ
09190044600,[20901],['09001'],20901,EXACT_UNIQUE_CZ_BY_OFFICIAL_TOWN_RELATION,Census ACS22 COUSUB22-BLKGRP20 and COUSUB22-TRACT22; Dorn county-to-1990-CZ
09190045101,[20901],['09001'],20901,EXACT_UNIQUE_CZ_BY_OFFICIAL_TOWN_RELATION,Census ACS22 COUSUB22-BLKGRP20 and COUSUB22-TRACT22; Dorn county-to-1990-CZ
09190045102,[20901],['09001'],20901,EXACT_UNIQUE_CZ_BY_OFFICIAL_TOWN_RELATION,Census ACS22 COUSUB22-BLKGRP20 and COUSUB22-TRACT22; Dorn county-to-1990-CZ
09190045200,[20901],['09001'],20901,EXACT_UNIQUE_CZ_BY_OFFICIAL_TOWN_RELATION,Census ACS22 COUSUB22-BLKGRP20 and COUSUB22-TRACT22; Dorn county-to-1990-CZ
09190045300,[20901],['09001'],20901,EXACT_UNIQUE_CZ_BY_OFFICIAL_TOWN_RELATION,Census ACS22 COUSUB22-BLKGRP20 and COUSUB22-TRACT22; Dorn county-to-1990-CZ
09190045400,[20901],['09001'],20901,EXACT_UNIQUE_CZ_BY_OFFICIAL_TOWN_RELATION,Census ACS22 COUSUB22-BLKGRP20 and COUSUB22-TRACT22; Dorn county-to-1990-CZ
09190050100,[20901],['09001'],20901,EXACT_UNIQUE_CZ_BY_OFFICIAL_TOWN_RELATION,Census ACS22 COUSUB22-BLKGRP20 and COUSUB22-TRACT22; Dorn county-to-1990-CZ
09190050200,[20901],['09001'],20901,EXACT_UNIQUE_CZ_BY_OFFICIAL_TOWN_RELATION,Census ACS22 COUSUB22-BLKGRP20 and COUSUB22-TRACT22; Dorn county-to-1990-CZ
09190050301,[20901],['09001'],20901,EXACT_UNIQUE_CZ_BY_OFFICIAL_TOWN_RELATION,Census ACS22 COUSUB22-BLKGRP20 and COUSUB22-TRACT22; Dorn county-to-1990-CZ
09190050302,[20901],['09001'],20901,EXACT_UNIQUE_CZ_BY_OFFICIAL_TOWN_RELATION,Census ACS22 COUSUB22-BLKGRP20 and COUSUB22-TRACT22; Dorn county-to-1990-CZ
09190050400,[20901],['09001'],20901,EXACT_UNIQUE_CZ_BY_OFFICIAL_TOWN_RELATION,Census ACS22 COUSUB22-BLKGRP20 and COUSUB22-TRACT22; Dorn county-to-1990-CZ
09190050500,[20901],['09001'],20901,EXACT_UNIQUE_CZ_BY_OFFICIAL_TOWN_RELATION,Census ACS22 COUSUB22-BLKGRP20 and COUSUB22-TRACT22; Dorn county-to-1990-CZ
09190050600,[20901],['09001'],20901,EXACT_UNIQUE_CZ_BY_OFFICIAL_TOWN_RELATION,Census ACS22 COUSUB22-BLKGRP20 and COUSUB22-TRACT22; Dorn county-to-1990-CZ
09190055100,[20901],['09001'],20901,EXACT_UNIQUE_CZ_BY_OFFICIAL_TOWN_RELATION,Census ACS22 COUSUB22-BLKGRP20 and COUSUB22-TRACT22; Dorn county-to-1990-CZ
09190055200,[20901],['09001'],20901,EXACT_UNIQUE_CZ_BY_OFFICIAL_TOWN_RELATION,Census ACS22 COUSUB22-BLKGRP20 and COUSUB22-TRACT22; Dorn county-to-1990-CZ
09190200100,[20901],['09001'],20901,EXACT_UNIQUE_CZ_BY_OFFICIAL_TOWN_RELATION,Census ACS22 COUSUB22-BLKGRP20 and COUSUB22-TRACT22; Dorn county-to-1990-CZ
09190200200,[20901],['09001'],20901,EXACT_UNIQUE_CZ_BY_OFFICIAL_TOWN_RELATION,Census ACS22 COUSUB22-BLKGRP20 and COUSUB22-TRACT22; Dorn county-to-1990-CZ
09190200301,[20901],['09001'],20901,EXACT_UNIQUE_CZ_BY_OFFICIAL_TOWN_RELATION,Census ACS22 COUSUB22-BLKGRP20 and COUSUB22-TRACT22; Dorn county-to-1990-CZ
09190200302,[20901],['09001'],20901,EXACT_UNIQUE_CZ_BY_OFFICIAL_TOWN_RELATION,Census ACS22 COUSUB22-BLKGRP20 and COUSUB22-TRACT22; Dorn county-to-1990-CZ
09190205100,[20901],['09001'],20901,EXACT_UNIQUE_CZ_BY_OFFICIAL_TOWN_RELATION,Census ACS22 COUSUB22-BLKGRP20 and COUSUB22-TRACT22; Dorn county-to-1990-CZ
09190205200,[20901],['09001'],20901,EXACT_UNIQUE_CZ_BY_OFFICIAL_TOWN_RELATION,Census ACS22 COUSUB22-BLKGRP20 and COUSUB22-TRACT22; Dorn county-to-1990-CZ
09190205300,[20901],['09001'],20901,EXACT_UNIQUE_CZ_BY_OFFICIAL_TOWN_RELATION,Census ACS22 COUSUB22-BLKGRP20 and COUSUB22-TRACT22; Dorn county-to-1990-CZ
09190210101,[20901],['09001'],20901,EXACT_UNIQUE_CZ_BY_OFFICIAL_TOWN_RELATION,Census ACS22 COUSUB22-BLKGRP20 and COUSUB22-TRACT22; Dorn county-to-1990-CZ
09190210102,[20901],['09001'],20901,EXACT_UNIQUE_CZ_BY_OFFICIAL_TOWN_RELATION,Census ACS22 COUSUB22-BLKGRP20 and COUSUB22-TRACT22; Dorn county-to-1990-CZ
09190210201,[20901],['09001'],20901,EXACT_UNIQUE_CZ_BY_OFFICIAL_TOWN_RELATION,Census ACS22 COUSUB22-BLKGRP20 and COUSUB22-TRACT22; Dorn county-to-1990-CZ
09190210202,[20901],['09001'],20901,EXACT_UNIQUE_CZ_BY_OFFICIAL_TOWN_RELATION,Census ACS22 COUSUB22-BLKGRP20 and COUSUB22-TRACT22; Dorn county-to-1990-CZ
09190210300,[20901],['09001'],20901,EXACT_UNIQUE_CZ_BY_OFFICIAL_TOWN_RELATION,Census ACS22 COUSUB22-BLKGRP20 and COUSUB22-TRACT22; Dorn county-to-1990-CZ
09190210401,[20901],['09001'],20901,EXACT_UNIQUE_CZ_BY_OFFICIAL_TOWN_RELATION,Census ACS22 COUSUB22-BLKGRP20 and COUSUB22-TRACT22; Dorn county-to-1990-CZ
09190210402,[20901],['09001'],20901,EXACT_UNIQUE_CZ_BY_OFFICIAL_TOWN_RELATION,Census ACS22 COUSUB22-BLKGRP20 and COUSUB22-TRACT22; Dorn county-to-1990-CZ
09190210501,[20901],['09001'],20901,EXACT_UNIQUE_CZ_BY_OFFICIAL_TOWN_RELATION,Census ACS22 COUSUB22-BLKGRP20 and COUSUB22-TRACT22; Dorn county-to-1990-CZ
09190210502,[20901],['09001'],20901,EXACT_UNIQUE_CZ_BY_OFFICIAL_TOWN_RELATION,Census ACS22 COUSUB22-BLKGRP20 and COUSUB22-TRACT22; Dorn county-to-1990-CZ
09190210600,[20901],['09001'],20901,EXACT_UNIQUE_CZ_BY_OFFICIAL_TOWN_RELATION,Census ACS22 COUSUB22-BLKGRP20 and COUSUB22-TRACT22; Dorn county-to-1990-CZ
09190210701,[20901],['09001'],20901,EXACT_UNIQUE_CZ_BY_OFFICIAL_TOWN_RELATION,Census ACS22 COUSUB22-BLKGRP20 and COUSUB22-TRACT22; Dorn county-to-1990-CZ
09190210702,[20901],['09001'],20901,EXACT_UNIQUE_CZ_BY_OFFICIAL_TOWN_RELATION,Census ACS22 COUSUB22-BLKGRP20 and COUSUB22-TRACT22; Dorn county-to-1990-CZ
09190210800,[20901],['09001'],20901,EXACT_UNIQUE_CZ_BY_OFFICIAL_TOWN_RELATION,Census ACS22 COUSUB22-BLKGRP20 and COUSUB22-TRACT22; Dorn county-to-1990-CZ
09190210900,[20901],['09001'],20901,EXACT_UNIQUE_CZ_BY_OFFICIAL_TOWN_RELATION,Census ACS22 COUSUB22-BLKGRP20 and COUSUB22-TRACT22; Dorn county-to-1990-CZ
09190211000,[20901],['09001'],20901,EXACT_UNIQUE_CZ_BY_OFFICIAL_TOWN_RELATION,Census ACS22 COUSUB22-BLKGRP20 and COUSUB22-TRACT22; Dorn county-to-1990-CZ
09190211100,[20901],['09001'],20901,EXACT_UNIQUE_CZ_BY_OFFICIAL_TOWN_RELATION,Census ACS22 COUSUB22-BLKGRP20 and COUSUB22-TRACT22; Dorn county-to-1990-CZ
09190211201,[20901],['09001'],20901,EXACT_UNIQUE_CZ_BY_OFFICIAL_TOWN_RELATION,Census ACS22 COUSUB22-BLKGRP20 and COUSUB22-TRACT22; Dorn county-to-1990-CZ
09190211202,[20901],['09001'],20901,EXACT_UNIQUE_CZ_BY_OFFICIAL_TOWN_RELATION,Census ACS22 COUSUB22-BLKGRP20 and COUSUB22-TRACT22; Dorn county-to-1990-CZ
09190211300,[20901],['09001'],20901,EXACT_UNIQUE_CZ_BY_OFFICIAL_TOWN_RELATION,Census ACS22 COUSUB22-BLKGRP20 and COUSUB22-TRACT22; Dorn county-to-1990-CZ
09190211400,[20901],['09001'],20901,EXACT_UNIQUE_CZ_BY_OFFICIAL_TOWN_RELATION,Census ACS22 COUSUB22-BLKGRP20 and COUSUB22-TRACT22; Dorn county-to-1990-CZ
09190220100,[20901],['09001'],20901,EXACT_UNIQUE_CZ_BY_OFFICIAL_TOWN_RELATION,Census ACS22 COUSUB22-BLKGRP20 and COUSUB22-TRACT22; Dorn county-to-1990-CZ
09190220200,[20901],['09001'],20901,EXACT_UNIQUE_CZ_BY_OFFICIAL_TOWN_RELATION,Census ACS22 COUSUB22-BLKGRP20 and COUSUB22-TRACT22; Dorn county-to-1990-CZ
09190220300,[20901],['09001'],20901,EXACT_UNIQUE_CZ_BY_OFFICIAL_TOWN_RELATION,Census ACS22 COUSUB22-BLKGRP20 and COUSUB22-TRACT22; Dorn county-to-1990-CZ
09190230100,[20901],['09001'],20901,EXACT_UNIQUE_CZ_BY_OFFICIAL_TOWN_RELATION,Census ACS22 COUSUB22-BLKGRP20 and COUSUB22-TRACT22; Dorn county-to-1990-CZ
09190230200,[20901],['09001'],20901,EXACT_UNIQUE_CZ_BY_OFFICIAL_TOWN_RELATION,Census ACS22 COUSUB22-BLKGRP20 and COUSUB22-TRACT22; Dorn county-to-1990-CZ
09190230300,[20901],['09001'],20901,EXACT_UNIQUE_CZ_BY_OFFICIAL_TOWN_RELATION,Census ACS22 COUSUB22-BLKGRP20 and COUSUB22-TRACT22; Dorn county-to-1990-CZ
09190230400,[20901],['09001'],20901,EXACT_UNIQUE_CZ_BY_OFFICIAL_TOWN_RELATION,Census ACS22 COUSUB22-BLKGRP20 and COUSUB22-TRACT22; Dorn county-to-1990-CZ
09190230501,[20901],['09001'],20901,EXACT_UNIQUE_CZ_BY_OFFICIAL_TOWN_RELATION,Census ACS22 COUSUB22-BLKGRP20 and COUSUB22-TRACT22; Dorn county-to-1990-CZ
09190230502,[20901],['09001'],20901,EXACT_UNIQUE_CZ_BY_OFFICIAL_TOWN_RELATION,Census ACS22 COUSUB22-BLKGRP20 and COUSUB22-TRACT22; Dorn county-to-1990-CZ
09190240100,[20901],['09001'],20901,EXACT_UNIQUE_CZ_BY_OFFICIAL_TOWN_RELATION,Census ACS22 COUSUB22-BLKGRP20 and COUSUB22-TRACT22; Dorn county-to-1990-CZ
09190240200,[20901],['09001'],20901,EXACT_UNIQUE_CZ_BY_OFFICIAL_TOWN_RELATION,Census ACS22 COUSUB22-BLKGRP20 and COUSUB22-TRACT22; Dorn county-to-1990-CZ
09190245100,[20901],['09001'],20901,EXACT_UNIQUE_CZ_BY_OFFICIAL_TOWN_RELATION,Census ACS22 COUSUB22-BLKGRP20 and COUSUB22-TRACT22; Dorn county-to-1990-CZ
09190245200,[20901],['09001'],20901,EXACT_UNIQUE_CZ_BY_OFFICIAL_TOWN_RELATION,Census ACS22 COUSUB22-BLKGRP20 and COUSUB22-TRACT22; Dorn county-to-1990-CZ
09190245300,[20901],['09001'],20901,EXACT_UNIQUE_CZ_BY_OFFICIAL_TOWN_RELATION,Census ACS22 COUSUB22-BLKGRP20 and COUSUB22-TRACT22; Dorn county-to-1990-CZ
09190245400,[20901],['09001'],20901,EXACT_UNIQUE_CZ_BY_OFFICIAL_TOWN_RELATION,Census ACS22 COUSUB22-BLKGRP20 and COUSUB22-TRACT22; Dorn county-to-1990-CZ
09190245500,[20901],['09001'],20901,EXACT_UNIQUE_CZ_BY_OFFICIAL_TOWN_RELATION,Census ACS22 COUSUB22-BLKGRP20 and COUSUB22-TRACT22; Dorn county-to-1990-CZ
09190245600,[20901],['09001'],20901,EXACT_UNIQUE_CZ_BY_OFFICIAL_TOWN_RELATION,Census ACS22 COUSUB22-BLKGRP20 and COUSUB22-TRACT22; Dorn county-to-1990-CZ
09190250100,[20901],['09005'],20901,EXACT_UNIQUE_CZ_BY_OFFICIAL_TOWN_RELATION,Census ACS22 COUSUB22-BLKGRP20 and COUSUB22-TRACT22; Dorn county-to-1990-CZ
09190253100,[20901],['09005'],20901,EXACT_UNIQUE_CZ_BY_OFFICIAL_TOWN_RELATION,Census ACS22 COUSUB22-BLKGRP20 and COUSUB22-TRACT22; Dorn county-to-1990-CZ
09190253200,[20901],['09005'],20901,EXACT_UNIQUE_CZ_BY_OFFICIAL_TOWN_RELATION,Census ACS22 COUSUB22-BLKGRP20 and COUSUB22-TRACT22; Dorn county-to-1990-CZ
09190253400,[20901],['09005'],20901,EXACT_UNIQUE_CZ_BY_OFFICIAL_TOWN_RELATION,Census ACS22 COUSUB22-BLKGRP20 and COUSUB22-TRACT22; Dorn county-to-1990-CZ
09190253500,[20901],['09005'],20901,EXACT_UNIQUE_CZ_BY_OFFICIAL_TOWN_RELATION,Census ACS22 COUSUB22-BLKGRP20 and COUSUB22-TRACT22; Dorn county-to-1990-CZ
09190257100,[20901],['09001'],20901,EXACT_UNIQUE_CZ_BY_OFFICIAL_TOWN_RELATION,Census ACS22 COUSUB22-BLKGRP20 and COUSUB22-TRACT22; Dorn county-to-1990-CZ
09190425700,[20901],['09005'],20901,EXACT_UNIQUE_CZ_BY_OFFICIAL_TOWN_RELATION,Census ACS22 COUSUB22-BLKGRP20 and COUSUB22-TRACT22; Dorn county-to-1990-CZ
09190990000,[20901],['09001'],20901,EXACT_UNIQUE_CZ_BY_OFFICIAL_TOWN_RELATION,Census ACS22 COUSUB22-BLKGRP20 and COUSUB22-TRACT22; Dorn county-to-1990-CZ
