ST,age_group,survey_year,OCCP,SOCP,reason,major_group,person_rows,employment_weight,occp,official_description,documented_detailed_members,unrated_soc_members,partially_rated_soc_members,unscored_onet_members,invalid_source_members,denominator,unresolved_share_percent
10,22-34,2015,0230,119030,B_unrated_detailed_or_child,11,4,67.0,0230,Education and childcare administrators,"[""11-9031"", ""11-9032"", ""11-9033"", ""11-9039""]","[""11-9039""]",[],"[""11-9039.00""]",[],24349.0,0.2751653045299602
10,22-34,2015,0440,1191XX,B_unrated_detailed_or_child,11,17,440.0,0440,Other managers,"[""11-9131"", ""11-9171"", ""11-9179"", ""11-9199""]",[],"[""11-9179"", ""11-9199""]","[""11-9179.00"", ""11-9199.00""]",[],24349.0,1.8070557312415294
10,22-34,2015,0750,131199,B_unrated_detailed_or_child,13,2,36.0,0750,"Business operations specialists, all other","[""13-1199""]",[],"[""13-1199""]","[""13-1199.00""]",[],24349.0,0.14785001437430695
10,22-34,2015,1108,151299,B_unrated_detailed_or_child,15,6,197.0,1108,"Computer occupations, all other","[""15-1299""]",[],"[""15-1299""]","[""15-1299.00""]",[],24349.0,0.8090681342149575
10,22-34,2015,1240,1520XX,B_unrated_detailed_or_child,15,2,86.0,1240,Other mathematical science occupations,"[""15-2021"", ""15-2041"", ""15-2051"", ""15-2099""]",[],"[""15-2099""]","[""15-2099.00""]",[],24349.0,0.3531972565608444
10,22-34,2015,1530,1721YY,B_unrated_detailed_or_child,17,5,229.0,1530,Other engineers,"[""17-2161"", ""17-2199""]",[],"[""17-2199""]","[""17-2199.00""]",[],24349.0,0.9404903692143415
10,22-34,2015,1555,17302X,B_unrated_detailed_or_child,17,2,116.0,1555,"Other engineering technologists and technicians, except drafters","[""17-3021"", ""17-3022"", ""17-3024"", ""17-3025"", ""17-3026"", ""17-3027"", ""17-3028"", ""17-3029""]",[],"[""17-3029""]","[""17-3029.00""]",[],24349.0,0.47640560187276687
10,22-34,2015,1610,191020,B_unrated_detailed_or_child,19,2,35.0,1610,Biological scientists,"[""19-1021"", ""19-1022"", ""19-1023"", ""19-1029""]",[],"[""19-1029""]","[""19-1029.00""]",[],24349.0,0.1437430695305762
10,22-34,2015,1760,192099,B_unrated_detailed_or_child,19,3,37.0,1760,"Physical scientists, all other","[""19-2099""]",[],"[""19-2099""]","[""19-2099.00""]",[],24349.0,0.1519569592180377
10,22-34,2015,1825,19303X,B_unrated_detailed_or_child,19,2,66.0,1825,Other psychologists,"[""19-3032"", ""19-3039""]",[],"[""19-3039""]","[""19-3039.00""]",[],24349.0,0.27105835968622943
10,22-34,2015,1970,1940YY,B_unrated_detailed_or_child,19,3,43.0,1970,"Other life, physical, and social science technicians","[""19-4061"", ""19-4071"", ""19-4092"", ""19-4099""]",[],"[""19-4099""]","[""19-4099.00""]",[],24349.0,0.1765986282804222
10,22-34,2015,2006,211019,B_unrated_detailed_or_child,21,3,64.0,2006,"Counselors, all other","[""21-1019""]","[""21-1019""]",[],"[""21-1019.00""]",[],24349.0,0.2628444699987679
10,22-34,2015,2014,211029,B_unrated_detailed_or_child,21,6,92.0,2014,"Social workers, all other","[""21-1029""]","[""21-1029""]",[],"[""21-1029.00""]",[],24349.0,0.3778389256232289
10,22-34,2015,2025,21109X,B_unrated_detailed_or_child,21,1,17.0,2025,Other community and social service specialists,"[""21-1091"", ""21-1094"", ""21-1099""]","[""21-1099""]",[],"[""21-1099.00""]",[],24349.0,0.06981806234342272
10,22-34,2015,2205,251000,B_unrated_detailed_or_child,25,12,273.0,2205,Postsecondary teachers,"[""25-1011"", ""25-1021"", ""25-1022"", ""25-1031"", ""25-1032"", ""25-1041"", ""25-1042"", ""25-1043"", ""25-1051"", ""25-1052"", ""25-1053"", ""25-1054"", ""25-1061"", ""25-1062"", ""25-1063"", ""25-1064"", ""25-1065"", ""25-1066"", ""25-1067"", ""25-1069"", ""25-1071"", ""25-1072"", ""25-1081"", ""25-1082"", ""25-1111"", ""25-1112"", ""25-1113"", ""25-1121"", ""25-1122"", ""25-1123"", ""25-1124"", ""25-1125"", ""25-1126"", ""25-1192"", ""25-1193"", ""25-1194"", ""25-1199""]","[""25-1069"", ""25-1199""]",[],"[""25-1069.00"", ""25-1199.00""]",[],24349.0,1.1211959423384943
10,22-34,2015,2330,252050,B_unrated_detailed_or_child,25,3,47.0,2330,Special education teachers,"[""25-2051"", ""25-2055"", ""25-2056"", ""25-2057"", ""25-2058"", ""25-2059""]",[],"[""25-2059""]","[""25-2059.00""]",[],24349.0,0.19302640765534518
10,22-34,2015,2360,2530XX,B_unrated_detailed_or_child,25,4,89.0,2360,Other teachers and instructors,"[""25-3011"", ""25-3021"", ""25-3031"", ""25-3099""]","[""25-3099""]",[],"[""25-3099.00""]",[],24349.0,0.36551809109203665
10,22-34,2015,2545,259040,B_unrated_detailed_or_child,25,9,270.0,2545,Teaching assistants,"[""25-9042"", ""25-9043"", ""25-9044"", ""25-9049""]","[""25-9049""]",[],"[""25-9049.00""]",[],24349.0,1.1088751078073023
10,22-34,2015,2640,27102X,B_unrated_detailed_or_child,27,4,80.0,2640,Other designers,"[""27-1027"", ""27-1029""]","[""27-1029""]",[],"[""27-1029.00""]",[],24349.0,0.3285555874984599
10,22-34,2015,3090,291210,B_unrated_detailed_or_child,29,5,136.0,3090,Physicians,"[""29-1211"", ""29-1212"", ""29-1213"", ""29-1214"", ""29-1215"", ""29-1216"", ""29-1217"", ""29-1218"", ""29-1221"", ""29-1222"", ""29-1223"", ""29-1224"", ""29-1229""]",[],"[""29-1229""]","[""29-1229.00""]",[],24349.0,0.5585444987473818
10,22-34,2015,3545,292090,B_unrated_detailed_or_child,29,2,44.0,3545,Miscellaneous health technologists and technicians,"[""29-2091"", ""29-2092"", ""29-2099""]",[],"[""29-2099""]","[""29-2099.00""]",[],24349.0,0.18070557312415295
10,22-34,2015,3550,299000,B_unrated_detailed_or_child,29,1,55.0,3550,Other healthcare practitioners and technical occupations,"[""29-9021"", ""29-9091"", ""29-9092"", ""29-9093"", ""29-9099""]",[],"[""29-9099""]","[""29-9099.00""]",[],24349.0,0.22588196640519118
10,22-34,2015,3655,31909X,B_unrated_detailed_or_child,31,1,8.0,3655,Other healthcare support workers,"[""31-9093"", ""31-9099""]",[],"[""31-9099""]","[""31-9099.00""]",[],24349.0,0.03285555874984599
10,22-34,2015,3725,331090,B_unrated_detailed_or_child,33,1,24.0,3725,"Miscellaneous first-line supervisors, protective service workers","[""33-1091"", ""33-1099""]","[""33-1099""]",[],"[""33-1099.00""]",[],24349.0,0.09856667624953797
10,22-34,2015,3960,33909X,B_unrated_detailed_or_child,33,2,17.0,3960,Other protective service workers,"[""33-9092"", ""33-9099""]",[],"[""33-9099""]","[""33-9099.00""]",[],24349.0,0.06981806234342272
10,22-34,2015,4020,352010,B_unrated_detailed_or_child,35,13,259.0,4020,Cooks,"[""35-2011"", ""35-2012"", ""35-2013"", ""35-2014"", ""35-2015"", ""35-2019""]","[""35-2019""]",[],"[""35-2019.00""]",[],24349.0,1.063698714526264
10,22-34,2015,4220,37201X,B_unrated_detailed_or_child,37,9,315.0,4220,Janitors and building cleaners,"[""37-2011"", ""37-2019""]","[""37-2019""]",[],"[""37-2019.00""]",[],24349.0,1.293687625775186
10,22-34,2015,4435,3930XX,B_unrated_detailed_or_child,39,1,41.0,4435,Other entertainment attendants and related workers,"[""39-3021"", ""39-3091"", ""39-3092"", ""39-3093"", ""39-3099""]","[""39-3099""]",[],"[""39-3099.00""]",[],24349.0,0.1683847385929607
10,22-34,2015,4655,399099,B_unrated_detailed_or_child,39,2,64.0,4655,"Personal care and service workers, all other","[""39-9099""]","[""39-9099""]",[],"[""39-9099.00""]",[],24349.0,0.2628444699987679
10,22-34,2015,5165,4330XX,B_unrated_detailed_or_child,43,3,66.0,5165,Other financial clerks,"[""43-3041"", ""43-3099""]","[""43-3099""]",[],"[""43-3099.00""]",[],24349.0,0.27105835968622943
10,22-34,2015,5940,439XXX,B_unrated_detailed_or_child,43,9,231.0,5940,Other office and administrative support workers,"[""43-9031"", ""43-9199""]","[""43-9199""]",[],"[""43-9199.00""]",[],24349.0,0.948704258901803
10,22-34,2015,6050,4520XX,B_unrated_detailed_or_child,45,5,122.0,6050,Other agricultural workers,"[""45-2021"", ""45-2091"", ""45-2092"", ""45-2093"", ""45-2099""]","[""45-2099""]",[],"[""45-2099.00""]",[],24349.0,0.5010472709351513
10,22-34,2015,6765,4740XX,B_unrated_detailed_or_child,47,3,79.0,6765,Other construction and related workers,"[""47-4071"", ""47-4091"", ""47-4099""]",[],"[""47-4099""]","[""47-4099.00""]",[],24349.0,0.32444864265472917
10,22-34,2015,7640,4990XX,E_source_inconsistency,49,1,23.0,7640,"Other installation, maintenance, and repair workers","[""49-9081"", ""49-9092"", ""49-9097"", ""49-9099""]",[],"[""49-9099""]","[""49-9099.00""]","[""40-9095""]",24349.0,0.09445973140580723
10,22-34,2015,7750,5120XX,B_unrated_detailed_or_child,51,1,60.0,7750,Other assemblers and fabricators,"[""51-2011"", ""51-2051"", ""51-2061"", ""51-2092"", ""51-2099""]","[""51-2099""]",[],"[""51-2099.00""]",[],24349.0,0.24641669062384491
10,22-34,2015,7855,513099,B_unrated_detailed_or_child,51,2,41.0,7855,"Food processing workers, all other","[""51-3099""]","[""51-3099""]",[],"[""51-3099.00""]",[],24349.0,0.1683847385929607
10,22-34,2015,8225,514XXX,B_unrated_detailed_or_child,51,1,121.0,8225,Other metal workers and plastic workers,"[""51-4081"", ""51-4191"", ""51-4192"", ""51-4193"", ""51-4194"", ""51-4199""]","[""51-4199""]",[],"[""51-4199.00""]",[],24349.0,0.4969403260914206
10,22-34,2015,8630,518090,B_unrated_detailed_or_child,51,1,15.0,8630,Miscellaneous plant and system operators,"[""51-8091"", ""51-8092"", ""51-8093"", ""51-8099""]",[],"[""51-8099""]","[""51-8099.00""]",[],24349.0,0.06160417265596123
10,22-34,2015,8990,5191XX,B_unrated_detailed_or_child,51,4,31.0,8990,"Miscellaneous production workers, including equipment operators and tenders","[""51-9141"", ""51-9192"", ""51-9193"", ""51-9199""]","[""51-9199""]",[],"[""51-9199.00""]",[],24349.0,0.1273152901556532
10,22-34,2015,9005,531000,B_unrated_detailed_or_child,53,1,61.0,9005,Supervisors of transportation and material moving workers,"[""53-1041"", ""53-1042"", ""53-1043"", ""53-1044"", ""53-1049""]","[""53-1049""]",[],"[""53-1049.00""]",[],24349.0,0.25052363546757567
10,22-34,2016,0230,119030,B_unrated_detailed_or_child,11,8,133.0,0230,Education and childcare administrators,"[""11-9031"", ""11-9032"", ""11-9033"", ""11-9039""]","[""11-9039""]",[],"[""11-9039.00""]",[],23979.0,0.5546519871554276
10,22-34,2016,0440,1191XX,B_unrated_detailed_or_child,11,17,456.0,0440,Other managers,"[""11-9131"", ""11-9171"", ""11-9179"", ""11-9199""]",[],"[""11-9179"", ""11-9199""]","[""11-9179.00"", ""11-9199.00""]",[],23979.0,1.9016639559614663
10,22-34,2016,0750,131199,B_unrated_detailed_or_child,13,3,44.0,0750,"Business operations specialists, all other","[""13-1199""]",[],"[""13-1199""]","[""13-1199.00""]",[],23979.0,0.18349389048750991
10,22-34,2016,0960,1320XX,B_unrated_detailed_or_child,13,1,13.0,0960,Other financial specialists,"[""13-2054"", ""13-2099""]",[],"[""13-2099""]","[""13-2099.00""]",[],23979.0,0.05421410400767338
10,22-34,2016,1108,151299,B_unrated_detailed_or_child,15,1,34.0,1108,"Computer occupations, all other","[""15-1299""]",[],"[""15-1299""]","[""15-1299.00""]",[],23979.0,0.1417907335585304
10,22-34,2016,1240,1520XX,B_unrated_detailed_or_child,15,2,62.0,1240,Other mathematical science occupations,"[""15-2021"", ""15-2041"", ""15-2051"", ""15-2099""]",[],"[""15-2099""]","[""15-2099.00""]",[],23979.0,0.258559572959673
10,22-34,2016,1530,1721YY,B_unrated_detailed_or_child,17,6,87.0,1530,Other engineers,"[""17-2161"", ""17-2199""]",[],"[""17-2199""]","[""17-2199.00""]",[],23979.0,0.36281746528212183
10,22-34,2016,1545,17301X,B_unrated_detailed_or_child,17,1,21.0,1545,Other drafters,"[""17-3012"", ""17-3013"", ""17-3019""]","[""17-3019""]",[],"[""17-3019.00""]",[],23979.0,0.087576629550857
10,22-34,2016,1555,17302X,B_unrated_detailed_or_child,17,2,45.0,1555,"Other engineering technologists and technicians, except drafters","[""17-3021"", ""17-3022"", ""17-3024"", ""17-3025"", ""17-3026"", ""17-3027"", ""17-3028"", ""17-3029""]",[],"[""17-3029""]","[""17-3029.00""]",[],23979.0,0.18766420618040786
10,22-34,2016,1610,191020,B_unrated_detailed_or_child,19,2,72.0,1610,Biological scientists,"[""19-1021"", ""19-1022"", ""19-1023"", ""19-1029""]",[],"[""19-1029""]","[""19-1029.00""]",[],23979.0,0.30026272988865255
10,22-34,2016,1650,1910XX,B_unrated_detailed_or_child,19,1,11.0,1650,Other life scientists,"[""19-1041"", ""19-1042"", ""19-1099""]","[""19-1099""]",[],"[""19-1099.00""]",[],23979.0,0.04587347262187748
10,22-34,2016,1760,192099,B_unrated_detailed_or_child,19,8,142.0,1760,"Physical scientists, all other","[""19-2099""]",[],"[""19-2099""]","[""19-2099.00""]",[],23979.0,0.5921848283915092
10,22-34,2016,2006,211019,B_unrated_detailed_or_child,21,3,41.0,2006,"Counselors, all other","[""21-1019""]","[""21-1019""]",[],"[""21-1019.00""]",[],23979.0,0.17098294340881603
10,22-34,2016,2014,211029,B_unrated_detailed_or_child,21,3,53.0,2014,"Social workers, all other","[""21-1029""]","[""21-1029""]",[],"[""21-1029.00""]",[],23979.0,0.22102673172359147
10,22-34,2016,2205,251000,B_unrated_detailed_or_child,25,11,148.0,2205,Postsecondary teachers,"[""25-1011"", ""25-1021"", ""25-1022"", ""25-1031"", ""25-1032"", ""25-1041"", ""25-1042"", ""25-1043"", ""25-1051"", ""25-1052"", ""25-1053"", ""25-1054"", ""25-1061"", ""25-1062"", ""25-1063"", ""25-1064"", ""25-1065"", ""25-1066"", ""25-1067"", ""25-1069"", ""25-1071"", ""25-1072"", ""25-1081"", ""25-1082"", ""25-1111"", ""25-1112"", ""25-1113"", ""25-1121"", ""25-1122"", ""25-1123"", ""25-1124"", ""25-1125"", ""25-1126"", ""25-1192"", ""25-1193"", ""25-1194"", ""25-1199""]","[""25-1069"", ""25-1199""]",[],"[""25-1069.00"", ""25-1199.00""]",[],23979.0,0.617206722548897
10,22-34,2016,2330,252050,B_unrated_detailed_or_child,25,2,49.0,2330,Special education teachers,"[""25-2051"", ""25-2055"", ""25-2056"", ""25-2057"", ""25-2058"", ""25-2059""]",[],"[""25-2059""]","[""25-2059.00""]",[],23979.0,0.20434546895199968
10,22-34,2016,2545,259040,B_unrated_detailed_or_child,25,7,199.0,2545,Teaching assistants,"[""25-9042"", ""25-9043"", ""25-9044"", ""25-9049""]","[""25-9049""]",[],"[""25-9049.00""]",[],23979.0,0.8298928228866925
10,22-34,2016,2555,2590XX,B_unrated_detailed_or_child,25,1,7.0,2555,Other educational instruction and library workers,"[""25-9021"", ""25-9031"", ""25-9099""]","[""25-9099""]",[],"[""25-9099.00""]",[],23979.0,0.029192209850285665
10,22-34,2016,2640,27102X,B_unrated_detailed_or_child,27,3,65.0,2640,Other designers,"[""27-1027"", ""27-1029""]","[""27-1029""]",[],"[""27-1029.00""]",[],23979.0,0.2710705200383669
10,22-34,2016,3010,291020,B_unrated_detailed_or_child,29,1,13.0,3010,Dentists,"[""29-1021"", ""29-1022"", ""29-1023"", ""29-1024"", ""29-1029""]","[""29-1029""]",[],"[""29-1029.00""]",[],23979.0,0.05421410400767338
10,22-34,2016,3090,291210,B_unrated_detailed_or_child,29,5,164.0,3090,Physicians,"[""29-1211"", ""29-1212"", ""29-1213"", ""29-1214"", ""29-1215"", ""29-1216"", ""29-1217"", ""29-1218"", ""29-1221"", ""29-1222"", ""29-1223"", ""29-1224"", ""29-1229""]",[],"[""29-1229""]","[""29-1229.00""]",[],23979.0,0.6839317736352641
10,22-34,2016,3245,29112X,B_unrated_detailed_or_child,29,3,47.0,3245,Other therapists,"[""29-1128"", ""29-1129""]",[],"[""29-1129""]","[""29-1129.00""]",[],23979.0,0.19600483756620377
10,22-34,2016,3545,292090,B_unrated_detailed_or_child,29,3,38.0,3545,Miscellaneous health technologists and technicians,"[""29-2091"", ""29-2092"", ""29-2099""]",[],"[""29-2099""]","[""29-2099.00""]",[],23979.0,0.15847199633012218
10,22-34,2016,3550,299000,B_unrated_detailed_or_child,29,1,6.0,3550,Other healthcare practitioners and technical occupations,"[""29-9021"", ""29-9091"", ""29-9092"", ""29-9093"", ""29-9099""]",[],"[""29-9099""]","[""29-9099.00""]",[],23979.0,0.025021894157387713
10,22-34,2016,3655,31909X,B_unrated_detailed_or_child,31,1,14.0,3655,Other healthcare support workers,"[""31-9093"", ""31-9099""]",[],"[""31-9099""]","[""31-9099.00""]",[],23979.0,0.05838441970057133
10,22-34,2016,3960,33909X,B_unrated_detailed_or_child,33,1,36.0,3960,Other protective service workers,"[""33-9092"", ""33-9099""]",[],"[""33-9099""]","[""33-9099.00""]",[],23979.0,0.15013136494432627
10,22-34,2016,4020,352010,B_unrated_detailed_or_child,35,19,554.0,4020,Cooks,"[""35-2011"", ""35-2012"", ""35-2013"", ""35-2014"", ""35-2015"", ""35-2019""]","[""35-2019""]",[],"[""35-2019.00""]",[],23979.0,2.3103548938654654
10,22-34,2016,4220,37201X,B_unrated_detailed_or_child,37,11,202.0,4220,Janitors and building cleaners,"[""37-2011"", ""37-2019""]","[""37-2019""]",[],"[""37-2019.00""]",[],23979.0,0.8424037699653864
10,22-34,2016,4255,37301X,B_unrated_detailed_or_child,37,1,53.0,4255,Other grounds maintenance workers,"[""37-3012"", ""37-3019""]","[""37-3019""]",[],"[""37-3019.00""]",[],23979.0,0.22102673172359147
10,22-34,2016,4435,3930XX,B_unrated_detailed_or_child,39,1,50.0,4435,Other entertainment attendants and related workers,"[""39-3021"", ""39-3091"", ""39-3092"", ""39-3093"", ""39-3099""]","[""39-3099""]",[],"[""39-3099.00""]",[],23979.0,0.20851578464489762
10,22-34,2016,5165,4330XX,B_unrated_detailed_or_child,43,2,51.0,5165,Other financial clerks,"[""43-3041"", ""43-3099""]","[""43-3099""]",[],"[""43-3099.00""]",[],23979.0,0.21268610033779556
10,22-34,2016,5940,439XXX,B_unrated_detailed_or_child,43,5,106.0,5940,Other office and administrative support workers,"[""43-9031"", ""43-9199""]","[""43-9199""]",[],"[""43-9199.00""]",[],23979.0,0.44205346344718294
10,22-34,2016,6050,4520XX,B_unrated_detailed_or_child,45,4,99.0,6050,Other agricultural workers,"[""45-2021"", ""45-2091"", ""45-2092"", ""45-2093"", ""45-2099""]","[""45-2099""]",[],"[""45-2099.00""]",[],23979.0,0.4128612535968973
10,22-34,2016,7640,4990XX,E_source_inconsistency,49,1,39.0,7640,"Other installation, maintenance, and repair workers","[""49-9081"", ""49-9092"", ""49-9097"", ""49-9099""]",[],"[""49-9099""]","[""49-9099.00""]","[""40-9095""]",23979.0,0.16264231202302015
10,22-34,2016,7750,5120XX,B_unrated_detailed_or_child,51,2,40.0,7750,Other assemblers and fabricators,"[""51-2011"", ""51-2051"", ""51-2061"", ""51-2092"", ""51-2099""]","[""51-2099""]",[],"[""51-2099.00""]",[],23979.0,0.1668126277159181
10,22-34,2016,7855,513099,B_unrated_detailed_or_child,51,2,46.0,7855,"Food processing workers, all other","[""51-3099""]","[""51-3099""]",[],"[""51-3099.00""]",[],23979.0,0.1918345218733058
10,22-34,2016,8225,514XXX,B_unrated_detailed_or_child,51,1,64.0,8225,Other metal workers and plastic workers,"[""51-4081"", ""51-4191"", ""51-4192"", ""51-4193"", ""51-4194"", ""51-4199""]","[""51-4199""]",[],"[""51-4199.00""]",[],23979.0,0.26690020434546896
10,22-34,2016,8990,5191XX,B_unrated_detailed_or_child,51,7,283.0,8990,"Miscellaneous production workers, including equipment operators and tenders","[""51-9141"", ""51-9192"", ""51-9193"", ""51-9199""]","[""51-9199""]",[],"[""51-9199.00""]",[],23979.0,1.1801993410901206
10,22-34,2016,9005,531000,B_unrated_detailed_or_child,53,1,29.0,9005,Supervisors of transportation and material moving workers,"[""53-1041"", ""53-1042"", ""53-1043"", ""53-1044"", ""53-1049""]","[""53-1049""]",[],"[""53-1049.00""]",[],23979.0,0.12093915509404062
10,22-34,2016,9760,5371XX,B_unrated_detailed_or_child,53,1,14.0,9760,Other material moving workers,"[""53-7121"", ""53-7199""]","[""53-7199""]",[],"[""53-7199.00""]",[],23979.0,0.05838441970057133
10,22-34,2017,0230,119030,B_unrated_detailed_or_child,11,1,30.0,0230,Education and childcare administrators,"[""11-9031"", ""11-9032"", ""11-9033"", ""11-9039""]","[""11-9039""]",[],"[""11-9039.00""]",[],24463.0,0.1226341822343948
10,22-34,2017,0440,1191XX,B_unrated_detailed_or_child,11,12,235.0,0440,Other managers,"[""11-9131"", ""11-9171"", ""11-9179"", ""11-9199""]",[],"[""11-9179"", ""11-9199""]","[""11-9179.00"", ""11-9199.00""]",[],24463.0,0.9606344275027593
10,22-34,2017,0750,131199,B_unrated_detailed_or_child,13,5,77.0,0750,"Business operations specialists, all other","[""13-1199""]",[],"[""13-1199""]","[""13-1199.00""]",[],24463.0,0.31476106773494666
10,22-34,2017,0960,1320XX,B_unrated_detailed_or_child,13,1,29.0,0960,Other financial specialists,"[""13-2054"", ""13-2099""]",[],"[""13-2099""]","[""13-2099.00""]",[],24463.0,0.11854637615991498
10,22-34,2017,1108,151299,B_unrated_detailed_or_child,15,5,76.0,1108,"Computer occupations, all other","[""15-1299""]",[],"[""15-1299""]","[""15-1299.00""]",[],24463.0,0.3106732616604668
10,22-34,2017,1530,1721YY,B_unrated_detailed_or_child,17,7,145.0,1530,Other engineers,"[""17-2161"", ""17-2199""]",[],"[""17-2199""]","[""17-2199.00""]",[],24463.0,0.5927318807995748
10,22-34,2017,1545,17301X,B_unrated_detailed_or_child,17,2,28.0,1545,Other drafters,"[""17-3012"", ""17-3013"", ""17-3019""]","[""17-3019""]",[],"[""17-3019.00""]",[],24463.0,0.11445857008543514
10,22-34,2017,1610,191020,B_unrated_detailed_or_child,19,1,24.0,1610,Biological scientists,"[""19-1021"", ""19-1022"", ""19-1023"", ""19-1029""]",[],"[""19-1029""]","[""19-1029.00""]",[],24463.0,0.09810734578751584
10,22-34,2017,1760,192099,B_unrated_detailed_or_child,19,3,53.0,1760,"Physical scientists, all other","[""19-2099""]",[],"[""19-2099""]","[""19-2099.00""]",[],24463.0,0.21665372194743082
10,22-34,2017,1970,1940YY,B_unrated_detailed_or_child,19,3,46.0,1970,"Other life, physical, and social science technicians","[""19-4061"", ""19-4071"", ""19-4092"", ""19-4099""]",[],"[""19-4099""]","[""19-4099.00""]",[],24463.0,0.18803907942607204
10,22-34,2017,2006,211019,B_unrated_detailed_or_child,21,3,182.0,2006,"Counselors, all other","[""21-1019""]","[""21-1019""]",[],"[""21-1019.00""]",[],24463.0,0.7439807055553285
10,22-34,2017,2014,211029,B_unrated_detailed_or_child,21,4,108.0,2014,"Social workers, all other","[""21-1029""]","[""21-1029""]",[],"[""21-1029.00""]",[],24463.0,0.44148305604382126
10,22-34,2017,2205,251000,B_unrated_detailed_or_child,25,27,486.0,2205,Postsecondary teachers,"[""25-1011"", ""25-1021"", ""25-1022"", ""25-1031"", ""25-1032"", ""25-1041"", ""25-1042"", ""25-1043"", ""25-1051"", ""25-1052"", ""25-1053"", ""25-1054"", ""25-1061"", ""25-1062"", ""25-1063"", ""25-1064"", ""25-1065"", ""25-1066"", ""25-1067"", ""25-1069"", ""25-1071"", ""25-1072"", ""25-1081"", ""25-1082"", ""25-1111"", ""25-1112"", ""25-1113"", ""25-1121"", ""25-1122"", ""25-1123"", ""25-1124"", ""25-1125"", ""25-1126"", ""25-1192"", ""25-1193"", ""25-1194"", ""25-1199""]","[""25-1069"", ""25-1199""]",[],"[""25-1069.00"", ""25-1199.00""]",[],24463.0,1.9866737521971958
10,22-34,2017,2330,252050,B_unrated_detailed_or_child,25,4,75.0,2330,Special education teachers,"[""25-2051"", ""25-2055"", ""25-2056"", ""25-2057"", ""25-2058"", ""25-2059""]",[],"[""25-2059""]","[""25-2059.00""]",[],24463.0,0.306585455585987
10,22-34,2017,2360,2530XX,B_unrated_detailed_or_child,25,6,128.0,2360,Other teachers and instructors,"[""25-3011"", ""25-3021"", ""25-3031"", ""25-3099""]","[""25-3099""]",[],"[""25-3099.00""]",[],24463.0,0.5232391775334179
10,22-34,2017,2545,259040,B_unrated_detailed_or_child,25,8,214.0,2545,Teaching assistants,"[""25-9042"", ""25-9043"", ""25-9044"", ""25-9049""]","[""25-9049""]",[],"[""25-9049.00""]",[],24463.0,0.874790499938683
10,22-34,2017,2600,271010,B_unrated_detailed_or_child,27,3,108.0,2600,Artists and related workers,"[""27-1011"", ""27-1012"", ""27-1013"", ""27-1014"", ""27-1019""]","[""27-1019""]",[],"[""27-1019.00""]",[],24463.0,0.44148305604382126
10,22-34,2017,2640,27102X,B_unrated_detailed_or_child,27,2,70.0,2640,Other designers,"[""27-1027"", ""27-1029""]","[""27-1029""]",[],"[""27-1029.00""]",[],24463.0,0.28614642521358785
10,22-34,2017,3010,291020,B_unrated_detailed_or_child,29,1,6.0,3010,Dentists,"[""29-1021"", ""29-1022"", ""29-1023"", ""29-1024"", ""29-1029""]","[""29-1029""]",[],"[""29-1029.00""]",[],24463.0,0.02452683644687896
10,22-34,2017,3090,291210,B_unrated_detailed_or_child,29,2,52.0,3090,Physicians,"[""29-1211"", ""29-1212"", ""29-1213"", ""29-1214"", ""29-1215"", ""29-1216"", ""29-1217"", ""29-1218"", ""29-1221"", ""29-1222"", ""29-1223"", ""29-1224"", ""29-1229""]",[],"[""29-1229""]","[""29-1229.00""]",[],24463.0,0.21256591587295098
10,22-34,2017,3100,291240,B_unrated_detailed_or_child,29,1,8.0,3100,Surgeons,"[""29-1241"", ""29-1242"", ""29-1243"", ""29-1249""]","[""29-1249""]",[],"[""29-1249.00""]",[],24463.0,0.03270244859583862
10,22-34,2017,3245,29112X,B_unrated_detailed_or_child,29,3,82.0,3245,Other therapists,"[""29-1128"", ""29-1129""]",[],"[""29-1129""]","[""29-1129.00""]",[],24463.0,0.3352000981073458
10,22-34,2017,4020,352010,B_unrated_detailed_or_child,35,11,430.0,4020,Cooks,"[""35-2011"", ""35-2012"", ""35-2013"", ""35-2014"", ""35-2015"", ""35-2019""]","[""35-2019""]",[],"[""35-2019.00""]",[],24463.0,1.7577566120263255
10,22-34,2017,4220,37201X,B_unrated_detailed_or_child,37,6,174.0,4220,Janitors and building cleaners,"[""37-2011"", ""37-2019""]","[""37-2019""]",[],"[""37-2019.00""]",[],24463.0,0.7112782569594899
10,22-34,2017,4255,37301X,B_unrated_detailed_or_child,37,1,14.0,4255,Other grounds maintenance workers,"[""37-3012"", ""37-3019""]","[""37-3019""]",[],"[""37-3019.00""]",[],24463.0,0.05722928504271757
10,22-34,2017,4400,393010,B_unrated_detailed_or_child,39,2,50.0,4400,Gambling services workers,"[""39-3011"", ""39-3012"", ""39-3019""]","[""39-3019""]",[],"[""39-3019.00""]",[],24463.0,0.20439030372399133
10,22-34,2017,4435,3930XX,B_unrated_detailed_or_child,39,3,64.0,4435,Other entertainment attendants and related workers,"[""39-3021"", ""39-3091"", ""39-3092"", ""39-3093"", ""39-3099""]","[""39-3099""]",[],"[""39-3099.00""]",[],24463.0,0.26161958876670893
10,22-34,2017,5040,432099,B_unrated_detailed_or_child,43,1,8.0,5040,"Communications equipment operators, all other","[""43-2099""]","[""43-2099""]",[],"[""43-2099.00""]",[],24463.0,0.03270244859583862
10,22-34,2017,5165,4330XX,B_unrated_detailed_or_child,43,5,98.0,5165,Other financial clerks,"[""43-3041"", ""43-3099""]","[""43-3099""]",[],"[""43-3099.00""]",[],24463.0,0.400604995299023
10,22-34,2017,5420,434YYY,B_unrated_detailed_or_child,43,1,10.0,5420,Other information and records clerks,"[""43-4011"", ""43-4199""]","[""43-4199""]",[],"[""43-4199.00""]",[],24463.0,0.040878060744798266
10,22-34,2017,5940,439XXX,B_unrated_detailed_or_child,43,2,64.0,5940,Other office and administrative support workers,"[""43-9031"", ""43-9199""]","[""43-9199""]",[],"[""43-9199.00""]",[],24463.0,0.26161958876670893
10,22-34,2017,6050,4520XX,B_unrated_detailed_or_child,45,9,177.0,6050,Other agricultural workers,"[""45-2021"", ""45-2091"", ""45-2092"", ""45-2093"", ""45-2099""]","[""45-2099""]",[],"[""45-2099.00""]",[],24463.0,0.7235416751829293
10,22-34,2017,6600,473010,B_unrated_detailed_or_child,47,1,17.0,6600,"Helpers, construction trades","[""47-3011"", ""47-3012"", ""47-3013"", ""47-3014"", ""47-3015"", ""47-3016"", ""47-3019""]","[""47-3019""]",[],"[""47-3019.00""]",[],24463.0,0.06949270326615706
10,22-34,2017,7750,5120XX,B_unrated_detailed_or_child,51,2,27.0,7750,Other assemblers and fabricators,"[""51-2011"", ""51-2051"", ""51-2061"", ""51-2092"", ""51-2099""]","[""51-2099""]",[],"[""51-2099.00""]",[],24463.0,0.11037076401095532
10,22-34,2017,7855,513099,B_unrated_detailed_or_child,51,2,115.0,7855,"Food processing workers, all other","[""51-3099""]","[""51-3099""]",[],"[""51-3099.00""]",[],24463.0,0.4700976985651801
10,22-34,2017,8465,51609X,B_unrated_detailed_or_child,51,1,30.0,8465,"Other textile, apparel, and furnishings workers","[""51-6091"", ""51-6092"", ""51-6099""]","[""51-6099""]",[],"[""51-6099.00""]",[],24463.0,0.1226341822343948
10,22-34,2017,8990,5191XX,B_unrated_detailed_or_child,51,9,248.0,8990,"Miscellaneous production workers, including equipment operators and tenders","[""51-9141"", ""51-9192"", ""51-9193"", ""51-9199""]","[""51-9199""]",[],"[""51-9199.00""]",[],24463.0,1.013775906470997
10,22-34,2017,9150,533099,B_unrated_detailed_or_child,53,2,166.0,9150,"Motor vehicle operators, all other","[""53-3099""]","[""53-3099""]",[],"[""53-3099.00""]",[],24463.0,0.6785758083636513
10,22-34,2017,9760,5371XX,B_unrated_detailed_or_child,53,1,15.0,9760,Other material moving workers,"[""53-7121"", ""53-7199""]","[""53-7199""]",[],"[""53-7199.00""]",[],24463.0,0.0613170911171974
10,22-34,2018,0230,119030,B_unrated_detailed_or_child,11,4,102.0,0230,Education and childcare administrators,"[""11-9031"", ""11-9032"", ""11-9033"", ""11-9039""]","[""11-9039""]",[],"[""11-9039.00""]",[],25780.0,0.395655546935609
10,22-34,2018,0440,1191XX,B_unrated_detailed_or_child,11,19,439.0,0440,Other managers,"[""11-9131"", ""11-9171"", ""11-9179"", ""11-9199""]",[],"[""11-9179"", ""11-9199""]","[""11-9179.00"", ""11-9199.00""]",[],25780.0,1.7028704422032583
10,22-34,2018,0750,131199,B_unrated_detailed_or_child,13,1,29.0,0750,"Business operations specialists, all other","[""13-1199""]",[],"[""13-1199""]","[""13-1199.00""]",[],25780.0,0.11249030256012413
10,22-34,2018,0960,1320XX,B_unrated_detailed_or_child,13,2,26.0,0960,Other financial specialists,"[""13-2054"", ""13-2099""]",[],"[""13-2099""]","[""13-2099.00""]",[],25780.0,0.1008533747090768
10,22-34,2018,1108,151299,B_unrated_detailed_or_child,15,5,211.0,1108,"Computer occupations, all other","[""15-1299""]",[],"[""15-1299""]","[""15-1299.00""]",[],25780.0,0.8184639255236618
10,22-34,2018,1240,1520XX,B_unrated_detailed_or_child,15,1,8.0,1240,Other mathematical science occupations,"[""15-2021"", ""15-2041"", ""15-2051"", ""15-2099""]",[],"[""15-2099""]","[""15-2099.00""]",[],25780.0,0.031031807602792862
10,22-34,2018,1530,1721YY,B_unrated_detailed_or_child,17,3,119.0,1530,Other engineers,"[""17-2161"", ""17-2199""]",[],"[""17-2199""]","[""17-2199.00""]",[],25780.0,0.4615981380915438
10,22-34,2018,1545,17301X,B_unrated_detailed_or_child,17,3,122.0,1545,Other drafters,"[""17-3012"", ""17-3013"", ""17-3019""]","[""17-3019""]",[],"[""17-3019.00""]",[],25780.0,0.4732350659425912
10,22-34,2018,1555,17302X,B_unrated_detailed_or_child,17,4,50.0,1555,"Other engineering technologists and technicians, except drafters","[""17-3021"", ""17-3022"", ""17-3024"", ""17-3025"", ""17-3026"", ""17-3027"", ""17-3028"", ""17-3029""]",[],"[""17-3029""]","[""17-3029.00""]",[],25780.0,0.1939487975174554
10,22-34,2018,1610,191020,B_unrated_detailed_or_child,19,1,34.0,1610,Biological scientists,"[""19-1021"", ""19-1022"", ""19-1023"", ""19-1029""]",[],"[""19-1029""]","[""19-1029.00""]",[],25780.0,0.13188518231186966
10,22-34,2018,1650,1910XX,B_unrated_detailed_or_child,19,2,41.0,1650,Other life scientists,"[""19-1041"", ""19-1042"", ""19-1099""]","[""19-1099""]",[],"[""19-1099.00""]",[],25780.0,0.1590380139643134
10,22-34,2018,1760,192099,B_unrated_detailed_or_child,19,2,65.0,1760,"Physical scientists, all other","[""19-2099""]",[],"[""19-2099""]","[""19-2099.00""]",[],25780.0,0.252133436772692
10,22-34,2018,1970,1940YY,B_unrated_detailed_or_child,19,4,78.0,1970,"Other life, physical, and social science technicians","[""19-4061"", ""19-4071"", ""19-4092"", ""19-4099""]",[],"[""19-4099""]","[""19-4099.00""]",[],25780.0,0.30256012412723043
10,22-34,2018,2006,211019,B_unrated_detailed_or_child,21,4,157.0,2006,"Counselors, all other","[""21-1019""]","[""21-1019""]",[],"[""21-1019.00""]",[],25780.0,0.6089992242048099
10,22-34,2018,2014,211029,B_unrated_detailed_or_child,21,4,92.0,2014,"Social workers, all other","[""21-1029""]","[""21-1029""]",[],"[""21-1029.00""]",[],25780.0,0.35686578743211794
10,22-34,2018,2025,21109X,B_unrated_detailed_or_child,21,1,80.0,2025,Other community and social service specialists,"[""21-1091"", ""21-1094"", ""21-1099""]","[""21-1099""]",[],"[""21-1099.00""]",[],25780.0,0.3103180760279286
10,22-34,2018,2180,232099,B_unrated_detailed_or_child,23,2,46.0,2180,"Legal support workers, all other","[""23-2099""]","[""23-2099""]",[],"[""23-2099.00""]",[],25780.0,0.17843289371605897
10,22-34,2018,2205,251000,B_unrated_detailed_or_child,25,18,324.0,2205,Postsecondary teachers,"[""25-1011"", ""25-1021"", ""25-1022"", ""25-1031"", ""25-1032"", ""25-1041"", ""25-1042"", ""25-1043"", ""25-1051"", ""25-1052"", ""25-1053"", ""25-1054"", ""25-1061"", ""25-1062"", ""25-1063"", ""25-1064"", ""25-1065"", ""25-1066"", ""25-1067"", ""25-1069"", ""25-1071"", ""25-1072"", ""25-1081"", ""25-1082"", ""25-1111"", ""25-1112"", ""25-1113"", ""25-1121"", ""25-1122"", ""25-1123"", ""25-1124"", ""25-1125"", ""25-1126"", ""25-1192"", ""25-1193"", ""25-1194"", ""25-1199""]","[""25-1069"", ""25-1199""]",[],"[""25-1069.00"", ""25-1199.00""]",[],25780.0,1.256788207913111
10,22-34,2018,2330,252050,B_unrated_detailed_or_child,25,1,7.0,2330,Special education teachers,"[""25-2051"", ""25-2055"", ""25-2056"", ""25-2057"", ""25-2058"", ""25-2059""]",[],"[""25-2059""]","[""25-2059.00""]",[],25780.0,0.027152831652443754
10,22-34,2018,2360,2530XX,B_unrated_detailed_or_child,25,4,92.0,2360,Other teachers and instructors,"[""25-3011"", ""25-3021"", ""25-3031"", ""25-3099""]","[""25-3099""]",[],"[""25-3099.00""]",[],25780.0,0.35686578743211794
10,22-34,2018,2545,259040,B_unrated_detailed_or_child,25,10,426.0,2545,Teaching assistants,"[""25-9042"", ""25-9043"", ""25-9044"", ""25-9049""]","[""25-9049""]",[],"[""25-9049.00""]",[],25780.0,1.6524437548487199
10,22-34,2018,2600,271010,B_unrated_detailed_or_child,27,3,72.0,2600,Artists and related workers,"[""27-1011"", ""27-1012"", ""27-1013"", ""27-1014"", ""27-1019""]","[""27-1019""]",[],"[""27-1019.00""]",[],25780.0,0.27928626842513576
10,22-34,2018,2640,27102X,B_unrated_detailed_or_child,27,3,227.0,2640,Other designers,"[""27-1027"", ""27-1029""]","[""27-1029""]",[],"[""27-1029.00""]",[],25780.0,0.8805275407292474
10,22-34,2018,2905,2740XX,B_unrated_detailed_or_child,27,1,9.0,2905,Other media and communication equipment workers,"[""27-4011"", ""27-4012"", ""27-4014"", ""27-4015"", ""27-4099""]","[""27-4099""]",[],"[""27-4099.00""]",[],25780.0,0.03491078355314197
10,22-34,2018,3090,291210,B_unrated_detailed_or_child,29,4,56.0,3090,Physicians,"[""29-1211"", ""29-1212"", ""29-1213"", ""29-1214"", ""29-1215"", ""29-1216"", ""29-1217"", ""29-1218"", ""29-1221"", ""29-1222"", ""29-1223"", ""29-1224"", ""29-1229""]",[],"[""29-1229""]","[""29-1229.00""]",[],25780.0,0.21722265321955003
10,22-34,2018,3245,29112X,B_unrated_detailed_or_child,29,2,44.0,3245,Other therapists,"[""29-1128"", ""29-1129""]",[],"[""29-1129""]","[""29-1129.00""]",[],25780.0,0.17067494181536075
10,22-34,2018,3655,31909X,B_unrated_detailed_or_child,31,1,26.0,3655,Other healthcare support workers,"[""31-9093"", ""31-9099""]",[],"[""31-9099""]","[""31-9099.00""]",[],25780.0,0.1008533747090768
10,22-34,2018,4020,352010,B_unrated_detailed_or_child,35,17,748.0,4020,Cooks,"[""35-2011"", ""35-2012"", ""35-2013"", ""35-2014"", ""35-2015"", ""35-2019""]","[""35-2019""]",[],"[""35-2019.00""]",[],25780.0,2.9014740108611328
10,22-34,2018,4220,37201X,B_unrated_detailed_or_child,37,11,332.0,4220,Janitors and building cleaners,"[""37-2011"", ""37-2019""]","[""37-2019""]",[],"[""37-2019.00""]",[],25780.0,1.2878200155159039
10,22-34,2018,4655,399099,B_unrated_detailed_or_child,39,1,46.0,4655,"Personal care and service workers, all other","[""39-9099""]","[""39-9099""]",[],"[""39-9099.00""]",[],25780.0,0.17843289371605897
10,22-34,2018,4965,419099,B_unrated_detailed_or_child,41,3,70.0,4965,"Sales and related workers, all other","[""41-9099""]","[""41-9099""]",[],"[""41-9099.00""]",[],25780.0,0.27152831652443754
10,22-34,2018,5420,434YYY,B_unrated_detailed_or_child,43,3,68.0,5420,Other information and records clerks,"[""43-4011"", ""43-4199""]","[""43-4199""]",[],"[""43-4199.00""]",[],25780.0,0.2637703646237393
10,22-34,2018,5940,439XXX,B_unrated_detailed_or_child,43,2,24.0,5940,Other office and administrative support workers,"[""43-9031"", ""43-9199""]","[""43-9199""]",[],"[""43-9199.00""]",[],25780.0,0.09309542280837858
10,22-34,2018,6050,4520XX,B_unrated_detailed_or_child,45,3,91.0,6050,Other agricultural workers,"[""45-2021"", ""45-2091"", ""45-2092"", ""45-2093"", ""45-2099""]","[""45-2099""]",[],"[""45-2099.00""]",[],25780.0,0.3529868114817688
10,22-34,2018,7750,5120XX,B_unrated_detailed_or_child,51,2,128.0,7750,Other assemblers and fabricators,"[""51-2011"", ""51-2051"", ""51-2061"", ""51-2092"", ""51-2099""]","[""51-2099""]",[],"[""51-2099.00""]",[],25780.0,0.4965089216446858
10,22-34,2018,8225,514XXX,B_unrated_detailed_or_child,51,2,62.0,8225,Other metal workers and plastic workers,"[""51-4081"", ""51-4191"", ""51-4192"", ""51-4193"", ""51-4194"", ""51-4199""]","[""51-4199""]",[],"[""51-4199.00""]",[],25780.0,0.24049650892164467
10,22-34,2018,8990,5191XX,B_unrated_detailed_or_child,51,9,166.0,8990,"Miscellaneous production workers, including equipment operators and tenders","[""51-9141"", ""51-9192"", ""51-9193"", ""51-9199""]","[""51-9199""]",[],"[""51-9199.00""]",[],25780.0,0.6439100077579519
10,22-34,2018,9005,531000,B_unrated_detailed_or_child,53,4,206.0,9005,Supervisors of transportation and material moving workers,"[""53-1041"", ""53-1042"", ""53-1043"", ""53-1044"", ""53-1049""]","[""53-1049""]",[],"[""53-1049.00""]",[],25780.0,0.7990690457719162
10,22-34,2018,9150,533099,B_unrated_detailed_or_child,53,1,44.0,9150,"Motor vehicle operators, all other","[""53-3099""]","[""53-3099""]",[],"[""53-3099.00""]",[],25780.0,0.17067494181536075
10,22-34,2019,0230,119030,B_unrated_detailed_or_child,11,1,4.0,0230,Education and childcare administrators,"[""11-9031"", ""11-9032"", ""11-9033"", ""11-9039""]","[""11-9039""]",[],"[""11-9039.00""]",[],25085.0,0.015945784333266894
10,22-34,2019,0440,1191XX,B_unrated_detailed_or_child,11,19,435.0,0440,Other managers,"[""11-9131"", ""11-9171"", ""11-9179"", ""11-9199""]",[],"[""11-9179"", ""11-9199""]","[""11-9179.00"", ""11-9199.00""]",[],25085.0,1.7341040462427746
10,22-34,2019,0750,131199,B_unrated_detailed_or_child,13,1,8.0,0750,"Business operations specialists, all other","[""13-1199""]",[],"[""13-1199""]","[""13-1199.00""]",[],25085.0,0.03189156866653379
10,22-34,2019,0960,1320XX,B_unrated_detailed_or_child,13,4,45.0,0960,Other financial specialists,"[""13-2054"", ""13-2099""]",[],"[""13-2099""]","[""13-2099.00""]",[],25085.0,0.17939007374925253
10,22-34,2019,1108,151299,B_unrated_detailed_or_child,15,4,72.0,1108,"Computer occupations, all other","[""15-1299""]",[],"[""15-1299""]","[""15-1299.00""]",[],25085.0,0.28702411799880406
10,22-34,2019,1240,1520XX,B_unrated_detailed_or_child,15,5,155.0,1240,Other mathematical science occupations,"[""15-2021"", ""15-2041"", ""15-2051"", ""15-2099""]",[],"[""15-2099""]","[""15-2099.00""]",[],25085.0,0.6178991429140921
10,22-34,2019,1530,1721YY,B_unrated_detailed_or_child,17,8,225.0,1530,Other engineers,"[""17-2161"", ""17-2199""]",[],"[""17-2199""]","[""17-2199.00""]",[],25085.0,0.8969503687462627
10,22-34,2019,1555,17302X,B_unrated_detailed_or_child,17,1,28.0,1555,"Other engineering technologists and technicians, except drafters","[""17-3021"", ""17-3022"", ""17-3024"", ""17-3025"", ""17-3026"", ""17-3027"", ""17-3028"", ""17-3029""]",[],"[""17-3029""]","[""17-3029.00""]",[],25085.0,0.11162049033286825
10,22-34,2019,1650,1910XX,B_unrated_detailed_or_child,19,4,112.0,1650,Other life scientists,"[""19-1041"", ""19-1042"", ""19-1099""]","[""19-1099""]",[],"[""19-1099.00""]",[],25085.0,0.446481961331473
10,22-34,2019,1760,192099,B_unrated_detailed_or_child,19,5,154.0,1760,"Physical scientists, all other","[""19-2099""]",[],"[""19-2099""]","[""19-2099.00""]",[],25085.0,0.6139126968307753
10,22-34,2019,1825,19303X,B_unrated_detailed_or_child,19,2,66.0,1825,Other psychologists,"[""19-3032"", ""19-3039""]",[],"[""19-3039""]","[""19-3039.00""]",[],25085.0,0.26310544149890375
10,22-34,2019,1970,1940YY,B_unrated_detailed_or_child,19,2,71.0,1970,"Other life, physical, and social science technicians","[""19-4061"", ""19-4071"", ""19-4092"", ""19-4099""]",[],"[""19-4099""]","[""19-4099.00""]",[],25085.0,0.28303767191548734
10,22-34,2019,2014,211029,B_unrated_detailed_or_child,21,2,47.0,2014,"Social workers, all other","[""21-1029""]","[""21-1029""]",[],"[""21-1029.00""]",[],25085.0,0.187362965915886
10,22-34,2019,2180,232099,B_unrated_detailed_or_child,23,1,12.0,2180,"Legal support workers, all other","[""23-2099""]","[""23-2099""]",[],"[""23-2099.00""]",[],25085.0,0.04783735299980068
10,22-34,2019,2205,251000,B_unrated_detailed_or_child,25,16,361.0,2205,Postsecondary teachers,"[""25-1011"", ""25-1021"", ""25-1022"", ""25-1031"", ""25-1032"", ""25-1041"", ""25-1042"", ""25-1043"", ""25-1051"", ""25-1052"", ""25-1053"", ""25-1054"", ""25-1061"", ""25-1062"", ""25-1063"", ""25-1064"", ""25-1065"", ""25-1066"", ""25-1067"", ""25-1069"", ""25-1071"", ""25-1072"", ""25-1081"", ""25-1082"", ""25-1111"", ""25-1112"", ""25-1113"", ""25-1121"", ""25-1122"", ""25-1123"", ""25-1124"", ""25-1125"", ""25-1126"", ""25-1192"", ""25-1193"", ""25-1194"", ""25-1199""]","[""25-1069"", ""25-1199""]",[],"[""25-1069.00"", ""25-1199.00""]",[],25085.0,1.439107036077337
10,22-34,2019,2330,252050,B_unrated_detailed_or_child,25,7,95.0,2330,Special education teachers,"[""25-2051"", ""25-2055"", ""25-2056"", ""25-2057"", ""25-2058"", ""25-2059""]",[],"[""25-2059""]","[""25-2059.00""]",[],25085.0,0.3787123779150887
10,22-34,2019,2360,2530XX,B_unrated_detailed_or_child,25,2,40.0,2360,Other teachers and instructors,"[""25-3011"", ""25-3021"", ""25-3031"", ""25-3099""]","[""25-3099""]",[],"[""25-3099.00""]",[],25085.0,0.15945784333266894
10,22-34,2019,2545,259040,B_unrated_detailed_or_child,25,12,262.0,2545,Teaching assistants,"[""25-9042"", ""25-9043"", ""25-9044"", ""25-9049""]","[""25-9049""]",[],"[""25-9049.00""]",[],25085.0,1.0444488738289814
10,22-34,2019,2555,2590XX,B_unrated_detailed_or_child,25,1,11.0,2555,Other educational instruction and library workers,"[""25-9021"", ""25-9031"", ""25-9099""]","[""25-9099""]",[],"[""25-9099.00""]",[],25085.0,0.04385090691648395
10,22-34,2019,2640,27102X,B_unrated_detailed_or_child,27,1,5.0,2640,Other designers,"[""27-1027"", ""27-1029""]","[""27-1029""]",[],"[""27-1029.00""]",[],25085.0,0.019932230416583617
10,22-34,2019,2865,273099,B_unrated_detailed_or_child,27,1,8.0,2865,"Media and communication workers, all other","[""27-3099""]","[""27-3099""]",[],"[""27-3099.00""]",[],25085.0,0.03189156866653379
10,22-34,2019,3010,291020,B_unrated_detailed_or_child,29,2,17.0,3010,Dentists,"[""29-1021"", ""29-1022"", ""29-1023"", ""29-1024"", ""29-1029""]","[""29-1029""]",[],"[""29-1029.00""]",[],25085.0,0.0677695834163843
10,22-34,2019,3090,291210,B_unrated_detailed_or_child,29,4,35.0,3090,Physicians,"[""29-1211"", ""29-1212"", ""29-1213"", ""29-1214"", ""29-1215"", ""29-1216"", ""29-1217"", ""29-1218"", ""29-1221"", ""29-1222"", ""29-1223"", ""29-1224"", ""29-1229""]",[],"[""29-1229""]","[""29-1229.00""]",[],25085.0,0.1395256129160853
10,22-34,2019,3245,29112X,B_unrated_detailed_or_child,29,2,54.0,3245,Other therapists,"[""29-1128"", ""29-1129""]",[],"[""29-1129""]","[""29-1129.00""]",[],25085.0,0.21526808849910306
10,22-34,2019,3545,292090,B_unrated_detailed_or_child,29,4,180.0,3545,Miscellaneous health technologists and technicians,"[""29-2091"", ""29-2092"", ""29-2099""]",[],"[""29-2099""]","[""29-2099.00""]",[],25085.0,0.7175602949970101
10,22-34,2019,3550,299000,B_unrated_detailed_or_child,29,1,11.0,3550,Other healthcare practitioners and technical occupations,"[""29-9021"", ""29-9091"", ""29-9092"", ""29-9093"", ""29-9099""]",[],"[""29-9099""]","[""29-9099.00""]",[],25085.0,0.04385090691648395
10,22-34,2019,3725,331090,B_unrated_detailed_or_child,33,1,22.0,3725,"Miscellaneous first-line supervisors, protective service workers","[""33-1091"", ""33-1099""]","[""33-1099""]",[],"[""33-1099.00""]",[],25085.0,0.0877018138329679
10,22-34,2019,4020,352010,B_unrated_detailed_or_child,35,12,195.0,4020,Cooks,"[""35-2011"", ""35-2012"", ""35-2013"", ""35-2014"", ""35-2015"", ""35-2019""]","[""35-2019""]",[],"[""35-2019.00""]",[],25085.0,0.777356986246761
10,22-34,2019,4220,37201X,B_unrated_detailed_or_child,37,19,439.0,4220,Janitors and building cleaners,"[""37-2011"", ""37-2019""]","[""37-2019""]",[],"[""37-2019.00""]",[],25085.0,1.7500498305760415
10,22-34,2019,4655,399099,B_unrated_detailed_or_child,39,4,80.0,4655,"Personal care and service workers, all other","[""39-9099""]","[""39-9099""]",[],"[""39-9099.00""]",[],25085.0,0.31891568666533787
10,22-34,2019,4965,419099,B_unrated_detailed_or_child,41,1,78.0,4965,"Sales and related workers, all other","[""41-9099""]","[""41-9099""]",[],"[""41-9099.00""]",[],25085.0,0.3109427944987044
10,22-34,2019,5165,4330XX,B_unrated_detailed_or_child,43,2,91.0,5165,Other financial clerks,"[""43-3041"", ""43-3099""]","[""43-3099""]",[],"[""43-3099.00""]",[],25085.0,0.3627665935818218
10,22-34,2019,5420,434YYY,B_unrated_detailed_or_child,43,2,17.0,5420,Other information and records clerks,"[""43-4011"", ""43-4199""]","[""43-4199""]",[],"[""43-4199.00""]",[],25085.0,0.0677695834163843
10,22-34,2019,5940,439XXX,B_unrated_detailed_or_child,43,9,228.0,5940,Other office and administrative support workers,"[""43-9031"", ""43-9199""]","[""43-9199""]",[],"[""43-9199.00""]",[],25085.0,0.9089097069962129
10,22-34,2019,6050,4520XX,B_unrated_detailed_or_child,45,7,166.0,6050,Other agricultural workers,"[""45-2021"", ""45-2091"", ""45-2092"", ""45-2093"", ""45-2099""]","[""45-2099""]",[],"[""45-2099.00""]",[],25085.0,0.6617500498305761
10,22-34,2019,7430,499060,B_unrated_detailed_or_child,49,1,10.0,7430,Precision instrument and equipment repairers,"[""49-9061"", ""49-9062"", ""49-9063"", ""49-9064"", ""49-9069""]","[""49-9069""]",[],"[""49-9069.00""]",[],25085.0,0.039864460833167234
10,22-34,2019,7640,4990XX,E_source_inconsistency,49,3,10.0,7640,"Other installation, maintenance, and repair workers","[""49-9081"", ""49-9092"", ""49-9097"", ""49-9099""]",[],"[""49-9099""]","[""49-9099.00""]","[""40-9095""]",25085.0,0.039864460833167234
10,22-34,2019,7750,5120XX,B_unrated_detailed_or_child,51,3,44.0,7750,Other assemblers and fabricators,"[""51-2011"", ""51-2051"", ""51-2061"", ""51-2092"", ""51-2099""]","[""51-2099""]",[],"[""51-2099.00""]",[],25085.0,0.1754036276659358
10,22-34,2019,7855,513099,B_unrated_detailed_or_child,51,1,22.0,7855,"Food processing workers, all other","[""51-3099""]","[""51-3099""]",[],"[""51-3099.00""]",[],25085.0,0.0877018138329679
10,22-34,2019,8225,514XXX,B_unrated_detailed_or_child,51,6,161.0,8225,Other metal workers and plastic workers,"[""51-4081"", ""51-4191"", ""51-4192"", ""51-4193"", ""51-4194"", ""51-4199""]","[""51-4199""]",[],"[""51-4199.00""]",[],25085.0,0.6418178194139924
10,22-34,2019,8630,518090,B_unrated_detailed_or_child,51,1,14.0,8630,Miscellaneous plant and system operators,"[""51-8091"", ""51-8092"", ""51-8093"", ""51-8099""]",[],"[""51-8099""]","[""51-8099.00""]",[],25085.0,0.055810245166434125
10,22-34,2019,8990,5191XX,B_unrated_detailed_or_child,51,6,160.0,8990,"Miscellaneous production workers, including equipment operators and tenders","[""51-9141"", ""51-9192"", ""51-9193"", ""51-9199""]","[""51-9199""]",[],"[""51-9199.00""]",[],25085.0,0.6378313733306757
10,22-34,2019,9005,531000,B_unrated_detailed_or_child,53,2,53.0,9005,Supervisors of transportation and material moving workers,"[""53-1041"", ""53-1042"", ""53-1043"", ""53-1044"", ""53-1049""]","[""53-1049""]",[],"[""53-1049.00""]",[],25085.0,0.2112816424157863
10,22-34,2019,9150,533099,B_unrated_detailed_or_child,53,1,35.0,9150,"Motor vehicle operators, all other","[""53-3099""]","[""53-3099""]",[],"[""53-3099.00""]",[],25085.0,0.1395256129160853
10,22-34,2019,9430,5360XX,B_unrated_detailed_or_child,53,1,28.0,9430,Other transportation workers,"[""53-6011"", ""53-6041"", ""53-6099""]","[""53-6099""]",[],"[""53-6099.00""]",[],25085.0,0.11162049033286825
10,22-34,pooled,0230,119030,B_unrated_detailed_or_child,11,18,336.0,0230,Education and childcare administrators,"[""11-9031"", ""11-9032"", ""11-9033"", ""11-9039""]","[""11-9039""]",[],"[""11-9039.00""]",[],123656.0,0.27172155010674776
10,22-34,pooled,0440,1191XX,B_unrated_detailed_or_child,11,84,2005.0,0440,Other managers,"[""11-9131"", ""11-9171"", ""11-9179"", ""11-9199""]",[],"[""11-9179"", ""11-9199""]","[""11-9179.00"", ""11-9199.00""]",[],123656.0,1.621433654654849
10,22-34,pooled,0750,131199,B_unrated_detailed_or_child,13,12,194.0,0750,"Business operations specialists, all other","[""13-1199""]",[],"[""13-1199""]","[""13-1199.00""]",[],123656.0,0.1568868473830627
10,22-34,pooled,0960,1320XX,B_unrated_detailed_or_child,13,8,113.0,0960,Other financial specialists,"[""13-2054"", ""13-2099""]",[],"[""13-2099""]","[""13-2099.00""]",[],123656.0,0.091382545125186
10,22-34,pooled,1108,151299,B_unrated_detailed_or_child,15,21,590.0,1108,"Computer occupations, all other","[""15-1299""]",[],"[""15-1299""]","[""15-1299.00""]",[],123656.0,0.47713010286601537
10,22-34,pooled,1240,1520XX,B_unrated_detailed_or_child,15,10,311.0,1240,Other mathematical science occupations,"[""15-2021"", ""15-2041"", ""15-2051"", ""15-2099""]",[],"[""15-2099""]","[""15-2099.00""]",[],123656.0,0.2515041728666624
10,22-34,pooled,1530,1721YY,B_unrated_detailed_or_child,17,29,805.0,1530,Other engineers,"[""17-2161"", ""17-2199""]",[],"[""17-2199""]","[""17-2199.00""]",[],123656.0,0.6509995471307498
10,22-34,pooled,1545,17301X,B_unrated_detailed_or_child,17,6,171.0,1545,Other drafters,"[""17-3012"", ""17-3013"", ""17-3019""]","[""17-3019""]",[],"[""17-3019.00""]",[],123656.0,0.13828686032218412
10,22-34,pooled,1555,17302X,B_unrated_detailed_or_child,17,9,239.0,1555,"Other engineering technologists and technicians, except drafters","[""17-3021"", ""17-3022"", ""17-3024"", ""17-3025"", ""17-3026"", ""17-3027"", ""17-3028"", ""17-3029""]",[],"[""17-3029""]","[""17-3029.00""]",[],123656.0,0.1932781264152164
10,22-34,pooled,1610,191020,B_unrated_detailed_or_child,19,6,165.0,1610,Biological scientists,"[""19-1021"", ""19-1022"", ""19-1023"", ""19-1029""]",[],"[""19-1029""]","[""19-1029.00""]",[],123656.0,0.13343468978456363
10,22-34,pooled,1650,1910XX,B_unrated_detailed_or_child,19,7,164.0,1650,Other life scientists,"[""19-1041"", ""19-1042"", ""19-1099""]","[""19-1099""]",[],"[""19-1099.00""]",[],123656.0,0.13262599469496023
10,22-34,pooled,1760,192099,B_unrated_detailed_or_child,19,21,451.0,1760,"Physical scientists, all other","[""19-2099""]",[],"[""19-2099""]","[""19-2099.00""]",[],123656.0,0.3647214854111406
10,22-34,pooled,1825,19303X,B_unrated_detailed_or_child,19,4,132.0,1825,Other psychologists,"[""19-3032"", ""19-3039""]",[],"[""19-3039""]","[""19-3039.00""]",[],123656.0,0.10674775182765091
10,22-34,pooled,1970,1940YY,B_unrated_detailed_or_child,19,12,238.0,1970,"Other life, physical, and social science technicians","[""19-4061"", ""19-4071"", ""19-4092"", ""19-4099""]",[],"[""19-4099""]","[""19-4099.00""]",[],123656.0,0.19246943132561298
10,22-34,pooled,2006,211019,B_unrated_detailed_or_child,21,13,444.0,2006,"Counselors, all other","[""21-1019""]","[""21-1019""]",[],"[""21-1019.00""]",[],123656.0,0.3590606197839167
10,22-34,pooled,2014,211029,B_unrated_detailed_or_child,21,19,392.0,2014,"Social workers, all other","[""21-1029""]","[""21-1029""]",[],"[""21-1029.00""]",[],123656.0,0.31700847512453906
10,22-34,pooled,2025,21109X,B_unrated_detailed_or_child,21,2,97.0,2025,Other community and social service specialists,"[""21-1091"", ""21-1094"", ""21-1099""]","[""21-1099""]",[],"[""21-1099.00""]",[],123656.0,0.07844342369153134
10,22-34,pooled,2180,232099,B_unrated_detailed_or_child,23,3,58.0,2180,"Legal support workers, all other","[""23-2099""]","[""23-2099""]",[],"[""23-2099.00""]",[],123656.0,0.04690431519699812
10,22-34,pooled,2205,251000,B_unrated_detailed_or_child,25,84,1592.0,2205,Postsecondary teachers,"[""25-1011"", ""25-1021"", ""25-1022"", ""25-1031"", ""25-1032"", ""25-1041"", ""25-1042"", ""25-1043"", ""25-1051"", ""25-1052"", ""25-1053"", ""25-1054"", ""25-1061"", ""25-1062"", ""25-1063"", ""25-1064"", ""25-1065"", ""25-1066"", ""25-1067"", ""25-1069"", ""25-1071"", ""25-1072"", ""25-1081"", ""25-1082"", ""25-1111"", ""25-1112"", ""25-1113"", ""25-1121"", ""25-1122"", ""25-1123"", ""25-1124"", ""25-1125"", ""25-1126"", ""25-1192"", ""25-1193"", ""25-1194"", ""25-1199""]","[""25-1069"", ""25-1199""]",[],"[""25-1069.00"", ""25-1199.00""]",[],123656.0,1.2874425826486382
10,22-34,pooled,2330,252050,B_unrated_detailed_or_child,25,17,273.0,2330,Special education teachers,"[""25-2051"", ""25-2055"", ""25-2056"", ""25-2057"", ""25-2058"", ""25-2059""]",[],"[""25-2059""]","[""25-2059.00""]",[],123656.0,0.22077375946173255
10,22-34,pooled,2360,2530XX,B_unrated_detailed_or_child,25,16,349.0,2360,Other teachers and instructors,"[""25-3011"", ""25-3021"", ""25-3031"", ""25-3099""]","[""25-3099""]",[],"[""25-3099.00""]",[],123656.0,0.28223458627159215
10,22-34,pooled,2545,259040,B_unrated_detailed_or_child,25,46,1371.0,2545,Teaching assistants,"[""25-9042"", ""25-9043"", ""25-9044"", ""25-9049""]","[""25-9049""]",[],"[""25-9049.00""]",[],123656.0,1.1087209678462833
10,22-34,pooled,2555,2590XX,B_unrated_detailed_or_child,25,2,18.0,2555,Other educational instruction and library workers,"[""25-9021"", ""25-9031"", ""25-9099""]","[""25-9099""]",[],"[""25-9099.00""]",[],123656.0,0.014556511612861487
10,22-34,pooled,2600,271010,B_unrated_detailed_or_child,27,6,180.0,2600,Artists and related workers,"[""27-1011"", ""27-1012"", ""27-1013"", ""27-1014"", ""27-1019""]","[""27-1019""]",[],"[""27-1019.00""]",[],123656.0,0.14556511612861486
10,22-34,pooled,2640,27102X,B_unrated_detailed_or_child,27,13,447.0,2640,Other designers,"[""27-1027"", ""27-1029""]","[""27-1029""]",[],"[""27-1029.00""]",[],123656.0,0.3614867050527269
10,22-34,pooled,2865,273099,B_unrated_detailed_or_child,27,1,8.0,2865,"Media and communication workers, all other","[""27-3099""]","[""27-3099""]",[],"[""27-3099.00""]",[],123656.0,0.006469560716827328
10,22-34,pooled,2905,2740XX,B_unrated_detailed_or_child,27,1,9.0,2905,Other media and communication equipment workers,"[""27-4011"", ""27-4012"", ""27-4014"", ""27-4015"", ""27-4099""]","[""27-4099""]",[],"[""27-4099.00""]",[],123656.0,0.007278255806430743
10,22-34,pooled,3010,291020,B_unrated_detailed_or_child,29,4,36.0,3010,Dentists,"[""29-1021"", ""29-1022"", ""29-1023"", ""29-1024"", ""29-1029""]","[""29-1029""]",[],"[""29-1029.00""]",[],123656.0,0.029113023225722973
10,22-34,pooled,3090,291210,B_unrated_detailed_or_child,29,20,443.0,3090,Physicians,"[""29-1211"", ""29-1212"", ""29-1213"", ""29-1214"", ""29-1215"", ""29-1216"", ""29-1217"", ""29-1218"", ""29-1221"", ""29-1222"", ""29-1223"", ""29-1224"", ""29-1229""]",[],"[""29-1229""]","[""29-1229.00""]",[],123656.0,0.3582519246943133
10,22-34,pooled,3100,291240,B_unrated_detailed_or_child,29,1,8.0,3100,Surgeons,"[""29-1241"", ""29-1242"", ""29-1243"", ""29-1249""]","[""29-1249""]",[],"[""29-1249.00""]",[],123656.0,0.006469560716827328
10,22-34,pooled,3245,29112X,B_unrated_detailed_or_child,29,10,227.0,3245,Other therapists,"[""29-1128"", ""29-1129""]",[],"[""29-1129""]","[""29-1129.00""]",[],123656.0,0.18357378533997543
10,22-34,pooled,3545,292090,B_unrated_detailed_or_child,29,9,262.0,3545,Miscellaneous health technologists and technicians,"[""29-2091"", ""29-2092"", ""29-2099""]",[],"[""29-2099""]","[""29-2099.00""]",[],123656.0,0.21187811347609498
10,22-34,pooled,3550,299000,B_unrated_detailed_or_child,29,3,72.0,3550,Other healthcare practitioners and technical occupations,"[""29-9021"", ""29-9091"", ""29-9092"", ""29-9093"", ""29-9099""]",[],"[""29-9099""]","[""29-9099.00""]",[],123656.0,0.05822604645144595
10,22-34,pooled,3655,31909X,B_unrated_detailed_or_child,31,3,48.0,3655,Other healthcare support workers,"[""31-9093"", ""31-9099""]",[],"[""31-9099""]","[""31-9099.00""]",[],123656.0,0.03881736430096396
10,22-34,pooled,3725,331090,B_unrated_detailed_or_child,33,2,46.0,3725,"Miscellaneous first-line supervisors, protective service workers","[""33-1091"", ""33-1099""]","[""33-1099""]",[],"[""33-1099.00""]",[],123656.0,0.037199974121757136
10,22-34,pooled,3960,33909X,B_unrated_detailed_or_child,33,3,53.0,3960,Other protective service workers,"[""33-9092"", ""33-9099""]",[],"[""33-9099""]","[""33-9099.00""]",[],123656.0,0.04286083974898104
10,22-34,pooled,4020,352010,B_unrated_detailed_or_child,35,72,2186.0,4020,Cooks,"[""35-2011"", ""35-2012"", ""35-2013"", ""35-2014"", ""35-2015"", ""35-2019""]","[""35-2019""]",[],"[""35-2019.00""]",[],123656.0,1.7678074658730671
10,22-34,pooled,4220,37201X,B_unrated_detailed_or_child,37,56,1462.0,4220,Janitors and building cleaners,"[""37-2011"", ""37-2019""]","[""37-2019""]",[],"[""37-2019.00""]",[],123656.0,1.1823122210001942
10,22-34,pooled,4255,37301X,B_unrated_detailed_or_child,37,2,67.0,4255,Other grounds maintenance workers,"[""37-3012"", ""37-3019""]","[""37-3019""]",[],"[""37-3019.00""]",[],123656.0,0.05418257100342887
10,22-34,pooled,4400,393010,B_unrated_detailed_or_child,39,2,50.0,4400,Gambling services workers,"[""39-3011"", ""39-3012"", ""39-3019""]","[""39-3019""]",[],"[""39-3019.00""]",[],123656.0,0.040434754480170795
10,22-34,pooled,4435,3930XX,B_unrated_detailed_or_child,39,5,155.0,4435,Other entertainment attendants and related workers,"[""39-3021"", ""39-3091"", ""39-3092"", ""39-3093"", ""39-3099""]","[""39-3099""]",[],"[""39-3099.00""]",[],123656.0,0.12534773888852946
10,22-34,pooled,4655,399099,B_unrated_detailed_or_child,39,7,190.0,4655,"Personal care and service workers, all other","[""39-9099""]","[""39-9099""]",[],"[""39-9099.00""]",[],123656.0,0.15365206702464904
10,22-34,pooled,4965,419099,B_unrated_detailed_or_child,41,4,148.0,4965,"Sales and related workers, all other","[""41-9099""]","[""41-9099""]",[],"[""41-9099.00""]",[],123656.0,0.11968687326130556
10,22-34,pooled,5040,432099,B_unrated_detailed_or_child,43,1,8.0,5040,"Communications equipment operators, all other","[""43-2099""]","[""43-2099""]",[],"[""43-2099.00""]",[],123656.0,0.006469560716827328
10,22-34,pooled,5165,4330XX,B_unrated_detailed_or_child,43,12,306.0,5165,Other financial clerks,"[""43-3041"", ""43-3099""]","[""43-3099""]",[],"[""43-3099.00""]",[],123656.0,0.24746069741864526
10,22-34,pooled,5420,434YYY,B_unrated_detailed_or_child,43,6,95.0,5420,Other information and records clerks,"[""43-4011"", ""43-4199""]","[""43-4199""]",[],"[""43-4199.00""]",[],123656.0,0.07682603351232452
10,22-34,pooled,5940,439XXX,B_unrated_detailed_or_child,43,27,653.0,5940,Other office and administrative support workers,"[""43-9031"", ""43-9199""]","[""43-9199""]",[],"[""43-9199.00""]",[],123656.0,0.5280778935110306
10,22-34,pooled,6050,4520XX,B_unrated_detailed_or_child,45,28,655.0,6050,Other agricultural workers,"[""45-2021"", ""45-2091"", ""45-2092"", ""45-2093"", ""45-2099""]","[""45-2099""]",[],"[""45-2099.00""]",[],123656.0,0.5296952836902374
10,22-34,pooled,6600,473010,B_unrated_detailed_or_child,47,1,17.0,6600,"Helpers, construction trades","[""47-3011"", ""47-3012"", ""47-3013"", ""47-3014"", ""47-3015"", ""47-3016"", ""47-3019""]","[""47-3019""]",[],"[""47-3019.00""]",[],123656.0,0.01374781652325807
10,22-34,pooled,6765,4740XX,B_unrated_detailed_or_child,47,3,79.0,6765,Other construction and related workers,"[""47-4071"", ""47-4091"", ""47-4099""]",[],"[""47-4099""]","[""47-4099.00""]",[],123656.0,0.06388691207866985
10,22-34,pooled,7430,499060,B_unrated_detailed_or_child,49,1,10.0,7430,Precision instrument and equipment repairers,"[""49-9061"", ""49-9062"", ""49-9063"", ""49-9064"", ""49-9069""]","[""49-9069""]",[],"[""49-9069.00""]",[],123656.0,0.008086950896034159
10,22-34,pooled,7640,4990XX,E_source_inconsistency,49,5,72.0,7640,"Other installation, maintenance, and repair workers","[""49-9081"", ""49-9092"", ""49-9097"", ""49-9099""]",[],"[""49-9099""]","[""49-9099.00""]","[""40-9095""]",123656.0,0.05822604645144595
10,22-34,pooled,7750,5120XX,B_unrated_detailed_or_child,51,10,299.0,7750,Other assemblers and fabricators,"[""51-2011"", ""51-2051"", ""51-2061"", ""51-2092"", ""51-2099""]","[""51-2099""]",[],"[""51-2099.00""]",[],123656.0,0.24179983179142137
10,22-34,pooled,7855,513099,B_unrated_detailed_or_child,51,7,224.0,7855,"Food processing workers, all other","[""51-3099""]","[""51-3099""]",[],"[""51-3099.00""]",[],123656.0,0.18114770007116518
10,22-34,pooled,8225,514XXX,B_unrated_detailed_or_child,51,10,408.0,8225,Other metal workers and plastic workers,"[""51-4081"", ""51-4191"", ""51-4192"", ""51-4193"", ""51-4194"", ""51-4199""]","[""51-4199""]",[],"[""51-4199.00""]",[],123656.0,0.3299475965581937
10,22-34,pooled,8465,51609X,B_unrated_detailed_or_child,51,1,30.0,8465,"Other textile, apparel, and furnishings workers","[""51-6091"", ""51-6092"", ""51-6099""]","[""51-6099""]",[],"[""51-6099.00""]",[],123656.0,0.024260852688102477
10,22-34,pooled,8630,518090,B_unrated_detailed_or_child,51,2,29.0,8630,Miscellaneous plant and system operators,"[""51-8091"", ""51-8092"", ""51-8093"", ""51-8099""]",[],"[""51-8099""]","[""51-8099.00""]",[],123656.0,0.02345215759849906
10,22-34,pooled,8990,5191XX,B_unrated_detailed_or_child,51,35,888.0,8990,"Miscellaneous production workers, including equipment operators and tenders","[""51-9141"", ""51-9192"", ""51-9193"", ""51-9199""]","[""51-9199""]",[],"[""51-9199.00""]",[],123656.0,0.7181212395678334
10,22-34,pooled,9005,531000,B_unrated_detailed_or_child,53,8,349.0,9005,Supervisors of transportation and material moving workers,"[""53-1041"", ""53-1042"", ""53-1043"", ""53-1044"", ""53-1049""]","[""53-1049""]",[],"[""53-1049.00""]",[],123656.0,0.28223458627159215
10,22-34,pooled,9150,533099,B_unrated_detailed_or_child,53,4,245.0,9150,"Motor vehicle operators, all other","[""53-3099""]","[""53-3099""]",[],"[""53-3099.00""]",[],123656.0,0.1981302969528369
10,22-34,pooled,9430,5360XX,B_unrated_detailed_or_child,53,1,28.0,9430,Other transportation workers,"[""53-6011"", ""53-6041"", ""53-6099""]","[""53-6099""]",[],"[""53-6099.00""]",[],123656.0,0.022643462508895647
10,22-34,pooled,9760,5371XX,B_unrated_detailed_or_child,53,2,29.0,9760,Other material moving workers,"[""53-7121"", ""53-7199""]","[""53-7199""]",[],"[""53-7199.00""]",[],123656.0,0.02345215759849906
10,25-34,2015,0230,119030,B_unrated_detailed_or_child,11,3,59.0,0230,Education and childcare administrators,"[""11-9031"", ""11-9032"", ""11-9033"", ""11-9039""]","[""11-9039""]",[],"[""11-9039.00""]",[],19492.0,0.30268828237225526
10,25-34,2015,0440,1191XX,B_unrated_detailed_or_child,11,15,282.0,0440,Other managers,"[""11-9131"", ""11-9171"", ""11-9179"", ""11-9199""]",[],"[""11-9179"", ""11-9199""]","[""11-9179.00"", ""11-9199.00""]",[],19492.0,1.446747383541966
10,25-34,2015,0750,131199,B_unrated_detailed_or_child,13,2,36.0,0750,"Business operations specialists, all other","[""13-1199""]",[],"[""13-1199""]","[""13-1199.00""]",[],19492.0,0.1846911553457829
10,25-34,2015,1108,151299,B_unrated_detailed_or_child,15,4,134.0,1108,"Computer occupations, all other","[""15-1299""]",[],"[""15-1299""]","[""15-1299.00""]",[],19492.0,0.6874615226759696
10,25-34,2015,1240,1520XX,B_unrated_detailed_or_child,15,2,86.0,1240,Other mathematical science occupations,"[""15-2021"", ""15-2041"", ""15-2051"", ""15-2099""]",[],"[""15-2099""]","[""15-2099.00""]",[],19492.0,0.44120664888159244
10,25-34,2015,1530,1721YY,B_unrated_detailed_or_child,17,3,200.0,1530,Other engineers,"[""17-2161"", ""17-2199""]",[],"[""17-2199""]","[""17-2199.00""]",[],19492.0,1.0260619741432382
10,25-34,2015,1555,17302X,B_unrated_detailed_or_child,17,2,116.0,1555,"Other engineering technologists and technicians, except drafters","[""17-3021"", ""17-3022"", ""17-3024"", ""17-3025"", ""17-3026"", ""17-3027"", ""17-3028"", ""17-3029""]",[],"[""17-3029""]","[""17-3029.00""]",[],19492.0,0.5951159450030782
10,25-34,2015,1610,191020,B_unrated_detailed_or_child,19,2,35.0,1610,Biological scientists,"[""19-1021"", ""19-1022"", ""19-1023"", ""19-1029""]",[],"[""19-1029""]","[""19-1029.00""]",[],19492.0,0.1795608454750667
10,25-34,2015,1760,192099,B_unrated_detailed_or_child,19,3,37.0,1760,"Physical scientists, all other","[""19-2099""]",[],"[""19-2099""]","[""19-2099.00""]",[],19492.0,0.18982146521649906
10,25-34,2015,1825,19303X,B_unrated_detailed_or_child,19,2,66.0,1825,Other psychologists,"[""19-3032"", ""19-3039""]",[],"[""19-3039""]","[""19-3039.00""]",[],19492.0,0.33860045146726864
10,25-34,2015,1970,1940YY,B_unrated_detailed_or_child,19,2,34.0,1970,"Other life, physical, and social science technicians","[""19-4061"", ""19-4071"", ""19-4092"", ""19-4099""]",[],"[""19-4099""]","[""19-4099.00""]",[],19492.0,0.1744305356043505
10,25-34,2015,2006,211019,B_unrated_detailed_or_child,21,3,64.0,2006,"Counselors, all other","[""21-1019""]","[""21-1019""]",[],"[""21-1019.00""]",[],19492.0,0.32833983172583625
10,25-34,2015,2014,211029,B_unrated_detailed_or_child,21,5,73.0,2014,"Social workers, all other","[""21-1029""]","[""21-1029""]",[],"[""21-1029.00""]",[],19492.0,0.37451262056228196
10,25-34,2015,2025,21109X,B_unrated_detailed_or_child,21,1,17.0,2025,Other community and social service specialists,"[""21-1091"", ""21-1094"", ""21-1099""]","[""21-1099""]",[],"[""21-1099.00""]",[],19492.0,0.08721526780217526
10,25-34,2015,2205,251000,B_unrated_detailed_or_child,25,6,125.0,2205,Postsecondary teachers,"[""25-1011"", ""25-1021"", ""25-1022"", ""25-1031"", ""25-1032"", ""25-1041"", ""25-1042"", ""25-1043"", ""25-1051"", ""25-1052"", ""25-1053"", ""25-1054"", ""25-1061"", ""25-1062"", ""25-1063"", ""25-1064"", ""25-1065"", ""25-1066"", ""25-1067"", ""25-1069"", ""25-1071"", ""25-1072"", ""25-1081"", ""25-1082"", ""25-1111"", ""25-1112"", ""25-1113"", ""25-1121"", ""25-1122"", ""25-1123"", ""25-1124"", ""25-1125"", ""25-1126"", ""25-1192"", ""25-1193"", ""25-1194"", ""25-1199""]","[""25-1069"", ""25-1199""]",[],"[""25-1069.00"", ""25-1199.00""]",[],19492.0,0.6412887338395239
10,25-34,2015,2330,252050,B_unrated_detailed_or_child,25,2,18.0,2330,Special education teachers,"[""25-2051"", ""25-2055"", ""25-2056"", ""25-2057"", ""25-2058"", ""25-2059""]",[],"[""25-2059""]","[""25-2059.00""]",[],19492.0,0.09234557767289145
10,25-34,2015,2360,2530XX,B_unrated_detailed_or_child,25,3,74.0,2360,Other teachers and instructors,"[""25-3011"", ""25-3021"", ""25-3031"", ""25-3099""]","[""25-3099""]",[],"[""25-3099.00""]",[],19492.0,0.3796429304329981
10,25-34,2015,2545,259040,B_unrated_detailed_or_child,25,6,160.0,2545,Teaching assistants,"[""25-9042"", ""25-9043"", ""25-9044"", ""25-9049""]","[""25-9049""]",[],"[""25-9049.00""]",[],19492.0,0.8208495793145906
10,25-34,2015,2640,27102X,B_unrated_detailed_or_child,27,3,43.0,2640,Other designers,"[""27-1027"", ""27-1029""]","[""27-1029""]",[],"[""27-1029.00""]",[],19492.0,0.22060332444079622
10,25-34,2015,3090,291210,B_unrated_detailed_or_child,29,5,136.0,3090,Physicians,"[""29-1211"", ""29-1212"", ""29-1213"", ""29-1214"", ""29-1215"", ""29-1216"", ""29-1217"", ""29-1218"", ""29-1221"", ""29-1222"", ""29-1223"", ""29-1224"", ""29-1229""]",[],"[""29-1229""]","[""29-1229.00""]",[],19492.0,0.697722142417402
10,25-34,2015,3545,292090,B_unrated_detailed_or_child,29,2,44.0,3545,Miscellaneous health technologists and technicians,"[""29-2091"", ""29-2092"", ""29-2099""]",[],"[""29-2099""]","[""29-2099.00""]",[],19492.0,0.22573363431151242
10,25-34,2015,3550,299000,B_unrated_detailed_or_child,29,1,55.0,3550,Other healthcare practitioners and technical occupations,"[""29-9021"", ""29-9091"", ""29-9092"", ""29-9093"", ""29-9099""]",[],"[""29-9099""]","[""29-9099.00""]",[],19492.0,0.28216704288939054
10,25-34,2015,3655,31909X,B_unrated_detailed_or_child,31,1,8.0,3655,Other healthcare support workers,"[""31-9093"", ""31-9099""]",[],"[""31-9099""]","[""31-9099.00""]",[],19492.0,0.04104247896572953
10,25-34,2015,3725,331090,B_unrated_detailed_or_child,33,1,24.0,3725,"Miscellaneous first-line supervisors, protective service workers","[""33-1091"", ""33-1099""]","[""33-1099""]",[],"[""33-1099.00""]",[],19492.0,0.1231274368971886
10,25-34,2015,4020,352010,B_unrated_detailed_or_child,35,9,209.0,4020,Cooks,"[""35-2011"", ""35-2012"", ""35-2013"", ""35-2014"", ""35-2015"", ""35-2019""]","[""35-2019""]",[],"[""35-2019.00""]",[],19492.0,1.072234762979684
10,25-34,2015,4220,37201X,B_unrated_detailed_or_child,37,8,286.0,4220,Janitors and building cleaners,"[""37-2011"", ""37-2019""]","[""37-2019""]",[],"[""37-2019.00""]",[],19492.0,1.4672686230248306
10,25-34,2015,4655,399099,B_unrated_detailed_or_child,39,2,64.0,4655,"Personal care and service workers, all other","[""39-9099""]","[""39-9099""]",[],"[""39-9099.00""]",[],19492.0,0.32833983172583625
10,25-34,2015,5165,4330XX,B_unrated_detailed_or_child,43,3,66.0,5165,Other financial clerks,"[""43-3041"", ""43-3099""]","[""43-3099""]",[],"[""43-3099.00""]",[],19492.0,0.33860045146726864
10,25-34,2015,5940,439XXX,B_unrated_detailed_or_child,43,7,179.0,5940,Other office and administrative support workers,"[""43-9031"", ""43-9199""]","[""43-9199""]",[],"[""43-9199.00""]",[],19492.0,0.9183254668581983
10,25-34,2015,6050,4520XX,B_unrated_detailed_or_child,45,5,122.0,6050,Other agricultural workers,"[""45-2021"", ""45-2091"", ""45-2092"", ""45-2093"", ""45-2099""]","[""45-2099""]",[],"[""45-2099.00""]",[],19492.0,0.6258978042273753
10,25-34,2015,6765,4740XX,B_unrated_detailed_or_child,47,3,79.0,6765,Other construction and related workers,"[""47-4071"", ""47-4091"", ""47-4099""]",[],"[""47-4099""]","[""47-4099.00""]",[],19492.0,0.4052944797865791
10,25-34,2015,7640,4990XX,E_source_inconsistency,49,1,23.0,7640,"Other installation, maintenance, and repair workers","[""49-9081"", ""49-9092"", ""49-9097"", ""49-9099""]",[],"[""49-9099""]","[""49-9099.00""]","[""40-9095""]",19492.0,0.1179971270264724
10,25-34,2015,7750,5120XX,B_unrated_detailed_or_child,51,1,60.0,7750,Other assemblers and fabricators,"[""51-2011"", ""51-2051"", ""51-2061"", ""51-2092"", ""51-2099""]","[""51-2099""]",[],"[""51-2099.00""]",[],19492.0,0.3078185922429715
10,25-34,2015,7855,513099,B_unrated_detailed_or_child,51,1,14.0,7855,"Food processing workers, all other","[""51-3099""]","[""51-3099""]",[],"[""51-3099.00""]",[],19492.0,0.07182433819002668
10,25-34,2015,8225,514XXX,B_unrated_detailed_or_child,51,1,121.0,8225,Other metal workers and plastic workers,"[""51-4081"", ""51-4191"", ""51-4192"", ""51-4193"", ""51-4194"", ""51-4199""]","[""51-4199""]",[],"[""51-4199.00""]",[],19492.0,0.6207674943566591
10,25-34,2015,8630,518090,B_unrated_detailed_or_child,51,1,15.0,8630,Miscellaneous plant and system operators,"[""51-8091"", ""51-8092"", ""51-8093"", ""51-8099""]",[],"[""51-8099""]","[""51-8099.00""]",[],19492.0,0.07695464806074287
10,25-34,2015,8990,5191XX,B_unrated_detailed_or_child,51,3,23.0,8990,"Miscellaneous production workers, including equipment operators and tenders","[""51-9141"", ""51-9192"", ""51-9193"", ""51-9199""]","[""51-9199""]",[],"[""51-9199.00""]",[],19492.0,0.1179971270264724
10,25-34,2015,9005,531000,B_unrated_detailed_or_child,53,1,61.0,9005,Supervisors of transportation and material moving workers,"[""53-1041"", ""53-1042"", ""53-1043"", ""53-1044"", ""53-1049""]","[""53-1049""]",[],"[""53-1049.00""]",[],19492.0,0.31294890211368764
10,25-34,2016,0230,119030,B_unrated_detailed_or_child,11,8,133.0,0230,Education and childcare administrators,"[""11-9031"", ""11-9032"", ""11-9033"", ""11-9039""]","[""11-9039""]",[],"[""11-9039.00""]",[],19520.0,0.6813524590163934
10,25-34,2016,0440,1191XX,B_unrated_detailed_or_child,11,16,442.0,0440,Other managers,"[""11-9131"", ""11-9171"", ""11-9179"", ""11-9199""]",[],"[""11-9179"", ""11-9199""]","[""11-9179.00"", ""11-9199.00""]",[],19520.0,2.264344262295082
10,25-34,2016,0750,131199,B_unrated_detailed_or_child,13,3,44.0,0750,"Business operations specialists, all other","[""13-1199""]",[],"[""13-1199""]","[""13-1199.00""]",[],19520.0,0.22540983606557377
10,25-34,2016,0960,1320XX,B_unrated_detailed_or_child,13,1,13.0,0960,Other financial specialists,"[""13-2054"", ""13-2099""]",[],"[""13-2099""]","[""13-2099.00""]",[],19520.0,0.06659836065573771
10,25-34,2016,1108,151299,B_unrated_detailed_or_child,15,1,34.0,1108,"Computer occupations, all other","[""15-1299""]",[],"[""15-1299""]","[""15-1299.00""]",[],19520.0,0.17418032786885246
10,25-34,2016,1240,1520XX,B_unrated_detailed_or_child,15,1,43.0,1240,Other mathematical science occupations,"[""15-2021"", ""15-2041"", ""15-2051"", ""15-2099""]",[],"[""15-2099""]","[""15-2099.00""]",[],19520.0,0.22028688524590165
10,25-34,2016,1530,1721YY,B_unrated_detailed_or_child,17,6,87.0,1530,Other engineers,"[""17-2161"", ""17-2199""]",[],"[""17-2199""]","[""17-2199.00""]",[],19520.0,0.4456967213114754
10,25-34,2016,1545,17301X,B_unrated_detailed_or_child,17,1,21.0,1545,Other drafters,"[""17-3012"", ""17-3013"", ""17-3019""]","[""17-3019""]",[],"[""17-3019.00""]",[],19520.0,0.10758196721311475
10,25-34,2016,1555,17302X,B_unrated_detailed_or_child,17,2,45.0,1555,"Other engineering technologists and technicians, except drafters","[""17-3021"", ""17-3022"", ""17-3024"", ""17-3025"", ""17-3026"", ""17-3027"", ""17-3028"", ""17-3029""]",[],"[""17-3029""]","[""17-3029.00""]",[],19520.0,0.2305327868852459
10,25-34,2016,1610,191020,B_unrated_detailed_or_child,19,2,72.0,1610,Biological scientists,"[""19-1021"", ""19-1022"", ""19-1023"", ""19-1029""]",[],"[""19-1029""]","[""19-1029.00""]",[],19520.0,0.36885245901639346
10,25-34,2016,1650,1910XX,B_unrated_detailed_or_child,19,1,11.0,1650,Other life scientists,"[""19-1041"", ""19-1042"", ""19-1099""]","[""19-1099""]",[],"[""19-1099.00""]",[],19520.0,0.05635245901639344
10,25-34,2016,1760,192099,B_unrated_detailed_or_child,19,8,142.0,1760,"Physical scientists, all other","[""19-2099""]",[],"[""19-2099""]","[""19-2099.00""]",[],19520.0,0.7274590163934426
10,25-34,2016,2006,211019,B_unrated_detailed_or_child,21,1,11.0,2006,"Counselors, all other","[""21-1019""]","[""21-1019""]",[],"[""21-1019.00""]",[],19520.0,0.05635245901639344
10,25-34,2016,2014,211029,B_unrated_detailed_or_child,21,3,53.0,2014,"Social workers, all other","[""21-1029""]","[""21-1029""]",[],"[""21-1029.00""]",[],19520.0,0.27151639344262296
10,25-34,2016,2205,251000,B_unrated_detailed_or_child,25,8,102.0,2205,Postsecondary teachers,"[""25-1011"", ""25-1021"", ""25-1022"", ""25-1031"", ""25-1032"", ""25-1041"", ""25-1042"", ""25-1043"", ""25-1051"", ""25-1052"", ""25-1053"", ""25-1054"", ""25-1061"", ""25-1062"", ""25-1063"", ""25-1064"", ""25-1065"", ""25-1066"", ""25-1067"", ""25-1069"", ""25-1071"", ""25-1072"", ""25-1081"", ""25-1082"", ""25-1111"", ""25-1112"", ""25-1113"", ""25-1121"", ""25-1122"", ""25-1123"", ""25-1124"", ""25-1125"", ""25-1126"", ""25-1192"", ""25-1193"", ""25-1194"", ""25-1199""]","[""25-1069"", ""25-1199""]",[],"[""25-1069.00"", ""25-1199.00""]",[],19520.0,0.5225409836065574
10,25-34,2016,2330,252050,B_unrated_detailed_or_child,25,1,17.0,2330,Special education teachers,"[""25-2051"", ""25-2055"", ""25-2056"", ""25-2057"", ""25-2058"", ""25-2059""]",[],"[""25-2059""]","[""25-2059.00""]",[],19520.0,0.08709016393442623
10,25-34,2016,2545,259040,B_unrated_detailed_or_child,25,4,162.0,2545,Teaching assistants,"[""25-9042"", ""25-9043"", ""25-9044"", ""25-9049""]","[""25-9049""]",[],"[""25-9049.00""]",[],19520.0,0.8299180327868853
10,25-34,2016,2555,2590XX,B_unrated_detailed_or_child,25,1,7.0,2555,Other educational instruction and library workers,"[""25-9021"", ""25-9031"", ""25-9099""]","[""25-9099""]",[],"[""25-9099.00""]",[],19520.0,0.035860655737704916
10,25-34,2016,2640,27102X,B_unrated_detailed_or_child,27,3,65.0,2640,Other designers,"[""27-1027"", ""27-1029""]","[""27-1029""]",[],"[""27-1029.00""]",[],19520.0,0.33299180327868855
10,25-34,2016,3010,291020,B_unrated_detailed_or_child,29,1,13.0,3010,Dentists,"[""29-1021"", ""29-1022"", ""29-1023"", ""29-1024"", ""29-1029""]","[""29-1029""]",[],"[""29-1029.00""]",[],19520.0,0.06659836065573771
10,25-34,2016,3090,291210,B_unrated_detailed_or_child,29,5,164.0,3090,Physicians,"[""29-1211"", ""29-1212"", ""29-1213"", ""29-1214"", ""29-1215"", ""29-1216"", ""29-1217"", ""29-1218"", ""29-1221"", ""29-1222"", ""29-1223"", ""29-1224"", ""29-1229""]",[],"[""29-1229""]","[""29-1229.00""]",[],19520.0,0.8401639344262295
10,25-34,2016,3245,29112X,B_unrated_detailed_or_child,29,3,47.0,3245,Other therapists,"[""29-1128"", ""29-1129""]",[],"[""29-1129""]","[""29-1129.00""]",[],19520.0,0.24077868852459017
10,25-34,2016,3545,292090,B_unrated_detailed_or_child,29,2,34.0,3545,Miscellaneous health technologists and technicians,"[""29-2091"", ""29-2092"", ""29-2099""]",[],"[""29-2099""]","[""29-2099.00""]",[],19520.0,0.17418032786885246
10,25-34,2016,3550,299000,B_unrated_detailed_or_child,29,1,6.0,3550,Other healthcare practitioners and technical occupations,"[""29-9021"", ""29-9091"", ""29-9092"", ""29-9093"", ""29-9099""]",[],"[""29-9099""]","[""29-9099.00""]",[],19520.0,0.030737704918032786
10,25-34,2016,3655,31909X,B_unrated_detailed_or_child,31,1,14.0,3655,Other healthcare support workers,"[""31-9093"", ""31-9099""]",[],"[""31-9099""]","[""31-9099.00""]",[],19520.0,0.07172131147540983
10,25-34,2016,4020,352010,B_unrated_detailed_or_child,35,9,193.0,4020,Cooks,"[""35-2011"", ""35-2012"", ""35-2013"", ""35-2014"", ""35-2015"", ""35-2019""]","[""35-2019""]",[],"[""35-2019.00""]",[],19520.0,0.9887295081967213
10,25-34,2016,4220,37201X,B_unrated_detailed_or_child,37,9,164.0,4220,Janitors and building cleaners,"[""37-2011"", ""37-2019""]","[""37-2019""]",[],"[""37-2019.00""]",[],19520.0,0.8401639344262295
10,25-34,2016,4255,37301X,B_unrated_detailed_or_child,37,1,53.0,4255,Other grounds maintenance workers,"[""37-3012"", ""37-3019""]","[""37-3019""]",[],"[""37-3019.00""]",[],19520.0,0.27151639344262296
10,25-34,2016,4435,3930XX,B_unrated_detailed_or_child,39,1,50.0,4435,Other entertainment attendants and related workers,"[""39-3021"", ""39-3091"", ""39-3092"", ""39-3093"", ""39-3099""]","[""39-3099""]",[],"[""39-3099.00""]",[],19520.0,0.25614754098360654
10,25-34,2016,5165,4330XX,B_unrated_detailed_or_child,43,1,39.0,5165,Other financial clerks,"[""43-3041"", ""43-3099""]","[""43-3099""]",[],"[""43-3099.00""]",[],19520.0,0.19979508196721313
10,25-34,2016,5940,439XXX,B_unrated_detailed_or_child,43,4,95.0,5940,Other office and administrative support workers,"[""43-9031"", ""43-9199""]","[""43-9199""]",[],"[""43-9199.00""]",[],19520.0,0.48668032786885246
10,25-34,2016,6050,4520XX,B_unrated_detailed_or_child,45,4,99.0,6050,Other agricultural workers,"[""45-2021"", ""45-2091"", ""45-2092"", ""45-2093"", ""45-2099""]","[""45-2099""]",[],"[""45-2099.00""]",[],19520.0,0.507172131147541
10,25-34,2016,7750,5120XX,B_unrated_detailed_or_child,51,2,40.0,7750,Other assemblers and fabricators,"[""51-2011"", ""51-2051"", ""51-2061"", ""51-2092"", ""51-2099""]","[""51-2099""]",[],"[""51-2099.00""]",[],19520.0,0.20491803278688525
10,25-34,2016,7855,513099,B_unrated_detailed_or_child,51,1,25.0,7855,"Food processing workers, all other","[""51-3099""]","[""51-3099""]",[],"[""51-3099.00""]",[],19520.0,0.12807377049180327
10,25-34,2016,8225,514XXX,B_unrated_detailed_or_child,51,1,64.0,8225,Other metal workers and plastic workers,"[""51-4081"", ""51-4191"", ""51-4192"", ""51-4193"", ""51-4194"", ""51-4199""]","[""51-4199""]",[],"[""51-4199.00""]",[],19520.0,0.32786885245901637
10,25-34,2016,8990,5191XX,B_unrated_detailed_or_child,51,5,193.0,8990,"Miscellaneous production workers, including equipment operators and tenders","[""51-9141"", ""51-9192"", ""51-9193"", ""51-9199""]","[""51-9199""]",[],"[""51-9199.00""]",[],19520.0,0.9887295081967213
10,25-34,2016,9005,531000,B_unrated_detailed_or_child,53,1,29.0,9005,Supervisors of transportation and material moving workers,"[""53-1041"", ""53-1042"", ""53-1043"", ""53-1044"", ""53-1049""]","[""53-1049""]",[],"[""53-1049.00""]",[],19520.0,0.14856557377049182
10,25-34,2016,9760,5371XX,B_unrated_detailed_or_child,53,1,14.0,9760,Other material moving workers,"[""53-7121"", ""53-7199""]","[""53-7199""]",[],"[""53-7199.00""]",[],19520.0,0.07172131147540983
10,25-34,2017,0230,119030,B_unrated_detailed_or_child,11,1,30.0,0230,Education and childcare administrators,"[""11-9031"", ""11-9032"", ""11-9033"", ""11-9039""]","[""11-9039""]",[],"[""11-9039.00""]",[],20007.0,0.149947518368571
10,25-34,2017,0440,1191XX,B_unrated_detailed_or_child,11,11,230.0,0440,Other managers,"[""11-9131"", ""11-9171"", ""11-9179"", ""11-9199""]",[],"[""11-9179"", ""11-9199""]","[""11-9179.00"", ""11-9199.00""]",[],20007.0,1.149597640825711
10,25-34,2017,0750,131199,B_unrated_detailed_or_child,13,3,60.0,0750,"Business operations specialists, all other","[""13-1199""]",[],"[""13-1199""]","[""13-1199.00""]",[],20007.0,0.299895036737142
10,25-34,2017,0960,1320XX,B_unrated_detailed_or_child,13,1,29.0,0960,Other financial specialists,"[""13-2054"", ""13-2099""]",[],"[""13-2099""]","[""13-2099.00""]",[],20007.0,0.1449492677562853
10,25-34,2017,1108,151299,B_unrated_detailed_or_child,15,5,76.0,1108,"Computer occupations, all other","[""15-1299""]",[],"[""15-1299""]","[""15-1299.00""]",[],20007.0,0.3798670465337132
10,25-34,2017,1530,1721YY,B_unrated_detailed_or_child,17,6,140.0,1530,Other engineers,"[""17-2161"", ""17-2199""]",[],"[""17-2199""]","[""17-2199.00""]",[],20007.0,0.699755085719998
10,25-34,2017,1545,17301X,B_unrated_detailed_or_child,17,2,28.0,1545,Other drafters,"[""17-3012"", ""17-3013"", ""17-3019""]","[""17-3019""]",[],"[""17-3019.00""]",[],20007.0,0.1399510171439996
10,25-34,2017,1610,191020,B_unrated_detailed_or_child,19,1,24.0,1610,Biological scientists,"[""19-1021"", ""19-1022"", ""19-1023"", ""19-1029""]",[],"[""19-1029""]","[""19-1029.00""]",[],20007.0,0.1199580146948568
10,25-34,2017,1760,192099,B_unrated_detailed_or_child,19,2,48.0,1760,"Physical scientists, all other","[""19-2099""]",[],"[""19-2099""]","[""19-2099.00""]",[],20007.0,0.2399160293897136
10,25-34,2017,1970,1940YY,B_unrated_detailed_or_child,19,1,14.0,1970,"Other life, physical, and social science technicians","[""19-4061"", ""19-4071"", ""19-4092"", ""19-4099""]",[],"[""19-4099""]","[""19-4099.00""]",[],20007.0,0.0699755085719998
10,25-34,2017,2006,211019,B_unrated_detailed_or_child,21,3,182.0,2006,"Counselors, all other","[""21-1019""]","[""21-1019""]",[],"[""21-1019.00""]",[],20007.0,0.9096816114359974
10,25-34,2017,2014,211029,B_unrated_detailed_or_child,21,4,108.0,2014,"Social workers, all other","[""21-1029""]","[""21-1029""]",[],"[""21-1029.00""]",[],20007.0,0.5398110661268556
10,25-34,2017,2205,251000,B_unrated_detailed_or_child,25,24,468.0,2205,Postsecondary teachers,"[""25-1011"", ""25-1021"", ""25-1022"", ""25-1031"", ""25-1032"", ""25-1041"", ""25-1042"", ""25-1043"", ""25-1051"", ""25-1052"", ""25-1053"", ""25-1054"", ""25-1061"", ""25-1062"", ""25-1063"", ""25-1064"", ""25-1065"", ""25-1066"", ""25-1067"", ""25-1069"", ""25-1071"", ""25-1072"", ""25-1081"", ""25-1082"", ""25-1111"", ""25-1112"", ""25-1113"", ""25-1121"", ""25-1122"", ""25-1123"", ""25-1124"", ""25-1125"", ""25-1126"", ""25-1192"", ""25-1193"", ""25-1194"", ""25-1199""]","[""25-1069"", ""25-1199""]",[],"[""25-1069.00"", ""25-1199.00""]",[],20007.0,2.3391812865497075
10,25-34,2017,2330,252050,B_unrated_detailed_or_child,25,4,75.0,2330,Special education teachers,"[""25-2051"", ""25-2055"", ""25-2056"", ""25-2057"", ""25-2058"", ""25-2059""]",[],"[""25-2059""]","[""25-2059.00""]",[],20007.0,0.3748687959214275
10,25-34,2017,2360,2530XX,B_unrated_detailed_or_child,25,1,41.0,2360,Other teachers and instructors,"[""25-3011"", ""25-3021"", ""25-3031"", ""25-3099""]","[""25-3099""]",[],"[""25-3099.00""]",[],20007.0,0.2049282751037137
10,25-34,2017,2545,259040,B_unrated_detailed_or_child,25,4,154.0,2545,Teaching assistants,"[""25-9042"", ""25-9043"", ""25-9044"", ""25-9049""]","[""25-9049""]",[],"[""25-9049.00""]",[],20007.0,0.7697305942919977
10,25-34,2017,2600,271010,B_unrated_detailed_or_child,27,3,108.0,2600,Artists and related workers,"[""27-1011"", ""27-1012"", ""27-1013"", ""27-1014"", ""27-1019""]","[""27-1019""]",[],"[""27-1019.00""]",[],20007.0,0.5398110661268556
10,25-34,2017,2640,27102X,B_unrated_detailed_or_child,27,1,45.0,2640,Other designers,"[""27-1027"", ""27-1029""]","[""27-1029""]",[],"[""27-1029.00""]",[],20007.0,0.2249212775528565
10,25-34,2017,3010,291020,B_unrated_detailed_or_child,29,1,6.0,3010,Dentists,"[""29-1021"", ""29-1022"", ""29-1023"", ""29-1024"", ""29-1029""]","[""29-1029""]",[],"[""29-1029.00""]",[],20007.0,0.0299895036737142
10,25-34,2017,3090,291210,B_unrated_detailed_or_child,29,2,52.0,3090,Physicians,"[""29-1211"", ""29-1212"", ""29-1213"", ""29-1214"", ""29-1215"", ""29-1216"", ""29-1217"", ""29-1218"", ""29-1221"", ""29-1222"", ""29-1223"", ""29-1224"", ""29-1229""]",[],"[""29-1229""]","[""29-1229.00""]",[],20007.0,0.2599090318388564
10,25-34,2017,3100,291240,B_unrated_detailed_or_child,29,1,8.0,3100,Surgeons,"[""29-1241"", ""29-1242"", ""29-1243"", ""29-1249""]","[""29-1249""]",[],"[""29-1249.00""]",[],20007.0,0.0399860048982856
10,25-34,2017,3245,29112X,B_unrated_detailed_or_child,29,3,82.0,3245,Other therapists,"[""29-1128"", ""29-1129""]",[],"[""29-1129""]","[""29-1129.00""]",[],20007.0,0.4098565502074274
10,25-34,2017,4020,352010,B_unrated_detailed_or_child,35,3,191.0,4020,Cooks,"[""35-2011"", ""35-2012"", ""35-2013"", ""35-2014"", ""35-2015"", ""35-2019""]","[""35-2019""]",[],"[""35-2019.00""]",[],20007.0,0.9546658669465687
10,25-34,2017,4220,37201X,B_unrated_detailed_or_child,37,4,142.0,4220,Janitors and building cleaners,"[""37-2011"", ""37-2019""]","[""37-2019""]",[],"[""37-2019.00""]",[],20007.0,0.7097515869445694
10,25-34,2017,4255,37301X,B_unrated_detailed_or_child,37,1,14.0,4255,Other grounds maintenance workers,"[""37-3012"", ""37-3019""]","[""37-3019""]",[],"[""37-3019.00""]",[],20007.0,0.0699755085719998
10,25-34,2017,4400,393010,B_unrated_detailed_or_child,39,2,50.0,4400,Gambling services workers,"[""39-3011"", ""39-3012"", ""39-3019""]","[""39-3019""]",[],"[""39-3019.00""]",[],20007.0,0.249912530614285
10,25-34,2017,4435,3930XX,B_unrated_detailed_or_child,39,1,16.0,4435,Other entertainment attendants and related workers,"[""39-3021"", ""39-3091"", ""39-3092"", ""39-3093"", ""39-3099""]","[""39-3099""]",[],"[""39-3099.00""]",[],20007.0,0.0799720097965712
10,25-34,2017,5165,4330XX,B_unrated_detailed_or_child,43,5,98.0,5165,Other financial clerks,"[""43-3041"", ""43-3099""]","[""43-3099""]",[],"[""43-3099.00""]",[],20007.0,0.4898285600039986
10,25-34,2017,5940,439XXX,B_unrated_detailed_or_child,43,2,64.0,5940,Other office and administrative support workers,"[""43-9031"", ""43-9199""]","[""43-9199""]",[],"[""43-9199.00""]",[],20007.0,0.3198880391862848
10,25-34,2017,6050,4520XX,B_unrated_detailed_or_child,45,8,150.0,6050,Other agricultural workers,"[""45-2021"", ""45-2091"", ""45-2092"", ""45-2093"", ""45-2099""]","[""45-2099""]",[],"[""45-2099.00""]",[],20007.0,0.749737591842855
10,25-34,2017,7750,5120XX,B_unrated_detailed_or_child,51,2,27.0,7750,Other assemblers and fabricators,"[""51-2011"", ""51-2051"", ""51-2061"", ""51-2092"", ""51-2099""]","[""51-2099""]",[],"[""51-2099.00""]",[],20007.0,0.1349527665317139
10,25-34,2017,7855,513099,B_unrated_detailed_or_child,51,2,115.0,7855,"Food processing workers, all other","[""51-3099""]","[""51-3099""]",[],"[""51-3099.00""]",[],20007.0,0.5747988204128555
10,25-34,2017,8465,51609X,B_unrated_detailed_or_child,51,1,30.0,8465,"Other textile, apparel, and furnishings workers","[""51-6091"", ""51-6092"", ""51-6099""]","[""51-6099""]",[],"[""51-6099.00""]",[],20007.0,0.149947518368571
10,25-34,2017,8990,5191XX,B_unrated_detailed_or_child,51,6,112.0,8990,"Miscellaneous production workers, including equipment operators and tenders","[""51-9141"", ""51-9192"", ""51-9193"", ""51-9199""]","[""51-9199""]",[],"[""51-9199.00""]",[],20007.0,0.5598040685759984
10,25-34,2017,9760,5371XX,B_unrated_detailed_or_child,53,1,15.0,9760,Other material moving workers,"[""53-7121"", ""53-7199""]","[""53-7199""]",[],"[""53-7199.00""]",[],20007.0,0.0749737591842855
10,25-34,2018,0230,119030,B_unrated_detailed_or_child,11,4,102.0,0230,Education and childcare administrators,"[""11-9031"", ""11-9032"", ""11-9033"", ""11-9039""]","[""11-9039""]",[],"[""11-9039.00""]",[],20788.0,0.4906676928997499
10,25-34,2018,0440,1191XX,B_unrated_detailed_or_child,11,17,395.0,0440,Other managers,"[""11-9131"", ""11-9171"", ""11-9179"", ""11-9199""]",[],"[""11-9179"", ""11-9199""]","[""11-9179.00"", ""11-9199.00""]",[],20788.0,1.9001346930921685
10,25-34,2018,0750,131199,B_unrated_detailed_or_child,13,1,29.0,0750,"Business operations specialists, all other","[""13-1199""]",[],"[""13-1199""]","[""13-1199.00""]",[],20788.0,0.1395035597460073
10,25-34,2018,0960,1320XX,B_unrated_detailed_or_child,13,2,26.0,0960,Other financial specialists,"[""13-2054"", ""13-2099""]",[],"[""13-2099""]","[""13-2099.00""]",[],20788.0,0.12507215701366173
10,25-34,2018,1108,151299,B_unrated_detailed_or_child,15,3,89.0,1108,"Computer occupations, all other","[""15-1299""]",[],"[""15-1299""]","[""15-1299.00""]",[],20788.0,0.42813161439291897
10,25-34,2018,1240,1520XX,B_unrated_detailed_or_child,15,1,8.0,1240,Other mathematical science occupations,"[""15-2021"", ""15-2041"", ""15-2051"", ""15-2099""]",[],"[""15-2099""]","[""15-2099.00""]",[],20788.0,0.03848374061958822
10,25-34,2018,1530,1721YY,B_unrated_detailed_or_child,17,3,119.0,1530,Other engineers,"[""17-2161"", ""17-2199""]",[],"[""17-2199""]","[""17-2199.00""]",[],20788.0,0.5724456417163748
10,25-34,2018,1545,17301X,B_unrated_detailed_or_child,17,3,122.0,1545,Other drafters,"[""17-3012"", ""17-3013"", ""17-3019""]","[""17-3019""]",[],"[""17-3019.00""]",[],20788.0,0.5868770444487205
10,25-34,2018,1555,17302X,B_unrated_detailed_or_child,17,4,50.0,1555,"Other engineering technologists and technicians, except drafters","[""17-3021"", ""17-3022"", ""17-3024"", ""17-3025"", ""17-3026"", ""17-3027"", ""17-3028"", ""17-3029""]",[],"[""17-3029""]","[""17-3029.00""]",[],20788.0,0.2405233788724264
10,25-34,2018,1650,1910XX,B_unrated_detailed_or_child,19,2,41.0,1650,Other life scientists,"[""19-1041"", ""19-1042"", ""19-1099""]","[""19-1099""]",[],"[""19-1099.00""]",[],20788.0,0.19722917067538964
10,25-34,2018,1760,192099,B_unrated_detailed_or_child,19,2,65.0,1760,"Physical scientists, all other","[""19-2099""]",[],"[""19-2099""]","[""19-2099.00""]",[],20788.0,0.3126803925341543
10,25-34,2018,1970,1940YY,B_unrated_detailed_or_child,19,4,78.0,1970,"Other life, physical, and social science technicians","[""19-4061"", ""19-4071"", ""19-4092"", ""19-4099""]",[],"[""19-4099""]","[""19-4099.00""]",[],20788.0,0.3752164710409852
10,25-34,2018,2006,211019,B_unrated_detailed_or_child,21,3,142.0,2006,"Counselors, all other","[""21-1019""]","[""21-1019""]",[],"[""21-1019.00""]",[],20788.0,0.6830863959976909
10,25-34,2018,2014,211029,B_unrated_detailed_or_child,21,4,92.0,2014,"Social workers, all other","[""21-1029""]","[""21-1029""]",[],"[""21-1029.00""]",[],20788.0,0.4425630171252646
10,25-34,2018,2025,21109X,B_unrated_detailed_or_child,21,1,80.0,2025,Other community and social service specialists,"[""21-1091"", ""21-1094"", ""21-1099""]","[""21-1099""]",[],"[""21-1099.00""]",[],20788.0,0.38483740619588225
10,25-34,2018,2180,232099,B_unrated_detailed_or_child,23,2,46.0,2180,"Legal support workers, all other","[""23-2099""]","[""23-2099""]",[],"[""23-2099.00""]",[],20788.0,0.2212815085626323
10,25-34,2018,2205,251000,B_unrated_detailed_or_child,25,12,263.0,2205,Postsecondary teachers,"[""25-1011"", ""25-1021"", ""25-1022"", ""25-1031"", ""25-1032"", ""25-1041"", ""25-1042"", ""25-1043"", ""25-1051"", ""25-1052"", ""25-1053"", ""25-1054"", ""25-1061"", ""25-1062"", ""25-1063"", ""25-1064"", ""25-1065"", ""25-1066"", ""25-1067"", ""25-1069"", ""25-1071"", ""25-1072"", ""25-1081"", ""25-1082"", ""25-1111"", ""25-1112"", ""25-1113"", ""25-1121"", ""25-1122"", ""25-1123"", ""25-1124"", ""25-1125"", ""25-1126"", ""25-1192"", ""25-1193"", ""25-1194"", ""25-1199""]","[""25-1069"", ""25-1199""]",[],"[""25-1069.00"", ""25-1199.00""]",[],20788.0,1.2651529728689628
10,25-34,2018,2360,2530XX,B_unrated_detailed_or_child,25,4,92.0,2360,Other teachers and instructors,"[""25-3011"", ""25-3021"", ""25-3031"", ""25-3099""]","[""25-3099""]",[],"[""25-3099.00""]",[],20788.0,0.4425630171252646
10,25-34,2018,2545,259040,B_unrated_detailed_or_child,25,8,342.0,2545,Teaching assistants,"[""25-9042"", ""25-9043"", ""25-9044"", ""25-9049""]","[""25-9049""]",[],"[""25-9049.00""]",[],20788.0,1.6451799114873966
10,25-34,2018,2600,271010,B_unrated_detailed_or_child,27,1,53.0,2600,Artists and related workers,"[""27-1011"", ""27-1012"", ""27-1013"", ""27-1014"", ""27-1019""]","[""27-1019""]",[],"[""27-1019.00""]",[],20788.0,0.254954781604772
10,25-34,2018,2640,27102X,B_unrated_detailed_or_child,27,3,227.0,2640,Other designers,"[""27-1027"", ""27-1029""]","[""27-1029""]",[],"[""27-1029.00""]",[],20788.0,1.091976140080816
10,25-34,2018,2905,2740XX,B_unrated_detailed_or_child,27,1,9.0,2905,Other media and communication equipment workers,"[""27-4011"", ""27-4012"", ""27-4014"", ""27-4015"", ""27-4099""]","[""27-4099""]",[],"[""27-4099.00""]",[],20788.0,0.04329420819703675
10,25-34,2018,3090,291210,B_unrated_detailed_or_child,29,4,56.0,3090,Physicians,"[""29-1211"", ""29-1212"", ""29-1213"", ""29-1214"", ""29-1215"", ""29-1216"", ""29-1217"", ""29-1218"", ""29-1221"", ""29-1222"", ""29-1223"", ""29-1224"", ""29-1229""]",[],"[""29-1229""]","[""29-1229.00""]",[],20788.0,0.2693861843371176
10,25-34,2018,3245,29112X,B_unrated_detailed_or_child,29,1,18.0,3245,Other therapists,"[""29-1128"", ""29-1129""]",[],"[""29-1129""]","[""29-1129.00""]",[],20788.0,0.0865884163940735
10,25-34,2018,3655,31909X,B_unrated_detailed_or_child,31,1,26.0,3655,Other healthcare support workers,"[""31-9093"", ""31-9099""]",[],"[""31-9099""]","[""31-9099.00""]",[],20788.0,0.12507215701366173
10,25-34,2018,4020,352010,B_unrated_detailed_or_child,35,15,560.0,4020,Cooks,"[""35-2011"", ""35-2012"", ""35-2013"", ""35-2014"", ""35-2015"", ""35-2019""]","[""35-2019""]",[],"[""35-2019.00""]",[],20788.0,2.6938618433711756
10,25-34,2018,4220,37201X,B_unrated_detailed_or_child,37,8,288.0,4220,Janitors and building cleaners,"[""37-2011"", ""37-2019""]","[""37-2019""]",[],"[""37-2019.00""]",[],20788.0,1.385414662305176
10,25-34,2018,4655,399099,B_unrated_detailed_or_child,39,1,46.0,4655,"Personal care and service workers, all other","[""39-9099""]","[""39-9099""]",[],"[""39-9099.00""]",[],20788.0,0.2212815085626323
10,25-34,2018,4965,419099,B_unrated_detailed_or_child,41,1,7.0,4965,"Sales and related workers, all other","[""41-9099""]","[""41-9099""]",[],"[""41-9099.00""]",[],20788.0,0.0336732730421397
10,25-34,2018,5420,434YYY,B_unrated_detailed_or_child,43,3,68.0,5420,Other information and records clerks,"[""43-4011"", ""43-4199""]","[""43-4199""]",[],"[""43-4199.00""]",[],20788.0,0.3271117952664999
10,25-34,2018,5940,439XXX,B_unrated_detailed_or_child,43,2,24.0,5940,Other office and administrative support workers,"[""43-9031"", ""43-9199""]","[""43-9199""]",[],"[""43-9199.00""]",[],20788.0,0.11545122185876468
10,25-34,2018,6050,4520XX,B_unrated_detailed_or_child,45,3,91.0,6050,Other agricultural workers,"[""45-2021"", ""45-2091"", ""45-2092"", ""45-2093"", ""45-2099""]","[""45-2099""]",[],"[""45-2099.00""]",[],20788.0,0.43775254954781606
10,25-34,2018,7750,5120XX,B_unrated_detailed_or_child,51,2,128.0,7750,Other assemblers and fabricators,"[""51-2011"", ""51-2051"", ""51-2061"", ""51-2092"", ""51-2099""]","[""51-2099""]",[],"[""51-2099.00""]",[],20788.0,0.6157398499134116
10,25-34,2018,8225,514XXX,B_unrated_detailed_or_child,51,2,62.0,8225,Other metal workers and plastic workers,"[""51-4081"", ""51-4191"", ""51-4192"", ""51-4193"", ""51-4194"", ""51-4199""]","[""51-4199""]",[],"[""51-4199.00""]",[],20788.0,0.29824898980180875
10,25-34,2018,8990,5191XX,B_unrated_detailed_or_child,51,7,132.0,8990,"Miscellaneous production workers, including equipment operators and tenders","[""51-9141"", ""51-9192"", ""51-9193"", ""51-9199""]","[""51-9199""]",[],"[""51-9199.00""]",[],20788.0,0.6349817202232056
10,25-34,2018,9005,531000,B_unrated_detailed_or_child,53,4,206.0,9005,Supervisors of transportation and material moving workers,"[""53-1041"", ""53-1042"", ""53-1043"", ""53-1044"", ""53-1049""]","[""53-1049""]",[],"[""53-1049.00""]",[],20788.0,0.9909563209543968
10,25-34,2018,9150,533099,B_unrated_detailed_or_child,53,1,44.0,9150,"Motor vehicle operators, all other","[""53-3099""]","[""53-3099""]",[],"[""53-3099.00""]",[],20788.0,0.21166057340773523
10,25-34,2019,0230,119030,B_unrated_detailed_or_child,11,1,4.0,0230,Education and childcare administrators,"[""11-9031"", ""11-9032"", ""11-9033"", ""11-9039""]","[""11-9039""]",[],"[""11-9039.00""]",[],20666.0,0.019355463079454176
10,25-34,2019,0440,1191XX,B_unrated_detailed_or_child,11,18,378.0,0440,Other managers,"[""11-9131"", ""11-9171"", ""11-9179"", ""11-9199""]",[],"[""11-9179"", ""11-9199""]","[""11-9179.00"", ""11-9199.00""]",[],20666.0,1.8290912610084196
10,25-34,2019,0750,131199,B_unrated_detailed_or_child,13,1,8.0,0750,"Business operations specialists, all other","[""13-1199""]",[],"[""13-1199""]","[""13-1199.00""]",[],20666.0,0.03871092615890835
10,25-34,2019,0960,1320XX,B_unrated_detailed_or_child,13,4,45.0,0960,Other financial specialists,"[""13-2054"", ""13-2099""]",[],"[""13-2099""]","[""13-2099.00""]",[],20666.0,0.21774895964385949
10,25-34,2019,1108,151299,B_unrated_detailed_or_child,15,4,72.0,1108,"Computer occupations, all other","[""15-1299""]",[],"[""15-1299""]","[""15-1299.00""]",[],20666.0,0.3483983354301752
10,25-34,2019,1240,1520XX,B_unrated_detailed_or_child,15,4,142.0,1240,Other mathematical science occupations,"[""15-2021"", ""15-2041"", ""15-2051"", ""15-2099""]",[],"[""15-2099""]","[""15-2099.00""]",[],20666.0,0.6871189393206233
10,25-34,2019,1530,1721YY,B_unrated_detailed_or_child,17,7,219.0,1530,Other engineers,"[""17-2161"", ""17-2199""]",[],"[""17-2199""]","[""17-2199.00""]",[],20666.0,1.0597116036001162
10,25-34,2019,1555,17302X,B_unrated_detailed_or_child,17,1,28.0,1555,"Other engineering technologists and technicians, except drafters","[""17-3021"", ""17-3022"", ""17-3024"", ""17-3025"", ""17-3026"", ""17-3027"", ""17-3028"", ""17-3029""]",[],"[""17-3029""]","[""17-3029.00""]",[],20666.0,0.13548824155617922
10,25-34,2019,1650,1910XX,B_unrated_detailed_or_child,19,4,112.0,1650,Other life scientists,"[""19-1041"", ""19-1042"", ""19-1099""]","[""19-1099""]",[],"[""19-1099.00""]",[],20666.0,0.5419529662247169
10,25-34,2019,1760,192099,B_unrated_detailed_or_child,19,3,110.0,1760,"Physical scientists, all other","[""19-2099""]",[],"[""19-2099""]","[""19-2099.00""]",[],20666.0,0.5322752346849898
10,25-34,2019,1825,19303X,B_unrated_detailed_or_child,19,2,66.0,1825,Other psychologists,"[""19-3032"", ""19-3039""]",[],"[""19-3039""]","[""19-3039.00""]",[],20666.0,0.31936514081099393
10,25-34,2019,1970,1940YY,B_unrated_detailed_or_child,19,1,51.0,1970,"Other life, physical, and social science technicians","[""19-4061"", ""19-4071"", ""19-4092"", ""19-4099""]",[],"[""19-4099""]","[""19-4099.00""]",[],20666.0,0.24678215426304073
10,25-34,2019,2014,211029,B_unrated_detailed_or_child,21,2,47.0,2014,"Social workers, all other","[""21-1029""]","[""21-1029""]",[],"[""21-1029.00""]",[],20666.0,0.22742669118358658
10,25-34,2019,2205,251000,B_unrated_detailed_or_child,25,15,356.0,2205,Postsecondary teachers,"[""25-1011"", ""25-1021"", ""25-1022"", ""25-1031"", ""25-1032"", ""25-1041"", ""25-1042"", ""25-1043"", ""25-1051"", ""25-1052"", ""25-1053"", ""25-1054"", ""25-1061"", ""25-1062"", ""25-1063"", ""25-1064"", ""25-1065"", ""25-1066"", ""25-1067"", ""25-1069"", ""25-1071"", ""25-1072"", ""25-1081"", ""25-1082"", ""25-1111"", ""25-1112"", ""25-1113"", ""25-1121"", ""25-1122"", ""25-1123"", ""25-1124"", ""25-1125"", ""25-1126"", ""25-1192"", ""25-1193"", ""25-1194"", ""25-1199""]","[""25-1069"", ""25-1199""]",[],"[""25-1069.00"", ""25-1199.00""]",[],20666.0,1.7226362140714218
10,25-34,2019,2330,252050,B_unrated_detailed_or_child,25,7,95.0,2330,Special education teachers,"[""25-2051"", ""25-2055"", ""25-2056"", ""25-2057"", ""25-2058"", ""25-2059""]",[],"[""25-2059""]","[""25-2059.00""]",[],20666.0,0.4596922481370367
10,25-34,2019,2545,259040,B_unrated_detailed_or_child,25,6,198.0,2545,Teaching assistants,"[""25-9042"", ""25-9043"", ""25-9044"", ""25-9049""]","[""25-9049""]",[],"[""25-9049.00""]",[],20666.0,0.9580954224329817
10,25-34,2019,2555,2590XX,B_unrated_detailed_or_child,25,1,11.0,2555,Other educational instruction and library workers,"[""25-9021"", ""25-9031"", ""25-9099""]","[""25-9099""]",[],"[""25-9099.00""]",[],20666.0,0.05322752346849898
10,25-34,2019,2640,27102X,B_unrated_detailed_or_child,27,1,5.0,2640,Other designers,"[""27-1027"", ""27-1029""]","[""27-1029""]",[],"[""27-1029.00""]",[],20666.0,0.02419432884931772
10,25-34,2019,2865,273099,B_unrated_detailed_or_child,27,1,8.0,2865,"Media and communication workers, all other","[""27-3099""]","[""27-3099""]",[],"[""27-3099.00""]",[],20666.0,0.03871092615890835
10,25-34,2019,3010,291020,B_unrated_detailed_or_child,29,2,17.0,3010,Dentists,"[""29-1021"", ""29-1022"", ""29-1023"", ""29-1024"", ""29-1029""]","[""29-1029""]",[],"[""29-1029.00""]",[],20666.0,0.08226071808768025
10,25-34,2019,3090,291210,B_unrated_detailed_or_child,29,4,35.0,3090,Physicians,"[""29-1211"", ""29-1212"", ""29-1213"", ""29-1214"", ""29-1215"", ""29-1216"", ""29-1217"", ""29-1218"", ""29-1221"", ""29-1222"", ""29-1223"", ""29-1224"", ""29-1229""]",[],"[""29-1229""]","[""29-1229.00""]",[],20666.0,0.16936030194522403
10,25-34,2019,3245,29112X,B_unrated_detailed_or_child,29,2,54.0,3245,Other therapists,"[""29-1128"", ""29-1129""]",[],"[""29-1129""]","[""29-1129.00""]",[],20666.0,0.2612987515726314
10,25-34,2019,3545,292090,B_unrated_detailed_or_child,29,4,180.0,3545,Miscellaneous health technologists and technicians,"[""29-2091"", ""29-2092"", ""29-2099""]",[],"[""29-2099""]","[""29-2099.00""]",[],20666.0,0.8709958385754379
10,25-34,2019,3550,299000,B_unrated_detailed_or_child,29,1,11.0,3550,Other healthcare practitioners and technical occupations,"[""29-9021"", ""29-9091"", ""29-9092"", ""29-9093"", ""29-9099""]",[],"[""29-9099""]","[""29-9099.00""]",[],20666.0,0.05322752346849898
10,25-34,2019,3725,331090,B_unrated_detailed_or_child,33,1,22.0,3725,"Miscellaneous first-line supervisors, protective service workers","[""33-1091"", ""33-1099""]","[""33-1099""]",[],"[""33-1099.00""]",[],20666.0,0.10645504693699796
10,25-34,2019,4020,352010,B_unrated_detailed_or_child,35,9,146.0,4020,Cooks,"[""35-2011"", ""35-2012"", ""35-2013"", ""35-2014"", ""35-2015"", ""35-2019""]","[""35-2019""]",[],"[""35-2019.00""]",[],20666.0,0.7064744024000774
10,25-34,2019,4220,37201X,B_unrated_detailed_or_child,37,14,347.0,4220,Janitors and building cleaners,"[""37-2011"", ""37-2019""]","[""37-2019""]",[],"[""37-2019.00""]",[],20666.0,1.6790864221426498
10,25-34,2019,4655,399099,B_unrated_detailed_or_child,39,3,71.0,4655,"Personal care and service workers, all other","[""39-9099""]","[""39-9099""]",[],"[""39-9099.00""]",[],20666.0,0.34355946966031164
10,25-34,2019,5165,4330XX,B_unrated_detailed_or_child,43,2,91.0,5165,Other financial clerks,"[""43-3041"", ""43-3099""]","[""43-3099""]",[],"[""43-3099.00""]",[],20666.0,0.4403367850575825
10,25-34,2019,5420,434YYY,B_unrated_detailed_or_child,43,1,8.0,5420,Other information and records clerks,"[""43-4011"", ""43-4199""]","[""43-4199""]",[],"[""43-4199.00""]",[],20666.0,0.03871092615890835
10,25-34,2019,5940,439XXX,B_unrated_detailed_or_child,43,7,195.0,5940,Other office and administrative support workers,"[""43-9031"", ""43-9199""]","[""43-9199""]",[],"[""43-9199.00""]",[],20666.0,0.9435788251233911
10,25-34,2019,6050,4520XX,B_unrated_detailed_or_child,45,7,166.0,6050,Other agricultural workers,"[""45-2021"", ""45-2091"", ""45-2092"", ""45-2093"", ""45-2099""]","[""45-2099""]",[],"[""45-2099.00""]",[],20666.0,0.8032517177973483
10,25-34,2019,7430,499060,B_unrated_detailed_or_child,49,1,10.0,7430,Precision instrument and equipment repairers,"[""49-9061"", ""49-9062"", ""49-9063"", ""49-9064"", ""49-9069""]","[""49-9069""]",[],"[""49-9069.00""]",[],20666.0,0.04838865769863544
10,25-34,2019,7750,5120XX,B_unrated_detailed_or_child,51,2,40.0,7750,Other assemblers and fabricators,"[""51-2011"", ""51-2051"", ""51-2061"", ""51-2092"", ""51-2099""]","[""51-2099""]",[],"[""51-2099.00""]",[],20666.0,0.19355463079454177
10,25-34,2019,8225,514XXX,B_unrated_detailed_or_child,51,4,112.0,8225,Other metal workers and plastic workers,"[""51-4081"", ""51-4191"", ""51-4192"", ""51-4193"", ""51-4194"", ""51-4199""]","[""51-4199""]",[],"[""51-4199.00""]",[],20666.0,0.5419529662247169
10,25-34,2019,8630,518090,B_unrated_detailed_or_child,51,1,14.0,8630,Miscellaneous plant and system operators,"[""51-8091"", ""51-8092"", ""51-8093"", ""51-8099""]",[],"[""51-8099""]","[""51-8099.00""]",[],20666.0,0.06774412077808961
10,25-34,2019,8990,5191XX,B_unrated_detailed_or_child,51,5,156.0,8990,"Miscellaneous production workers, including equipment operators and tenders","[""51-9141"", ""51-9192"", ""51-9193"", ""51-9199""]","[""51-9199""]",[],"[""51-9199.00""]",[],20666.0,0.7548630600987128
10,25-34,2019,9005,531000,B_unrated_detailed_or_child,53,2,53.0,9005,Supervisors of transportation and material moving workers,"[""53-1041"", ""53-1042"", ""53-1043"", ""53-1044"", ""53-1049""]","[""53-1049""]",[],"[""53-1049.00""]",[],20666.0,0.25645988580276785
10,25-34,2019,9150,533099,B_unrated_detailed_or_child,53,1,35.0,9150,"Motor vehicle operators, all other","[""53-3099""]","[""53-3099""]",[],"[""53-3099.00""]",[],20666.0,0.16936030194522403
10,25-34,2019,9430,5360XX,B_unrated_detailed_or_child,53,1,28.0,9430,Other transportation workers,"[""53-6011"", ""53-6041"", ""53-6099""]","[""53-6099""]",[],"[""53-6099.00""]",[],20666.0,0.13548824155617922
10,25-34,pooled,0230,119030,B_unrated_detailed_or_child,11,17,328.0,0230,Education and childcare administrators,"[""11-9031"", ""11-9032"", ""11-9033"", ""11-9039""]","[""11-9039""]",[],"[""11-9039.00""]",[],100473.0,0.3264558637643944
10,25-34,pooled,0440,1191XX,B_unrated_detailed_or_child,11,77,1727.0,0440,Other managers,"[""11-9131"", ""11-9171"", ""11-9179"", ""11-9199""]",[],"[""11-9179"", ""11-9199""]","[""11-9179.00"", ""11-9199.00""]",[],100473.0,1.7188697461009426
10,25-34,pooled,0750,131199,B_unrated_detailed_or_child,13,10,177.0,0750,"Business operations specialists, all other","[""13-1199""]",[],"[""13-1199""]","[""13-1199.00""]",[],100473.0,0.17616673136066405
10,25-34,pooled,0960,1320XX,B_unrated_detailed_or_child,13,8,113.0,0960,Other financial specialists,"[""13-2054"", ""13-2099""]",[],"[""13-2099""]","[""13-2099.00""]",[],100473.0,0.11246802623590417
10,25-34,pooled,1108,151299,B_unrated_detailed_or_child,15,17,405.0,1108,"Computer occupations, all other","[""15-1299""]",[],"[""15-1299""]","[""15-1299.00""]",[],100473.0,0.40309336836762116
10,25-34,pooled,1240,1520XX,B_unrated_detailed_or_child,15,8,279.0,1240,Other mathematical science occupations,"[""15-2021"", ""15-2041"", ""15-2051"", ""15-2099""]",[],"[""15-2099""]","[""15-2099.00""]",[],100473.0,0.2776865426532501
10,25-34,pooled,1530,1721YY,B_unrated_detailed_or_child,17,25,765.0,1530,Other engineers,"[""17-2161"", ""17-2199""]",[],"[""17-2199""]","[""17-2199.00""]",[],100473.0,0.7613985846943955
10,25-34,pooled,1545,17301X,B_unrated_detailed_or_child,17,6,171.0,1545,Other drafters,"[""17-3012"", ""17-3013"", ""17-3019""]","[""17-3019""]",[],"[""17-3019.00""]",[],100473.0,0.17019497775521783
10,25-34,pooled,1555,17302X,B_unrated_detailed_or_child,17,9,239.0,1555,"Other engineering technologists and technicians, except drafters","[""17-3021"", ""17-3022"", ""17-3024"", ""17-3025"", ""17-3026"", ""17-3027"", ""17-3028"", ""17-3029""]",[],"[""17-3029""]","[""17-3029.00""]",[],100473.0,0.2378748519502752
10,25-34,pooled,1610,191020,B_unrated_detailed_or_child,19,5,131.0,1610,Biological scientists,"[""19-1021"", ""19-1022"", ""19-1023"", ""19-1029""]",[],"[""19-1029""]","[""19-1029.00""]",[],100473.0,0.1303832870522429
10,25-34,pooled,1650,1910XX,B_unrated_detailed_or_child,19,7,164.0,1650,Other life scientists,"[""19-1041"", ""19-1042"", ""19-1099""]","[""19-1099""]",[],"[""19-1099.00""]",[],100473.0,0.1632279318821972
10,25-34,pooled,1760,192099,B_unrated_detailed_or_child,19,18,402.0,1760,"Physical scientists, all other","[""19-2099""]",[],"[""19-2099""]","[""19-2099.00""]",[],100473.0,0.40010749156489805
10,25-34,pooled,1825,19303X,B_unrated_detailed_or_child,19,4,132.0,1825,Other psychologists,"[""19-3032"", ""19-3039""]",[],"[""19-3039""]","[""19-3039.00""]",[],100473.0,0.13137857931981725
10,25-34,pooled,1970,1940YY,B_unrated_detailed_or_child,19,8,177.0,1970,"Other life, physical, and social science technicians","[""19-4061"", ""19-4071"", ""19-4092"", ""19-4099""]",[],"[""19-4099""]","[""19-4099.00""]",[],100473.0,0.17616673136066405
10,25-34,pooled,2006,211019,B_unrated_detailed_or_child,21,10,399.0,2006,"Counselors, all other","[""21-1019""]","[""21-1019""]",[],"[""21-1019.00""]",[],100473.0,0.3971216147621749
10,25-34,pooled,2014,211029,B_unrated_detailed_or_child,21,18,373.0,2014,"Social workers, all other","[""21-1029""]","[""21-1029""]",[],"[""21-1029.00""]",[],100473.0,0.3712440158052412
10,25-34,pooled,2025,21109X,B_unrated_detailed_or_child,21,2,97.0,2025,Other community and social service specialists,"[""21-1091"", ""21-1094"", ""21-1099""]","[""21-1099""]",[],"[""21-1099.00""]",[],100473.0,0.0965433499547142
10,25-34,pooled,2180,232099,B_unrated_detailed_or_child,23,2,46.0,2180,"Legal support workers, all other","[""23-2099""]","[""23-2099""]",[],"[""23-2099.00""]",[],100473.0,0.04578344430842117
10,25-34,pooled,2205,251000,B_unrated_detailed_or_child,25,65,1314.0,2205,Postsecondary teachers,"[""25-1011"", ""25-1021"", ""25-1022"", ""25-1031"", ""25-1032"", ""25-1041"", ""25-1042"", ""25-1043"", ""25-1051"", ""25-1052"", ""25-1053"", ""25-1054"", ""25-1061"", ""25-1062"", ""25-1063"", ""25-1064"", ""25-1065"", ""25-1066"", ""25-1067"", ""25-1069"", ""25-1071"", ""25-1072"", ""25-1081"", ""25-1082"", ""25-1111"", ""25-1112"", ""25-1113"", ""25-1121"", ""25-1122"", ""25-1123"", ""25-1124"", ""25-1125"", ""25-1126"", ""25-1192"", ""25-1193"", ""25-1194"", ""25-1199""]","[""25-1069"", ""25-1199""]",[],"[""25-1069.00"", ""25-1199.00""]",[],100473.0,1.3078140395927265
10,25-34,pooled,2330,252050,B_unrated_detailed_or_child,25,14,205.0,2330,Special education teachers,"[""25-2051"", ""25-2055"", ""25-2056"", ""25-2057"", ""25-2058"", ""25-2059""]",[],"[""25-2059""]","[""25-2059.00""]",[],100473.0,0.2040349148527465
10,25-34,pooled,2360,2530XX,B_unrated_detailed_or_child,25,8,207.0,2360,Other teachers and instructors,"[""25-3011"", ""25-3021"", ""25-3031"", ""25-3099""]","[""25-3099""]",[],"[""25-3099.00""]",[],100473.0,0.20602549938789524
10,25-34,pooled,2545,259040,B_unrated_detailed_or_child,25,28,1016.0,2545,Teaching assistants,"[""25-9042"", ""25-9043"", ""25-9044"", ""25-9049""]","[""25-9049""]",[],"[""25-9049.00""]",[],100473.0,1.0112169438555632
10,25-34,pooled,2555,2590XX,B_unrated_detailed_or_child,25,2,18.0,2555,Other educational instruction and library workers,"[""25-9021"", ""25-9031"", ""25-9099""]","[""25-9099""]",[],"[""25-9099.00""]",[],100473.0,0.017915260816338718
10,25-34,pooled,2600,271010,B_unrated_detailed_or_child,27,4,161.0,2600,Artists and related workers,"[""27-1011"", ""27-1012"", ""27-1013"", ""27-1014"", ""27-1019""]","[""27-1019""]",[],"[""27-1019.00""]",[],100473.0,0.1602420550794741
10,25-34,pooled,2640,27102X,B_unrated_detailed_or_child,27,11,385.0,2640,Other designers,"[""27-1027"", ""27-1029""]","[""27-1029""]",[],"[""27-1029.00""]",[],100473.0,0.3831875230161337
10,25-34,pooled,2865,273099,B_unrated_detailed_or_child,27,1,8.0,2865,"Media and communication workers, all other","[""27-3099""]","[""27-3099""]",[],"[""27-3099.00""]",[],100473.0,0.007962338140594986
10,25-34,pooled,2905,2740XX,B_unrated_detailed_or_child,27,1,9.0,2905,Other media and communication equipment workers,"[""27-4011"", ""27-4012"", ""27-4014"", ""27-4015"", ""27-4099""]","[""27-4099""]",[],"[""27-4099.00""]",[],100473.0,0.008957630408169359
10,25-34,pooled,3010,291020,B_unrated_detailed_or_child,29,4,36.0,3010,Dentists,"[""29-1021"", ""29-1022"", ""29-1023"", ""29-1024"", ""29-1029""]","[""29-1029""]",[],"[""29-1029.00""]",[],100473.0,0.035830521632677435
10,25-34,pooled,3090,291210,B_unrated_detailed_or_child,29,20,443.0,3090,Physicians,"[""29-1211"", ""29-1212"", ""29-1213"", ""29-1214"", ""29-1215"", ""29-1216"", ""29-1217"", ""29-1218"", ""29-1221"", ""29-1222"", ""29-1223"", ""29-1224"", ""29-1229""]",[],"[""29-1229""]","[""29-1229.00""]",[],100473.0,0.44091447453544735
10,25-34,pooled,3100,291240,B_unrated_detailed_or_child,29,1,8.0,3100,Surgeons,"[""29-1241"", ""29-1242"", ""29-1243"", ""29-1249""]","[""29-1249""]",[],"[""29-1249.00""]",[],100473.0,0.007962338140594986
10,25-34,pooled,3245,29112X,B_unrated_detailed_or_child,29,9,201.0,3245,Other therapists,"[""29-1128"", ""29-1129""]",[],"[""29-1129""]","[""29-1129.00""]",[],100473.0,0.20005374578244903
10,25-34,pooled,3545,292090,B_unrated_detailed_or_child,29,8,258.0,3545,Miscellaneous health technologists and technicians,"[""29-2091"", ""29-2092"", ""29-2099""]",[],"[""29-2099""]","[""29-2099.00""]",[],100473.0,0.2567854050341883
10,25-34,pooled,3550,299000,B_unrated_detailed_or_child,29,3,72.0,3550,Other healthcare practitioners and technical occupations,"[""29-9021"", ""29-9091"", ""29-9092"", ""29-9093"", ""29-9099""]",[],"[""29-9099""]","[""29-9099.00""]",[],100473.0,0.07166104326535487
10,25-34,pooled,3655,31909X,B_unrated_detailed_or_child,31,3,48.0,3655,Other healthcare support workers,"[""31-9093"", ""31-9099""]",[],"[""31-9099""]","[""31-9099.00""]",[],100473.0,0.04777402884356991
10,25-34,pooled,3725,331090,B_unrated_detailed_or_child,33,2,46.0,3725,"Miscellaneous first-line supervisors, protective service workers","[""33-1091"", ""33-1099""]","[""33-1099""]",[],"[""33-1099.00""]",[],100473.0,0.04578344430842117
10,25-34,pooled,4020,352010,B_unrated_detailed_or_child,35,45,1299.0,4020,Cooks,"[""35-2011"", ""35-2012"", ""35-2013"", ""35-2014"", ""35-2015"", ""35-2019""]","[""35-2019""]",[],"[""35-2019.00""]",[],100473.0,1.2928846555791107
10,25-34,pooled,4220,37201X,B_unrated_detailed_or_child,37,43,1227.0,4220,Janitors and building cleaners,"[""37-2011"", ""37-2019""]","[""37-2019""]",[],"[""37-2019.00""]",[],100473.0,1.2212236123137559
10,25-34,pooled,4255,37301X,B_unrated_detailed_or_child,37,2,67.0,4255,Other grounds maintenance workers,"[""37-3012"", ""37-3019""]","[""37-3019""]",[],"[""37-3019.00""]",[],100473.0,0.066684581927483
10,25-34,pooled,4400,393010,B_unrated_detailed_or_child,39,2,50.0,4400,Gambling services workers,"[""39-3011"", ""39-3012"", ""39-3019""]","[""39-3019""]",[],"[""39-3019.00""]",[],100473.0,0.04976461337871866
10,25-34,pooled,4435,3930XX,B_unrated_detailed_or_child,39,2,66.0,4435,Other entertainment attendants and related workers,"[""39-3021"", ""39-3091"", ""39-3092"", ""39-3093"", ""39-3099""]","[""39-3099""]",[],"[""39-3099.00""]",[],100473.0,0.06568928965990863
10,25-34,pooled,4655,399099,B_unrated_detailed_or_child,39,6,181.0,4655,"Personal care and service workers, all other","[""39-9099""]","[""39-9099""]",[],"[""39-9099.00""]",[],100473.0,0.18014790043096154
10,25-34,pooled,4965,419099,B_unrated_detailed_or_child,41,1,7.0,4965,"Sales and related workers, all other","[""41-9099""]","[""41-9099""]",[],"[""41-9099.00""]",[],100473.0,0.006967045873020612
10,25-34,pooled,5165,4330XX,B_unrated_detailed_or_child,43,11,294.0,5165,Other financial clerks,"[""43-3041"", ""43-3099""]","[""43-3099""]",[],"[""43-3099.00""]",[],100473.0,0.2926159266668657
10,25-34,pooled,5420,434YYY,B_unrated_detailed_or_child,43,4,76.0,5420,Other information and records clerks,"[""43-4011"", ""43-4199""]","[""43-4199""]",[],"[""43-4199.00""]",[],100473.0,0.07564221233565237
10,25-34,pooled,5940,439XXX,B_unrated_detailed_or_child,43,22,557.0,5940,Other office and administrative support workers,"[""43-9031"", ""43-9199""]","[""43-9199""]",[],"[""43-9199.00""]",[],100473.0,0.5543777930389259
10,25-34,pooled,6050,4520XX,B_unrated_detailed_or_child,45,27,628.0,6050,Other agricultural workers,"[""45-2021"", ""45-2091"", ""45-2092"", ""45-2093"", ""45-2099""]","[""45-2099""]",[],"[""45-2099.00""]",[],100473.0,0.6250435440367064
10,25-34,pooled,6765,4740XX,B_unrated_detailed_or_child,47,3,79.0,6765,Other construction and related workers,"[""47-4071"", ""47-4091"", ""47-4099""]",[],"[""47-4099""]","[""47-4099.00""]",[],100473.0,0.07862808913837549
10,25-34,pooled,7430,499060,B_unrated_detailed_or_child,49,1,10.0,7430,Precision instrument and equipment repairers,"[""49-9061"", ""49-9062"", ""49-9063"", ""49-9064"", ""49-9069""]","[""49-9069""]",[],"[""49-9069.00""]",[],100473.0,0.009952922675743733
10,25-34,pooled,7640,4990XX,E_source_inconsistency,49,1,23.0,7640,"Other installation, maintenance, and repair workers","[""49-9081"", ""49-9092"", ""49-9097"", ""49-9099""]",[],"[""49-9099""]","[""49-9099.00""]","[""40-9095""]",100473.0,0.022891722154210585
10,25-34,pooled,7750,5120XX,B_unrated_detailed_or_child,51,9,295.0,7750,Other assemblers and fabricators,"[""51-2011"", ""51-2051"", ""51-2061"", ""51-2092"", ""51-2099""]","[""51-2099""]",[],"[""51-2099.00""]",[],100473.0,0.2936112189344401
10,25-34,pooled,7855,513099,B_unrated_detailed_or_child,51,4,154.0,7855,"Food processing workers, all other","[""51-3099""]","[""51-3099""]",[],"[""51-3099.00""]",[],100473.0,0.15327500920645348
10,25-34,pooled,8225,514XXX,B_unrated_detailed_or_child,51,8,359.0,8225,Other metal workers and plastic workers,"[""51-4081"", ""51-4191"", ""51-4192"", ""51-4193"", ""51-4194"", ""51-4199""]","[""51-4199""]",[],"[""51-4199.00""]",[],100473.0,0.3573099240592
10,25-34,pooled,8465,51609X,B_unrated_detailed_or_child,51,1,30.0,8465,"Other textile, apparel, and furnishings workers","[""51-6091"", ""51-6092"", ""51-6099""]","[""51-6099""]",[],"[""51-6099.00""]",[],100473.0,0.029858768027231197
10,25-34,pooled,8630,518090,B_unrated_detailed_or_child,51,2,29.0,8630,Miscellaneous plant and system operators,"[""51-8091"", ""51-8092"", ""51-8093"", ""51-8099""]",[],"[""51-8099""]","[""51-8099.00""]",[],100473.0,0.028863475759656823
10,25-34,pooled,8990,5191XX,B_unrated_detailed_or_child,51,26,616.0,8990,"Miscellaneous production workers, including equipment operators and tenders","[""51-9141"", ""51-9192"", ""51-9193"", ""51-9199""]","[""51-9199""]",[],"[""51-9199.00""]",[],100473.0,0.6131000368258139
10,25-34,pooled,9005,531000,B_unrated_detailed_or_child,53,8,349.0,9005,Supervisors of transportation and material moving workers,"[""53-1041"", ""53-1042"", ""53-1043"", ""53-1044"", ""53-1049""]","[""53-1049""]",[],"[""53-1049.00""]",[],100473.0,0.34735700138345627
10,25-34,pooled,9150,533099,B_unrated_detailed_or_child,53,2,79.0,9150,"Motor vehicle operators, all other","[""53-3099""]","[""53-3099""]",[],"[""53-3099.00""]",[],100473.0,0.07862808913837549
10,25-34,pooled,9430,5360XX,B_unrated_detailed_or_child,53,1,28.0,9430,Other transportation workers,"[""53-6011"", ""53-6041"", ""53-6099""]","[""53-6099""]",[],"[""53-6099.00""]",[],100473.0,0.02786818349208245
10,25-34,pooled,9760,5371XX,B_unrated_detailed_or_child,53,2,29.0,9760,Other material moving workers,"[""53-7121"", ""53-7199""]","[""53-7199""]",[],"[""53-7199.00""]",[],100473.0,0.028863475759656823
